{"type":"FeatureCollection","features":[{"type":"Feature","properties":{"name":"Ackley","county":"Hardin","type":"city"},"geometry":{"type":"Polygon","coordinates":[[[-93.06601,42.56399],[-93.06119,42.56399],[-93.06122,42.5658],[-93.05635,42.56585],[-93.05635,42.56398],[-93.0269,42.56408],[-93.02693,42.56228],[-93.04164,42.55812],[-93.04165,42.55679],[-93.04065,42.55679],[-93.04064,42.5507],[-93.04166,42.5507],[-93.04167,42.54344],[-93.04649,42.54352],[-93.04635,42.53626],[-93.066,42.53674],[-93.06601,42.56399]]]}},{"type":"Feature","properties":{"name":"Ackworth","county":"Warren","type":"city"},"geometry":{"type":"Polygon","coordinates":[[[-93.48144,41.3678],[-93.47658,41.36774],[-93.47657,41.37137],[-93.46665,41.37121],[-93.46692,41.35667],[-93.47665,41.35683],[-93.4766,41.36637],[-93.48142,41.36419],[-93.48144,41.3678]]]}},{"type":"Feature","properties":{"name":"Adair","county":"Adair","type":"city"},"geometry":{"type":"Polygon","coordinates":[[[-94.65784,41.48958],[-94.65783,41.51125],[-94.62903,41.5112],[-94.62909,41.48964],[-94.65784,41.48958]]]}},{"type":"Feature","properties":{"name":"Adel","county":"Dallas","type":"city"},"geometry":{"type":"Polygon","coordinates":[[[-94.05247,41.60668],[-94.04766,41.60789],[-94.04766,41.61109],[-94.0465,41.61003],[-94.0473,41.61002],[-94.0473,41.60799],[-94.04222,41.60962],[-94.04213,41.62572],[-94.02762,41.62564],[-94.02761,41.63034],[-94.02511,41.62608],[-94.02134,41.6239],[-94.01925,41.6245],[-94.01784,41.62351],[-94.0151,41.62303],[-94.01408,41.62206],[-94.00837,41.62211],[-94.0084,41.61668],[-94.01201,41.61669],[-94.01246,41.61488],[-94.01169,41.61589],[-94.00783,41.61613],[-94.00286,41.61706],[-93.99527,41.61744],[-93.9953,41.61852],[-93.99878,41.61881],[-93.99873,41.62215],[-93.98908,41.62207],[-93.99023,41.62179],[-93.98907,41.61938],[-93.98911,41.61485],[-93.98447,41.61482],[-93.98145,41.61639],[-93.97801,41.61697],[-93.97449,41.61649],[-93.97448,41.61848],[-93.9696,41.61847],[-93.96991,41.61461],[-93.95999,41.61466],[-93.96001,41.61688],[-93.96481,41.61684],[-93.96481,41.61845],[-93.95055,41.61877],[-93.95054,41.61462],[-93.95999,41.61427],[-93.96001,41.60759],[-93.96963,41.6076],[-93.96962,41.61125],[-93.97935,41.61121],[-93.97928,41.60764],[-93.98897,41.60759],[-93.98904,41.61115],[-93.9909,41.61075],[-93.99076,41.60851],[-93.99169,41.60759],[-93.9945,41.60759],[-93.99502,41.6089],[-93.99796,41.60978],[-94.00123,41.60959],[-94.00519,41.61014],[-94.00815,41.6128],[-94.00816,41.61416],[-94.01209,41.61428],[-94.00837,41.61216],[-94.00836,41.6108],[-94.00644,41.60971],[-94.00343,41.6094],[-94.00343,41.60815],[-94.00817,41.60825],[-94.00828,41.60492],[-94.00539,41.60493],[-94.00536,41.60395],[-94.00178,41.60395],[-93.99781,41.60254],[-93.99778,41.60052],[-93.99966,41.60035],[-94.00086,41.60156],[-94.0049,41.60298],[-94.00761,41.60298],[-94.00626,41.60038],[-94.00571,41.59624],[-94.00232,41.5923],[-93.99879,41.58618],[-94.00281,41.5861],[-94.00278,41.58261],[-94.00756,41.58261],[-94.00761,41.58597],[-94.01279,41.58604],[-94.01276,41.59774],[-94.01304,41.60033],[-94.03072,41.60034],[-94.0308,41.59871],[-94.03204,41.5985],[-94.03205,41.59998],[-94.04766,41.60034],[-94.04766,41.60216],[-94.05249,41.60219],[-94.05247,41.60668]]]}},{"type":"Feature","properties":{"name":"Afton","county":"Union","type":"city"},"geometry":{"type":"Polygon","coordinates":[[[-94.20475,41.03468],[-94.20216,41.03468],[-94.20279,41.03727],[-94.19997,41.03468],[-94.18566,41.03468],[-94.18569,41.02029],[-94.20465,41.0202],[-94.20475,41.03468]]]}},{"type":"Feature","properties":{"name":"Agency","county":"Wapello","type":"city"},"geometry":{"type":"Polygon","coordinates":[[[-92.31452,41.00246],[-92.30012,41.00241],[-92.30006,40.99152],[-92.31441,40.99154],[-92.31452,41.00246]]]}},{"type":"Feature","properties":{"name":"Ainsworth","county":"Washington","type":"city"},"geometry":{"type":"Polygon","coordinates":[[[-91.56151,41.29422],[-91.55957,41.29374],[-91.5473,41.29361],[-91.54733,41.28636],[-91.56164,41.28647],[-91.56151,41.29422]]]}},{"type":"Feature","properties":{"name":"Akron","county":"Plymouth","type":"city"},"geometry":{"type":"Polygon","coordinates":[[[-96.56454,42.82245],[-96.56674,42.82244],[-96.56671,42.83173],[-96.56561,42.83043],[-96.56306,42.83105],[-96.56284,42.83631],[-96.56057,42.83937],[-96.55858,42.83949],[-96.55616,42.83667],[-96.55399,42.83603],[-96.55209,42.83606],[-96.55081,42.83729],[-96.54723,42.83714],[-96.54707,42.82269],[-96.5558,42.82251],[-96.55521,42.82204],[-96.55341,42.81925],[-96.54968,42.81927],[-96.54972,42.8183],[-96.55039,42.81771],[-96.55119,42.81764],[-96.55194,42.81798],[-96.55252,42.8178],[-96.55133,42.81588],[-96.56825,42.81572],[-96.56454,42.82245]]]}},{"type":"Feature","properties":{"name":"Albert City","county":"Buena Vista","type":"city"},"geometry":{"type":"Polygon","coordinates":[[[-94.95326,42.7924],[-94.95031,42.79238],[-94.9482,42.78709],[-94.94669,42.78526],[-94.94622,42.78917],[-94.94343,42.78916],[-94.94342,42.7779],[-94.94515,42.77789],[-94.94468,42.77679],[-94.94832,42.77678],[-94.94829,42.77065],[-94.95324,42.77066],[-94.95326,42.7924]]]}},{"type":"Feature","properties":{"name":"Albia","county":"Monroe","type":"city"},"geometry":{"type":"Polygon","coordinates":[[[-92.82141,41.02714],[-92.82169,41.03755],[-92.81214,41.03755],[-92.81219,41.04118],[-92.80283,41.04128],[-92.80293,41.04486],[-92.79351,41.04495],[-92.79442,41.04155],[-92.79488,41.03766],[-92.78853,41.03769],[-92.78839,41.03039],[-92.78358,41.03043],[-92.78354,41.02309],[-92.7906,41.02303],[-92.79056,41.01548],[-92.7976,41.01537],[-92.79752,41.01206],[-92.80898,41.01213],[-92.80885,41.00846],[-92.80908,41.00731],[-92.80801,41.0066],[-92.80702,41.0049],[-92.80698,41.00116],[-92.81344,41.00113],[-92.80982,41.00567],[-92.81659,41.00568],[-92.8166,41.00842],[-92.81182,41.00839],[-92.81195,41.01067],[-92.81336,41.01068],[-92.81371,41.01206],[-92.81664,41.01206],[-92.81663,41.01576],[-92.81424,41.01576],[-92.81425,41.01751],[-92.81189,41.0175],[-92.81191,41.02071],[-92.81383,41.02175],[-92.81667,41.02231],[-92.81754,41.02416],[-92.81672,41.02627],[-92.82059,41.02328],[-92.82313,41.02445],[-92.82141,41.02714]]]}},{"type":"Feature","properties":{"name":"Albion","county":"Marshall","type":"city"},"geometry":{"type":"Polygon","coordinates":[[[-92.99589,42.11827],[-92.98128,42.11851],[-92.98129,42.1068],[-92.9958,42.10653],[-92.99589,42.11827]]]}},{"type":"Feature","properties":{"name":"Alburnett","county":"Linn","type":"city"},"geometry":{"type":"Polygon","coordinates":[[[-91.62846,42.1563],[-91.62326,42.15673],[-91.61348,42.15673],[-91.61375,42.14215],[-91.6196,42.14217],[-91.61874,42.13851],[-91.62855,42.13852],[-91.62219,42.1458],[-91.62411,42.14582],[-91.62404,42.14948],[-91.62873,42.14948],[-91.62846,42.1563]]]}},{"type":"Feature","properties":{"name":"Alden","county":"Hardin","type":"city"},"geometry":{"type":"Polygon","coordinates":[[[-93.42637,42.49992],[-93.38095,42.50391],[-93.38092,42.51421],[-93.38283,42.51424],[-93.38118,42.51579],[-93.38356,42.51746],[-93.38291,42.52137],[-93.38101,42.52076],[-93.38112,42.52435],[-93.37984,42.52388],[-93.37983,42.52532],[-93.36521,42.52527],[-93.3647,42.50688],[-93.36826,42.50688],[-93.36979,42.50602],[-93.36976,42.50325],[-93.38095,42.50351],[-93.38095,42.4997],[-93.39103,42.49983],[-93.39108,42.50287],[-93.41778,42.50022],[-93.41956,42.49647],[-93.4228,42.49442],[-93.42288,42.49285],[-93.4263,42.49283],[-93.42637,42.49992]]]}},{"type":"Feature","properties":{"name":"Alexander","county":"Franklin","type":"city"},"geometry":{"type":"Polygon","coordinates":[[[-93.49872,42.81966],[-93.45859,42.81954],[-93.45859,42.78914],[-93.49872,42.78936],[-93.49872,42.81966]]]}},{"type":"Feature","properties":{"name":"Algona","county":"Kossuth","type":"city"},"geometry":{"type":"Polygon","coordinates":[[[-94.28191,43.08292],[-94.26629,43.08288],[-94.2663,43.08434],[-94.25131,43.0833],[-94.25132,43.0854],[-94.24664,43.08538],[-94.24662,43.08644],[-94.23916,43.08642],[-94.23927,43.09039],[-94.23674,43.09043],[-94.23707,43.08642],[-94.20237,43.08642],[-94.2023,43.08453],[-94.19984,43.08453],[-94.19975,43.08107],[-94.19833,43.08107],[-94.19833,43.08283],[-94.19733,43.08282],[-94.19739,43.07726],[-94.20232,43.07706],[-94.20394,43.0763],[-94.20411,43.06785],[-94.20749,43.06735],[-94.20749,43.06661],[-94.21226,43.0667],[-94.21237,43.05945],[-94.22525,43.05968],[-94.22279,43.05734],[-94.22407,43.05725],[-94.22411,43.05543],[-94.22712,43.05547],[-94.22711,43.05682],[-94.22956,43.05674],[-94.23106,43.05969],[-94.23488,43.05969],[-94.23828,43.06118],[-94.24066,43.06158],[-94.24138,43.06057],[-94.24548,43.06174],[-94.24467,43.06325],[-94.25463,43.06333],[-94.24934,43.06687],[-94.24659,43.06771],[-94.24697,43.07364],[-94.24476,43.07411],[-94.2466,43.07412],[-94.24667,43.08283],[-94.24773,43.08207],[-94.25128,43.08284],[-94.25128,43.07783],[-94.25716,43.07785],[-94.25718,43.08005],[-94.25234,43.08009],[-94.25235,43.08164],[-94.25719,43.08165],[-94.25719,43.08285],[-94.26556,43.08287],[-94.2663,43.08233],[-94.26628,43.07442],[-94.26373,43.07441],[-94.26372,43.07318],[-94.26628,43.07414],[-94.26629,43.07276],[-94.26762,43.07362],[-94.27672,43.07363],[-94.27673,43.07952],[-94.28191,43.08292]]]}},{"type":"Feature","properties":{"name":"Alleman","county":"Polk","type":"city"},"geometry":{"type":"Polygon","coordinates":[[[-93.63911,41.82032],[-93.6294,41.82032],[-93.62938,41.82394],[-93.62101,41.82393],[-93.61961,41.82199],[-93.61967,41.82754],[-93.59543,41.82759],[-93.59548,41.80516],[-93.59869,41.80512],[-93.60033,41.80341],[-93.60034,41.79851],[-93.61014,41.79854],[-93.61019,41.80577],[-93.62473,41.80582],[-93.62465,41.81214],[-93.63436,41.81306],[-93.63924,41.81306],[-93.63911,41.82032]]]}},{"type":"Feature","properties":{"name":"Allerton","county":"Wayne","type":"city"},"geometry":{"type":"Polygon","coordinates":[[[-93.37948,40.69936],[-93.37933,40.71564],[-93.36263,40.71565],[-93.36035,40.71538],[-93.36031,40.71382],[-93.35772,40.71381],[-93.35794,40.70299],[-93.36272,40.70296],[-93.36276,40.69938],[-93.37948,40.69936]]]}},{"type":"Feature","properties":{"name":"Allison","county":"Butler","type":"city"},"geometry":{"type":"Polygon","coordinates":[[[-92.80999,42.76657],[-92.78149,42.76656],[-92.78129,42.73746],[-92.8101,42.73751],[-92.80999,42.76657]]]}},{"type":"Feature","properties":{"name":"Alta","county":"Buena Vista","type":"city"},"geometry":{"type":"Polygon","coordinates":[[[-95.31393,42.68028],[-95.29918,42.68023],[-95.29915,42.67665],[-95.29283,42.67665],[-95.29282,42.67485],[-95.29431,42.67485],[-95.29429,42.66579],[-95.29928,42.66577],[-95.29932,42.66215],[-95.30916,42.66211],[-95.30911,42.66574],[-95.3139,42.66584],[-95.31393,42.68028]]]}},{"type":"Feature","properties":{"name":"Alta Vista","county":"Chickasaw","type":"city"},"geometry":{"type":"Polygon","coordinates":[[[-92.42695,43.1912],[-92.42676,43.20217],[-92.40707,43.20213],[-92.40704,43.19119],[-92.42695,43.1912]]]}},{"type":"Feature","properties":{"name":"Alton","county":"Sioux","type":"city"},"geometry":{"type":"MultiPolygon","coordinates":[[[[-96.0024,43.00104],[-95.99776,43.00102],[-96.00083,42.99821],[-96.00244,42.99787],[-96.0024,43.00104]]],[[[-96.02724,42.99446],[-96.01729,42.99392],[-96.01723,42.9974],[-96.01522,42.99739],[-96.0161,43.0002],[-96.01723,43.0002],[-96.01722,43.00319],[-96.01231,43.00318],[-96.01231,42.9986],[-96.01472,42.99739],[-96.0074,42.9974],[-96.0074,42.99814],[-96.0036,42.99956],[-96.00386,42.99775],[-96.00441,42.9974],[-95.99784,42.99732],[-95.99745,42.97531],[-96.01743,42.97528],[-96.01749,42.98258],[-96.022,42.98248],[-96.02191,42.9872],[-96.01848,42.98717],[-96.01739,42.9881],[-96.01844,42.98936],[-96.02728,42.98993],[-96.02724,42.99446]]]]}},{"type":"Feature","properties":{"name":"Altoona","county":"Polk","type":"city"},"geometry":{"type":"Polygon","coordinates":[[[-93.52234,41.67311],[-93.51271,41.67306],[-93.51277,41.68027],[-93.50314,41.68024],[-93.50311,41.67661],[-93.48366,41.67649],[-93.48362,41.67358],[-93.48482,41.67288],[-93.48361,41.66927],[-93.47884,41.66931],[-93.47877,41.66233],[-93.46456,41.66697],[-93.46457,41.66583],[-93.46143,41.66584],[-93.45728,41.6692],[-93.44518,41.67126],[-93.44521,41.64779],[-93.44098,41.64775],[-93.44034,41.64415],[-93.43686,41.64414],[-93.43686,41.6424],[-93.43553,41.6424],[-93.43551,41.63328],[-93.44517,41.63328],[-93.44519,41.63689],[-93.45487,41.63636],[-93.45482,41.63398],[-93.45969,41.63396],[-93.45967,41.63144],[-93.45845,41.62963],[-93.44514,41.62967],[-93.44509,41.6188],[-93.45955,41.61881],[-93.45952,41.61515],[-93.4547,41.61514],[-93.45451,41.6079],[-93.46949,41.60789],[-93.46948,41.60847],[-93.47113,41.60789],[-93.47432,41.60789],[-93.47427,41.61876],[-93.47908,41.61871],[-93.47904,41.62234],[-93.47425,41.62235],[-93.47419,41.63503],[-93.4764,41.63502],[-93.47638,41.63684],[-93.48377,41.63683],[-93.48373,41.6427],[-93.48598,41.64086],[-93.48837,41.63799],[-93.49226,41.63207],[-93.49308,41.62959],[-93.50011,41.6296],[-93.50265,41.63323],[-93.5032,41.63323],[-93.5032,41.6342],[-93.5073,41.64044],[-93.50899,41.64453],[-93.51138,41.64788],[-93.51489,41.65141],[-93.51989,41.65861],[-93.52228,41.65861],[-93.52104,41.66025],[-93.52239,41.66043],[-93.52234,41.67311]]]}},{"type":"Feature","properties":{"name":"Alvord","county":"Lyon","type":"city"},"geometry":{"type":"Polygon","coordinates":[[[-96.3135,43.34589],[-96.29363,43.346],[-96.29395,43.3377],[-96.30239,43.33772],[-96.3024,43.33573],[-96.30395,43.33573],[-96.30373,43.33773],[-96.31377,43.3377],[-96.3135,43.34589]]]}},{"type":"Feature","properties":{"name":"Amana","county":"Iowa","type":"community"},"geometry":{"type":"Polygon","coordinates":[[[-91.88432,41.80345],[-91.88417,41.81419],[-91.87216,41.81413],[-91.87259,41.80722],[-91.87316,41.80514],[-91.86892,41.80291],[-91.86576,41.80243],[-91.86652,41.80141],[-91.86494,41.79946],[-91.86307,41.7996],[-91.85959,41.79717],[-91.86427,41.7953],[-91.87506,41.79393],[-91.87505,41.79634],[-91.87926,41.79703],[-91.88044,41.79682],[-91.88265,41.80065],[-91.88586,41.80288],[-91.88432,41.80345]]]}},{"type":"Feature","properties":{"name":"Ames","county":"Story","type":"city"},"geometry":{"type":"Polygon","coordinates":[[[-93.69872,42.02997],[-93.68623,42.02992],[-93.68603,42.02649],[-93.68838,42.02645],[-93.68837,42.02309],[-93.68469,42.02328],[-93.68473,42.02831],[-93.68604,42.02832],[-93.68605,42.03006],[-93.68829,42.03004],[-93.68822,42.03451],[-93.69599,42.03455],[-93.69708,42.03893],[-93.68356,42.03746],[-93.68356,42.03771],[-93.67145,42.03654],[-93.6715,42.03812],[-93.66895,42.03813],[-93.66892,42.04535],[-93.66401,42.04536],[-93.66399,42.04758],[-93.65912,42.04758],[-93.6592,42.05623],[-93.65628,42.05624],[-93.65809,42.05724],[-93.65922,42.05693],[-93.66103,42.05794],[-93.66677,42.05785],[-93.66815,42.06144],[-93.66414,42.06165],[-93.66415,42.06347],[-93.66899,42.06346],[-93.66902,42.06969],[-93.66678,42.06901],[-93.66672,42.07079],[-93.65937,42.07072],[-93.65934,42.06708],[-93.66094,42.06708],[-93.66094,42.06591],[-93.65934,42.0653],[-93.65932,42.06345],[-93.64772,42.06352],[-93.64314,42.0574],[-93.64897,42.06588],[-93.64942,42.06711],[-93.64949,42.07612],[-93.64486,42.0761],[-93.64486,42.07791],[-93.62692,42.07794],[-93.62703,42.07548],[-93.62551,42.07555],[-93.6255,42.07363],[-93.62218,42.07238],[-93.62339,42.06706],[-93.62404,42.06173],[-93.62201,42.06174],[-93.62185,42.0613],[-93.62015,42.06129],[-93.61975,42.06342],[-93.6158,42.06341],[-93.61573,42.05829],[-93.61788,42.05831],[-93.61633,42.05628],[-93.61428,42.0571],[-93.61369,42.05505],[-93.61524,42.05295],[-93.61227,42.05213],[-93.61196,42.05114],[-93.61078,42.05114],[-93.61073,42.04935],[-93.60346,42.04917],[-93.6034,42.04578],[-93.59611,42.04574],[-93.60058,42.04543],[-93.60057,42.03909],[-93.59606,42.03905],[-93.59683,42.03701],[-93.59598,42.03448],[-93.58915,42.03447],[-93.58906,42.0361],[-93.58641,42.03609],[-93.58639,42.04891],[-93.58152,42.04891],[-93.58149,42.05423],[-93.57031,42.05409],[-93.57035,42.04174],[-93.56052,42.04181],[-93.56055,42.0346],[-93.55443,42.03463],[-93.55438,42.03062],[-93.52157,42.02902],[-93.52142,42.02313],[-93.52625,42.02311],[-93.52622,42.01226],[-93.53107,42.01224],[-93.53108,42.01592],[-93.54581,42.01582],[-93.54581,42.01433],[-93.54085,42.01435],[-93.54254,42.0124],[-93.54254,42.00899],[-93.55076,42.00898],[-93.55073,42.01581],[-93.57183,42.01563],[-93.57171,42.01267],[-93.57251,42.00985],[-93.57575,42.0078],[-93.58116,42.00734],[-93.58119,42.00664],[-93.57973,42.00673],[-93.57971,42.0052],[-93.58112,42.00518],[-93.58116,42.00393],[-93.59086,42.00582],[-93.59421,42.00563],[-93.59378,42.0039],[-93.59114,41.99887],[-93.59146,41.99739],[-93.59561,41.99739],[-93.59558,41.98603],[-93.61122,41.98601],[-93.61163,41.98932],[-93.61749,41.98927],[-93.6189,41.99017],[-93.61983,41.98779],[-93.61983,41.9793],[-93.62361,41.9793],[-93.62447,41.97494],[-93.62944,41.97599],[-93.62948,41.9804],[-93.62795,41.98037],[-93.62809,41.98655],[-93.6462,41.98658],[-93.64895,41.98319],[-93.64899,41.98659],[-93.65385,41.9866],[-93.65395,41.99382],[-93.66493,41.99386],[-93.6616,41.99564],[-93.6633,41.99564],[-93.66325,41.99852],[-93.65923,41.99847],[-93.6588,42.00002],[-93.65765,41.99842],[-93.65604,41.99883],[-93.6552,42.00078],[-93.65256,42.00359],[-93.64921,42.00563],[-93.64921,42.00646],[-93.65529,42.00647],[-93.65533,42.00349],[-93.65889,42.00347],[-93.65888,42.00106],[-93.66866,42.00118],[-93.66873,42.00697],[-93.67493,42.00747],[-93.69869,42.01458],[-93.69871,42.0155],[-93.69322,42.01555],[-93.69321,42.02282],[-93.69875,42.02277],[-93.69872,42.02997]],[[-93.65478,41.99704],[-93.65423,41.99708],[-93.65403,42.00062],[-93.65469,42.00081],[-93.65478,41.99704]],[[-93.64484,42.06713],[-93.63998,42.06701],[-93.64,42.06507],[-93.63754,42.0638],[-93.63754,42.06715],[-93.63998,42.06716],[-93.64001,42.07077],[-93.64485,42.07073],[-93.64484,42.06713]]]}},{"type":"Feature","properties":{"name":"Anamosa","county":"Jones","type":"city"},"geometry":{"type":"MultiPolygon","coordinates":[[[[-91.26695,42.11767],[-91.2656,42.1195],[-91.26393,42.11768],[-91.26695,42.11767]]],[[[-91.30072,42.10262],[-91.29807,42.10712],[-91.29916,42.10997],[-91.29668,42.11007],[-91.29657,42.112],[-91.29916,42.11401],[-91.29672,42.11396],[-91.29668,42.11767],[-91.29352,42.11744],[-91.29277,42.11388],[-91.2868,42.11377],[-91.28675,42.11753],[-91.28284,42.11755],[-91.28268,42.11819],[-91.28381,42.11819],[-91.28461,42.12181],[-91.28387,42.12268],[-91.28319,42.11955],[-91.282,42.12058],[-91.2753,42.12043],[-91.27528,42.12174],[-91.2708,42.12174],[-91.26979,42.12539],[-91.26485,42.12538],[-91.26421,42.12647],[-91.26245,42.12592],[-91.2638,42.1231],[-91.26641,42.12057],[-91.26857,42.11745],[-91.2672,42.11766],[-91.2675,42.11396],[-91.27137,42.11448],[-91.2714,42.11324],[-91.27387,42.1119],[-91.2674,42.11168],[-91.26713,42.1084],[-91.26647,42.10839],[-91.26642,42.10961],[-91.25905,42.11189],[-91.25938,42.11695],[-91.26056,42.11772],[-91.26298,42.1177],[-91.25985,42.11837],[-91.26048,42.11772],[-91.25796,42.11771],[-91.25781,42.10679],[-91.25545,42.10681],[-91.25549,42.09987],[-91.25319,42.09894],[-91.25309,42.10317],[-91.24849,42.10319],[-91.24831,42.09226],[-91.25311,42.09224],[-91.25309,42.09871],[-91.25677,42.09982],[-91.26,42.10148],[-91.26114,42.09984],[-91.26264,42.10056],[-91.26266,42.09827],[-91.26568,42.09828],[-91.26643,42.09909],[-91.26475,42.10332],[-91.26724,42.10395],[-91.26903,42.10426],[-91.26964,42.10243],[-91.27331,42.10315],[-91.27514,42.1021],[-91.27659,42.10286],[-91.2788,42.10507],[-91.2786,42.10245],[-91.28573,42.10238],[-91.28632,42.10039],[-91.28926,42.09937],[-91.29198,42.10116],[-91.29589,42.10027],[-91.2986,42.10045],[-91.30072,42.10262]]]]}},{"type":"Feature","properties":{"name":"Anderson","county":"Fremont","type":"community"},"geometry":{"type":"Polygon","coordinates":[[[-95.61395,40.80185],[-95.6031,40.80256],[-95.60019,40.80141],[-95.60961,40.79204],[-95.61395,40.79414],[-95.61395,40.80185]]]}},{"type":"Feature","properties":{"name":"Andover","county":"Clinton","type":"city"},"geometry":{"type":"Polygon","coordinates":[[[-90.25734,41.98275],[-90.24758,41.9827],[-90.24758,41.97894],[-90.25172,41.97794],[-90.2513,41.97544],[-90.25246,41.97765],[-90.25735,41.97675],[-90.25734,41.98275]]]}},{"type":"Feature","properties":{"name":"Andrew","county":"Jackson","type":"city"},"geometry":{"type":"Polygon","coordinates":[[[-90.5967,42.15323],[-90.59656,42.15694],[-90.58737,42.15686],[-90.58758,42.14964],[-90.59748,42.14958],[-90.5967,42.15323]]]}},{"type":"Feature","properties":{"name":"Anita","county":"Cass","type":"city"},"geometry":{"type":"Polygon","coordinates":[[[-94.7809,41.43564],[-94.77964,41.43384],[-94.77723,41.43415],[-94.77724,41.43616],[-94.77819,41.43741],[-94.77724,41.44004],[-94.77722,41.45369],[-94.77245,41.45367],[-94.77245,41.45549],[-94.76767,41.45547],[-94.76561,41.45365],[-94.75338,41.45362],[-94.75332,41.4356],[-94.76279,41.43519],[-94.76134,41.43201],[-94.76775,41.43292],[-94.78089,41.43294],[-94.7809,41.43564]]]}},{"type":"Feature","properties":{"name":"Ankeny","county":"Polk","type":"city"},"geometry":{"type":"Polygon","coordinates":[[[-93.67271,41.74624],[-93.6631,41.74624],[-93.66301,41.76078],[-93.64859,41.76078],[-93.64888,41.76804],[-93.63921,41.76803],[-93.63951,41.77683],[-93.62486,41.77682],[-93.62461,41.7681],[-93.61975,41.76813],[-93.61965,41.7645],[-93.60998,41.76446],[-93.60447,41.76477],[-93.60446,41.76611],[-93.60031,41.76611],[-93.60035,41.79126],[-93.58101,41.79138],[-93.58097,41.7987],[-93.57049,41.79862],[-93.5711,41.79347],[-93.57243,41.79102],[-93.57084,41.78857],[-93.57134,41.77682],[-93.57098,41.76873],[-93.57137,41.76806],[-93.56066,41.76802],[-93.56081,41.74629],[-93.54145,41.74632],[-93.54156,41.73184],[-93.56088,41.73182],[-93.56084,41.7383],[-93.56625,41.73831],[-93.56922,41.73736],[-93.5694,41.73787],[-93.57045,41.73787],[-93.57115,41.74275],[-93.57043,41.74636],[-93.565,41.74632],[-93.565,41.74994],[-93.57341,41.74997],[-93.57713,41.74161],[-93.57744,41.73992],[-93.57703,41.73547],[-93.5705,41.73545],[-93.57051,41.73341],[-93.56845,41.73341],[-93.56846,41.73183],[-93.57052,41.73184],[-93.57042,41.72827],[-93.5657,41.7282],[-93.56567,41.72458],[-93.57139,41.72459],[-93.57048,41.72325],[-93.57057,41.71737],[-93.56886,41.71736],[-93.56885,41.71372],[-93.55251,41.71372],[-93.55216,41.71116],[-93.55093,41.70831],[-93.55611,41.7083],[-93.55635,41.70959],[-93.55765,41.70656],[-93.56068,41.70656],[-93.56089,41.71003],[-93.56447,41.71004],[-93.56449,41.70649],[-93.56209,41.70648],[-93.56212,41.70287],[-93.55466,41.70289],[-93.55468,41.69923],[-93.55378,41.69561],[-93.54903,41.6956],[-93.54644,41.69383],[-93.54967,41.69198],[-93.55379,41.69196],[-93.5538,41.69105],[-93.5552,41.69105],[-93.55519,41.69318],[-93.56074,41.69319],[-93.56102,41.69268],[-93.56144,41.68831],[-93.56108,41.68388],[-93.55931,41.68389],[-93.55921,41.68245],[-93.56107,41.68228],[-93.55934,41.68196],[-93.55927,41.68153],[-93.55842,41.68135],[-93.55843,41.68088],[-93.55815,41.68087],[-93.5582,41.6801],[-93.56107,41.67968],[-93.56107,41.67911],[-93.55682,41.6793],[-93.55621,41.67299],[-93.55621,41.66936],[-93.56106,41.66931],[-93.56105,41.65533],[-93.56196,41.65486],[-93.56589,41.65489],[-93.56589,41.65353],[-93.57553,41.65212],[-93.57552,41.66198],[-93.57765,41.67077],[-93.57781,41.67322],[-93.58606,41.67323],[-93.58612,41.6805],[-93.591,41.68046],[-93.59097,41.6884],[-93.59332,41.68839],[-93.59102,41.69563],[-93.58605,41.69563],[-93.58604,41.70165],[-93.59003,41.70142],[-93.59115,41.70075],[-93.59113,41.69719],[-93.5926,41.69306],[-93.59354,41.69246],[-93.60064,41.69201],[-93.60064,41.69246],[-93.59903,41.69246],[-93.59889,41.69391],[-93.60065,41.69416],[-93.60069,41.69473],[-93.60356,41.69473],[-93.60463,41.69324],[-93.60189,41.69208],[-93.6019,41.68959],[-93.60738,41.68838],[-93.61559,41.68836],[-93.61544,41.69345],[-93.61654,41.69252],[-93.62016,41.69257],[-93.62093,41.69561],[-93.62255,41.6956],[-93.62462,41.69682],[-93.62436,41.69063],[-93.62854,41.69063],[-93.62854,41.69177],[-93.63185,41.69206],[-93.63321,41.69391],[-93.63449,41.69354],[-93.63447,41.69561],[-93.63704,41.69559],[-93.6382,41.69738],[-93.63885,41.69749],[-93.63819,41.69756],[-93.63796,41.70275],[-93.6387,41.70287],[-93.63944,41.69558],[-93.64903,41.69559],[-93.64903,41.69919],[-93.65301,41.69919],[-93.65257,41.70179],[-93.64899,41.70212],[-93.64892,41.70793],[-93.64742,41.70822],[-93.64611,41.71004],[-93.63921,41.71009],[-93.63959,41.71718],[-93.63918,41.71732],[-93.63922,41.72189],[-93.64199,41.72092],[-93.647,41.7209],[-93.64702,41.72451],[-93.65363,41.72448],[-93.65361,41.72825],[-93.65593,41.72824],[-93.65594,41.72577],[-93.65844,41.72619],[-93.65841,41.73165],[-93.66832,41.73171],[-93.66918,41.73621],[-93.67277,41.73942],[-93.67271,41.74624]],[[-93.64394,41.72994],[-93.64008,41.72994],[-93.64008,41.72852],[-93.63922,41.72851],[-93.6393,41.73223],[-93.64102,41.73223],[-93.64105,41.73176],[-93.64391,41.73174],[-93.64394,41.72994]],[[-93.60166,41.69736],[-93.60069,41.69735],[-93.60069,41.69822],[-93.60165,41.69823],[-93.60166,41.69736]]]}},{"type":"Feature","properties":{"name":"Anthon","county":"Woodbury","type":"city"},"geometry":{"type":"Polygon","coordinates":[[[-95.87408,42.38186],[-95.87407,42.39283],[-95.86918,42.39288],[-95.86918,42.39379],[-95.86567,42.39382],[-95.86448,42.39658],[-95.85812,42.39635],[-95.85793,42.39457],[-95.85898,42.39248],[-95.85963,42.39248],[-95.86053,42.39555],[-95.86222,42.39477],[-95.86235,42.39381],[-95.85562,42.38616],[-95.85563,42.38557],[-95.85824,42.38464],[-95.85815,42.38194],[-95.87408,42.38186]]]}},{"type":"Feature","properties":{"name":"Aplington","county":"Butler","type":"city"},"geometry":{"type":"Polygon","coordinates":[[[-92.89933,42.58442],[-92.88949,42.58396],[-92.88951,42.5858],[-92.88687,42.58709],[-92.88196,42.587],[-92.88023,42.58773],[-92.87958,42.58507],[-92.86979,42.5849],[-92.86969,42.57786],[-92.89185,42.57801],[-92.89186,42.57948],[-92.89931,42.57946],[-92.89933,42.58442]]]}},{"type":"Feature","properties":{"name":"Arcadia","county":"Carroll","type":"city"},"geometry":{"type":"Polygon","coordinates":[[[-95.05285,42.09344],[-95.0335,42.09332],[-95.03361,42.07897],[-95.05298,42.07903],[-95.05285,42.09344]]]}},{"type":"Feature","properties":{"name":"Archer","county":"O'Brien","type":"city"},"geometry":{"type":"Polygon","coordinates":[[[-95.74745,43.11433],[-95.74745,43.11693],[-95.74228,43.11695],[-95.74226,43.11647],[-95.74156,43.11647],[-95.74156,43.11592],[-95.74042,43.11592],[-95.7404,43.11337],[-95.74819,43.11334],[-95.74745,43.11433]]]}},{"type":"Feature","properties":{"name":"Aredale","county":"Butler","type":"city"},"geometry":{"type":"Polygon","coordinates":[[[-93.01535,42.84045],[-92.9956,42.84047],[-92.99561,42.82598],[-93.01521,42.82588],[-93.01535,42.84045]]]}},{"type":"Feature","properties":{"name":"Argo","county":"Scott","type":"community"},"geometry":{"type":"Polygon","coordinates":[[[-90.44231,41.63014],[-90.42748,41.63023],[-90.42752,41.62515],[-90.4263,41.62454],[-90.42702,41.62335],[-90.42735,41.62351],[-90.42726,41.61953],[-90.43262,41.61948],[-90.4326,41.62287],[-90.44226,41.62287],[-90.44231,41.63014]]]}},{"type":"Feature","properties":{"name":"Argyle","county":"Lee","type":"community"},"geometry":{"type":"Polygon","coordinates":[[[-91.57673,40.53584],[-91.57098,40.53578],[-91.57065,40.54671],[-91.56486,40.54661],[-91.56451,40.54303],[-91.56307,40.53744],[-91.56293,40.52467],[-91.56411,40.52591],[-91.56583,40.52608],[-91.57051,40.52902],[-91.5729,40.53091],[-91.57361,40.53205],[-91.57566,40.53397],[-91.57673,40.53584]]]}},{"type":"Feature","properties":{"name":"Arion","county":"Crawford","type":"city"},"geometry":{"type":"Polygon","coordinates":[[[-95.46965,41.9526],[-95.45504,41.95253],[-95.45501,41.94294],[-95.4696,41.94296],[-95.46965,41.9526]]]}},{"type":"Feature","properties":{"name":"Arispe","county":"Union","type":"city"},"geometry":{"type":"Polygon","coordinates":[[[-94.22879,40.94479],[-94.22879,40.95208],[-94.20966,40.95209],[-94.20975,40.94477],[-94.22879,40.94479]]]}},{"type":"Feature","properties":{"name":"Arlington","county":"Fayette","type":"city"},"geometry":{"type":"Polygon","coordinates":[[[-91.68107,42.7559],[-91.6614,42.75615],[-91.661,42.74161],[-91.68062,42.74136],[-91.68107,42.7559]]]}},{"type":"Feature","properties":{"name":"Armstrong","county":"Emmet","type":"city"},"geometry":{"type":"Polygon","coordinates":[[[-94.51815,43.39967],[-94.46997,43.39974],[-94.46997,43.3979],[-94.47268,43.39789],[-94.47268,43.38552],[-94.47707,43.38552],[-94.47705,43.3866],[-94.48257,43.38663],[-94.48256,43.3891],[-94.48752,43.38909],[-94.48753,43.39284],[-94.49249,43.39277],[-94.49246,43.39742],[-94.49726,43.39885],[-94.49725,43.39477],[-94.49581,43.39478],[-94.49582,43.39259],[-94.49745,43.39258],[-94.49743,43.3989],[-94.5024,43.39949],[-94.50777,43.3995],[-94.51373,43.39724],[-94.51815,43.39967]]]}},{"type":"Feature","properties":{"name":"Arnolds Park","county":"Dickinson","type":"city"},"geometry":{"type":"Polygon","coordinates":[[[-95.14404,43.36237],[-95.14168,43.3677],[-95.13939,43.36621],[-95.13642,43.36702],[-95.13386,43.36862],[-95.13117,43.36882],[-95.12915,43.36989],[-95.12691,43.37226],[-95.12632,43.3738],[-95.12786,43.37683],[-95.12733,43.37686],[-95.12704,43.37599],[-95.12623,43.37594],[-95.12495,43.37409],[-95.12161,43.37394],[-95.12248,43.37118],[-95.12034,43.37068],[-95.11603,43.37306],[-95.11187,43.37662],[-95.11186,43.37494],[-95.10685,43.37491],[-95.10684,43.3712],[-95.11728,43.37122],[-95.12031,43.37057],[-95.12136,43.37006],[-95.12535,43.36412],[-95.12466,43.36387],[-95.12364,43.36511],[-95.12355,43.36351],[-95.12042,43.36349],[-95.11925,43.36152],[-95.11993,43.36047],[-95.10188,43.36039],[-95.10182,43.35679],[-95.11183,43.35685],[-95.11185,43.35322],[-95.11462,43.35333],[-95.11462,43.35483],[-95.11603,43.3562],[-95.11848,43.35657],[-95.12025,43.35616],[-95.12271,43.35729],[-95.12516,43.35673],[-95.12483,43.35356],[-95.12244,43.34962],[-95.12399,43.34719],[-95.12461,43.3445],[-95.12679,43.34362],[-95.12541,43.343],[-95.12499,43.34248],[-95.13159,43.34246],[-95.13151,43.35332],[-95.12659,43.35331],[-95.12617,43.35693],[-95.13159,43.35698],[-95.13158,43.35332],[-95.14211,43.3534],[-95.14202,43.35704],[-95.14161,43.3595],[-95.14384,43.36075],[-95.14611,43.36078],[-95.14404,43.36237]]]}},{"type":"Feature","properties":{"name":"Arthur","county":"Ida","type":"city"},"geometry":{"type":"Polygon","coordinates":[[[-95.35215,42.33754],[-95.3476,42.33755],[-95.34792,42.33825],[-95.34266,42.33757],[-95.34256,42.3312],[-95.34507,42.33278],[-95.34827,42.3339],[-95.35214,42.33393],[-95.35215,42.33754]]]}},{"type":"Feature","properties":{"name":"Asbury","county":"Dubuque","type":"city"},"geometry":{"type":"MultiPolygon","coordinates":[[[[-90.74585,42.51524],[-90.74523,42.51525],[-90.74584,42.51519],[-90.74585,42.51524]]],[[[-90.82401,42.51169],[-90.82325,42.51193],[-90.82142,42.51359],[-90.81915,42.51356],[-90.81918,42.51565],[-90.81821,42.51642],[-90.81718,42.51674],[-90.81721,42.51554],[-90.81538,42.51556],[-90.81539,42.51438],[-90.81383,42.51435],[-90.81381,42.51226],[-90.80934,42.51257],[-90.80932,42.51075],[-90.79951,42.51094],[-90.79936,42.51438],[-90.79453,42.51456],[-90.79589,42.51523],[-90.79468,42.51825],[-90.78966,42.51828],[-90.78968,42.52004],[-90.78698,42.52189],[-90.7848,42.52193],[-90.78478,42.52011],[-90.77985,42.52021],[-90.77986,42.52202],[-90.75989,42.52233],[-90.76043,42.52343],[-90.76106,42.52391],[-90.76005,42.52434],[-90.76008,42.52596],[-90.75512,42.52604],[-90.7551,42.51839],[-90.75415,42.5176],[-90.75178,42.51436],[-90.74689,42.51505],[-90.7466,42.51277],[-90.74512,42.51158],[-90.75015,42.51153],[-90.75008,42.50788],[-90.75499,42.50781],[-90.75492,42.50056],[-90.75991,42.50047],[-90.75994,42.5041],[-90.76483,42.50404],[-90.76487,42.50769],[-90.76977,42.50767],[-90.76978,42.51491],[-90.77969,42.51488],[-90.7798,42.51066],[-90.77884,42.51086],[-90.77881,42.50749],[-90.77472,42.50756],[-90.77474,42.50027],[-90.77883,42.50019],[-90.77974,42.49952],[-90.77974,42.50019],[-90.78221,42.50013],[-90.78222,42.50379],[-90.78472,42.50374],[-90.78475,42.50737],[-90.78963,42.50722],[-90.7896,42.50046],[-90.79289,42.50219],[-90.79277,42.49995],[-90.79944,42.50084],[-90.7995,42.50705],[-90.82405,42.50715],[-90.82401,42.51169]]]]}},{"type":"Feature","properties":{"name":"Ashton","county":"Osceola","type":"city"},"geometry":{"type":"Polygon","coordinates":[[[-95.80236,43.31595],[-95.77877,43.31604],[-95.77912,43.30878],[-95.78245,43.30452],[-95.78251,43.30146],[-95.80249,43.30141],[-95.80236,43.31595]]]}},{"type":"Feature","properties":{"name":"Aspinwall","county":"Crawford","type":"city"},"geometry":{"type":"Polygon","coordinates":[[[-95.13844,41.91412],[-95.13145,41.91406],[-95.13157,41.90694],[-95.1385,41.90694],[-95.13844,41.91412]]]}},{"type":"Feature","properties":{"name":"Atalissa","county":"Muscatine","type":"city"},"geometry":{"type":"Polygon","coordinates":[[[-91.16908,41.57538],[-91.16246,41.57514],[-91.16428,41.57467],[-91.16334,41.57198],[-91.16432,41.56779],[-91.16903,41.56783],[-91.16908,41.57538]]]}},{"type":"Feature","properties":{"name":"Athelstan","county":"Taylor","type":"community"},"geometry":{"type":"Polygon","coordinates":[[[-94.54736,40.57462],[-94.53782,40.57455],[-94.53785,40.57076],[-94.5474,40.57082],[-94.54736,40.57462]]]}},{"type":"Feature","properties":{"name":"Atkins","county":"Benton","type":"city"},"geometry":{"type":"Polygon","coordinates":[[[-91.87343,41.99832],[-91.8685,41.99807],[-91.86855,41.99984],[-91.84419,42.00024],[-91.84461,41.99297],[-91.84978,41.99285],[-91.84885,41.99183],[-91.84877,41.98562],[-91.85366,41.98553],[-91.85368,41.98915],[-91.87317,41.98959],[-91.87343,41.99832]]]}},{"type":"Feature","properties":{"name":"Atlantic","county":"Cass","type":"city"},"geometry":{"type":"Polygon","coordinates":[[[-95.06134,41.38094],[-95.06034,41.38456],[-95.05873,41.38643],[-95.036,41.39977],[-95.03287,41.4021],[-95.03002,41.40631],[-95.0298,41.40761],[-95.02777,41.41099],[-95.0278,41.41378],[-95.02388,41.41778],[-94.98385,41.41758],[-94.98412,41.40591],[-94.977,41.40499],[-94.97169,41.40538],[-94.9717,41.4038],[-94.97451,41.40382],[-94.97451,41.40295],[-94.9769,41.40295],[-94.97738,41.40203],[-94.97737,41.40022],[-94.97931,41.40023],[-94.97931,41.39871],[-94.98413,41.39872],[-94.98413,41.37849],[-95.06282,41.37868],[-95.06134,41.38094]]]}},{"type":"Feature","properties":{"name":"Auburn","county":"Sac","type":"city"},"geometry":{"type":"Polygon","coordinates":[[[-94.88746,42.25317],[-94.86798,42.25315],[-94.86802,42.24592],[-94.8875,42.24598],[-94.88746,42.25317]]]}},{"type":"Feature","properties":{"name":"Audubon","county":"Audubon","type":"city"},"geometry":{"type":"Polygon","coordinates":[[[-94.94217,41.72775],[-94.93011,41.72788],[-94.93015,41.73023],[-94.92778,41.73027],[-94.92837,41.72793],[-94.9253,41.72798],[-94.92535,41.72978],[-94.92295,41.72983],[-94.92299,41.73165],[-94.9182,41.73173],[-94.91813,41.72721],[-94.91648,41.72639],[-94.91809,41.72559],[-94.91642,41.72449],[-94.91318,41.72449],[-94.91315,41.72268],[-94.91799,41.72269],[-94.91778,41.70999],[-94.91838,41.70826],[-94.91513,41.70273],[-94.91987,41.70271],[-94.9217,41.70396],[-94.92397,41.70645],[-94.92567,41.70625],[-94.92434,41.70426],[-94.92951,41.70437],[-94.93057,41.70595],[-94.92652,41.70751],[-94.92784,41.70984],[-94.94184,41.70969],[-94.94217,41.72775]]]}},{"type":"Feature","properties":{"name":"Augusta","county":"Des Moines","type":"community"},"geometry":{"type":"Polygon","coordinates":[[[-91.29548,40.77561],[-91.29344,40.77506],[-91.29306,40.77412],[-91.28551,40.76888],[-91.27417,40.76327],[-91.27549,40.76137],[-91.2672,40.76138],[-91.26721,40.75808],[-91.26616,40.7571],[-91.2577,40.75533],[-91.25732,40.75171],[-91.26228,40.75386],[-91.26392,40.7542],[-91.27287,40.75437],[-91.27716,40.75288],[-91.28183,40.75368],[-91.28304,40.75449],[-91.2854,40.75956],[-91.28553,40.76264],[-91.28675,40.76657],[-91.28901,40.76963],[-91.2908,40.77117],[-91.29339,40.77258],[-91.29545,40.77294],[-91.29548,40.77561]]]}},{"type":"Feature","properties":{"name":"Aurelia","county":"Cherokee","type":"city"},"geometry":{"type":"Polygon","coordinates":[[[-95.4467,42.72041],[-95.42713,42.72014],[-95.42721,42.71651],[-95.4256,42.71652],[-95.42566,42.71293],[-95.42728,42.71294],[-95.42745,42.70573],[-95.44692,42.70588],[-95.4467,42.72041]]]}},{"type":"Feature","properties":{"name":"Aurora","county":"Buchanan","type":"city"},"geometry":{"type":"Polygon","coordinates":[[[-91.7362,42.62488],[-91.7226,42.62496],[-91.72256,42.61406],[-91.73655,42.614],[-91.7362,42.62488]]]}},{"type":"Feature","properties":{"name":"Avoca","county":"Pottawattamie","type":"city"},"geometry":{"type":"MultiPolygon","coordinates":[[[[-95.34204,41.50013],[-95.33731,41.50103],[-95.33695,41.49873],[-95.34205,41.49778],[-95.34204,41.50013]]],[[[-95.35237,41.4912],[-95.3488,41.49123],[-95.34879,41.48955],[-95.34622,41.48956],[-95.34623,41.49125],[-95.33897,41.49121],[-95.33906,41.49685],[-95.33677,41.49656],[-95.33658,41.48934],[-95.33626,41.48934],[-95.33554,41.49256],[-95.33578,41.49647],[-95.33413,41.49698],[-95.33419,41.49844],[-95.33639,41.49843],[-95.33671,41.50577],[-95.33221,41.50576],[-95.33206,41.49773],[-95.32619,41.49787],[-95.32518,41.49489],[-95.32518,41.49124],[-95.32609,41.49038],[-95.32589,41.48374],[-95.32697,41.48373],[-95.32691,41.47937],[-95.32571,41.47955],[-95.3223,41.47669],[-95.32684,41.47658],[-95.32705,41.46916],[-95.33668,41.46931],[-95.33675,41.46566],[-95.34166,41.46571],[-95.34165,41.46755],[-95.34637,41.46758],[-95.34632,41.46944],[-95.35107,41.46942],[-95.35097,41.48032],[-95.34617,41.48032],[-95.34642,41.48658],[-95.35098,41.48668],[-95.35097,41.48426],[-95.35262,41.48897],[-95.35237,41.4912]]]]}},{"type":"Feature","properties":{"name":"Ayrshire","county":"Palo Alto","type":"city"},"geometry":{"type":"Polygon","coordinates":[[[-94.8395,43.04191],[-94.83839,43.04364],[-94.83643,43.0437],[-94.83363,43.04254],[-94.82918,43.04251],[-94.82928,43.03609],[-94.83639,43.03586],[-94.8364,43.03737],[-94.83843,43.03737],[-94.83754,43.03985],[-94.83949,43.03985],[-94.8395,43.04191]]]}},{"type":"Feature","properties":{"name":"Badger","county":"Webster","type":"city"},"geometry":{"type":"Polygon","coordinates":[[[-94.15865,42.60861],[-94.15863,42.61943],[-94.14889,42.61944],[-94.14897,42.62138],[-94.13907,42.62118],[-94.13906,42.61939],[-94.13414,42.61935],[-94.13413,42.61577],[-94.12923,42.61575],[-94.12919,42.6085],[-94.15865,42.60861]]]}},{"type":"Feature","properties":{"name":"Bagley","county":"Guthrie","type":"city"},"geometry":{"type":"Polygon","coordinates":[[[-94.43508,41.85106],[-94.42557,41.8508],[-94.42533,41.84191],[-94.43515,41.84199],[-94.43508,41.85106]]]}},{"type":"Feature","properties":{"name":"Baldwin","county":"Jackson","type":"city"},"geometry":{"type":"Polygon","coordinates":[[[-90.84596,42.07679],[-90.83116,42.07656],[-90.83116,42.06951],[-90.84587,42.0695],[-90.84596,42.07679]]]}},{"type":"Feature","properties":{"name":"Balltown","county":"Dubuque","type":"city"},"geometry":{"type":"Polygon","coordinates":[[[-90.87405,42.63321],[-90.87287,42.63494],[-90.87027,42.63664],[-90.87021,42.6389],[-90.87255,42.639],[-90.86813,42.64144],[-90.86821,42.63783],[-90.86488,42.63586],[-90.86913,42.63684],[-90.87047,42.63585],[-90.86985,42.63423],[-90.87114,42.63424],[-90.87313,42.63297],[-90.87405,42.63321]]]}},{"type":"Feature","properties":{"name":"Bancroft","county":"Kossuth","type":"city"},"geometry":{"type":"Polygon","coordinates":[[[-94.2265,43.29468],[-94.22154,43.29474],[-94.22155,43.29815],[-94.22649,43.29823],[-94.22649,43.29944],[-94.21903,43.29933],[-94.21873,43.30063],[-94.21623,43.30059],[-94.21622,43.2982],[-94.21123,43.29829],[-94.21116,43.29348],[-94.2067,43.29343],[-94.20673,43.29213],[-94.21163,43.29175],[-94.21164,43.28755],[-94.21659,43.28739],[-94.21658,43.28389],[-94.22139,43.2839],[-94.22017,43.29115],[-94.22246,43.29114],[-94.22344,43.2887],[-94.22344,43.29114],[-94.22647,43.29113],[-94.2265,43.29468]]]}},{"type":"Feature","properties":{"name":"Bankston","county":"Dubuque","type":"city"},"geometry":{"type":"MultiPolygon","coordinates":[[[[-90.96118,42.50361],[-90.95623,42.5037],[-90.9563,42.50009],[-90.96119,42.50017],[-90.96118,42.50361]]],[[[-90.96611,42.51115],[-90.96116,42.51107],[-90.96121,42.51796],[-90.96337,42.51841],[-90.96334,42.52023],[-90.96003,42.51926],[-90.96111,42.51796],[-90.96104,42.51106],[-90.95622,42.51098],[-90.95622,42.508],[-90.96117,42.50758],[-90.96118,42.50379],[-90.96611,42.50388],[-90.96611,42.51115]]]]}},{"type":"Feature","properties":{"name":"Barnes City","county":"Mahaska","type":"city"},"geometry":{"type":"Polygon","coordinates":[[[-92.4794,41.50938],[-92.4746,41.5094],[-92.47457,41.51299],[-92.46975,41.51301],[-92.46979,41.51119],[-92.46015,41.51121],[-92.46013,41.50275],[-92.47941,41.50261],[-92.4794,41.50938]]]}},{"type":"Feature","properties":{"name":"Barnum","county":"Webster","type":"city"},"geometry":{"type":"Polygon","coordinates":[[[-94.37136,42.50025],[-94.37119,42.51129],[-94.36378,42.51117],[-94.3638,42.50938],[-94.35894,42.50941],[-94.35899,42.50233],[-94.36885,42.50227],[-94.36887,42.50021],[-94.37136,42.50025]]]}},{"type":"Feature","properties":{"name":"Bartlett","county":"Fremont","type":"community"},"geometry":{"type":"Polygon","coordinates":[[[-95.79933,40.88668],[-95.7991,40.89104],[-95.78974,40.89104],[-95.78964,40.8799],[-95.80058,40.88001],[-95.79933,40.88668]]]}},{"type":"Feature","properties":{"name":"Bassett","county":"Chickasaw","type":"city"},"geometry":{"type":"Polygon","coordinates":[[[-92.52041,43.06679],[-92.51551,43.06766],[-92.51046,43.06767],[-92.51041,43.05586],[-92.5202,43.05589],[-92.52041,43.06679]]]}},{"type":"Feature","properties":{"name":"Batavia","county":"Jefferson","type":"city"},"geometry":{"type":"Polygon","coordinates":[[[-92.17332,40.98806],[-92.17321,41.00302],[-92.16495,41.00306],[-92.16377,41.00262],[-92.16062,41.00246],[-92.16369,41.00094],[-92.16386,40.99329],[-92.15893,40.9938],[-92.15906,40.98811],[-92.17332,40.98806]]]}},{"type":"Feature","properties":{"name":"Battle Creek","county":"Ida","type":"city"},"geometry":{"type":"Polygon","coordinates":[[[-95.60737,42.32231],[-95.59425,42.32224],[-95.59426,42.32333],[-95.59247,42.32334],[-95.59193,42.31608],[-95.59416,42.31608],[-95.59408,42.31116],[-95.60719,42.31119],[-95.60737,42.32231]]]}},{"type":"Feature","properties":{"name":"Baxter","county":"Jasper","type":"city"},"geometry":{"type":"Polygon","coordinates":[[[-93.16166,41.82727],[-93.15926,41.82726],[-93.15926,41.8309],[-93.1448,41.83096],[-93.1448,41.82724],[-93.1436,41.82724],[-93.1436,41.82002],[-93.16167,41.82004],[-93.16166,41.82727]]]}},{"type":"Feature","properties":{"name":"Bayard","county":"Guthrie","type":"city"},"geometry":{"type":"Polygon","coordinates":[[[-94.56625,41.85601],[-94.56134,41.85599],[-94.56131,41.85743],[-94.55734,41.85743],[-94.55662,41.85598],[-94.55172,41.85597],[-94.55131,41.84875],[-94.55181,41.84746],[-94.56137,41.84755],[-94.56136,41.84877],[-94.56615,41.84882],[-94.56625,41.85601]]]}},{"type":"Feature","properties":{"name":"Beacon","county":"Mahaska","type":"city"},"geometry":{"type":"Polygon","coordinates":[[[-92.68864,41.28526],[-92.67894,41.28528],[-92.67874,41.28272],[-92.67624,41.28115],[-92.67415,41.2817],[-92.6742,41.2672],[-92.68586,41.26736],[-92.68422,41.26911],[-92.6877,41.27162],[-92.6863,41.27231],[-92.68784,41.27535],[-92.68557,41.27603],[-92.68653,41.27907],[-92.68866,41.28106],[-92.68864,41.28526]]]}},{"type":"Feature","properties":{"name":"Beaconsfield","county":"Ringgold","type":"city"},"geometry":{"type":"Polygon","coordinates":[[[-94.05793,40.81457],[-94.04376,40.81458],[-94.0435,40.80045],[-94.05773,40.80042],[-94.05793,40.81457]]]}},{"type":"Feature","properties":{"name":"Beaman","county":"Grundy","type":"city"},"geometry":{"type":"MultiPolygon","coordinates":[[[[-92.82601,42.22453],[-92.82106,42.22455],[-92.821,42.22201],[-92.81621,42.22094],[-92.81616,42.21734],[-92.82585,42.21733],[-92.82601,42.22453]]],[[[-92.83065,42.21736],[-92.82809,42.21735],[-92.82732,42.21734],[-92.8288,42.21693],[-92.82978,42.21625],[-92.83064,42.21623],[-92.83065,42.21736]]]]}},{"type":"Feature","properties":{"name":"Beaver","county":"Boone","type":"city"},"geometry":{"type":"Polygon","coordinates":[[[-94.14487,42.04189],[-94.13513,42.04187],[-94.13512,42.03462],[-94.14479,42.03465],[-94.14487,42.04189]]]}},{"type":"Feature","properties":{"name":"Beaverdale","county":"Des Moines","type":"community"},"geometry":{"type":"Polygon","coordinates":[[[-91.23286,40.87333],[-91.22824,40.87321],[-91.2236,40.87061],[-91.21659,40.86579],[-91.2141,40.86694],[-91.20095,40.86663],[-91.19855,40.86492],[-91.19738,40.86341],[-91.19192,40.86457],[-91.19012,40.86242],[-91.19027,40.86107],[-91.1921,40.85943],[-91.19158,40.85726],[-91.18975,40.85586],[-91.18612,40.85562],[-91.18572,40.85345],[-91.18656,40.8519],[-91.19078,40.84934],[-91.19222,40.84421],[-91.19405,40.84344],[-91.19408,40.83719],[-91.19829,40.83732],[-91.20842,40.83931],[-91.22281,40.8416],[-91.22294,40.84522],[-91.22043,40.8451],[-91.21991,40.85828],[-91.21798,40.85805],[-91.21645,40.85865],[-91.21467,40.85844],[-91.21579,40.85968],[-91.21874,40.85908],[-91.22007,40.86107],[-91.22284,40.86192],[-91.22389,40.86331],[-91.22498,40.86699],[-91.22863,40.86733],[-91.23122,40.86834],[-91.23285,40.87041],[-91.23286,40.87333]]]}},{"type":"Feature","properties":{"name":"Bedford","county":"Taylor","type":"city"},"geometry":{"type":"Polygon","coordinates":[[[-94.73981,40.67686],[-94.73031,40.67675],[-94.73027,40.6804],[-94.7114,40.68019],[-94.71139,40.6621],[-94.73512,40.66236],[-94.73507,40.66963],[-94.73974,40.66986],[-94.73981,40.67686]]]}},{"type":"Feature","properties":{"name":"Belle Plaine","county":"Benton","type":"city"},"geometry":{"type":"Polygon","coordinates":[[[-92.29803,41.89858],[-92.28804,41.89726],[-92.28982,41.89806],[-92.29367,41.90287],[-92.28818,41.90292],[-92.28827,41.90649],[-92.24952,41.90633],[-92.24924,41.89181],[-92.26844,41.89209],[-92.26833,41.88482],[-92.28288,41.88489],[-92.28277,41.87018],[-92.28487,41.87018],[-92.28558,41.88122],[-92.28853,41.88119],[-92.28846,41.88486],[-92.29801,41.88482],[-92.29803,41.89858]]]}},{"type":"Feature","properties":{"name":"Bellevue","county":"Jackson","type":"city"},"geometry":{"type":"Polygon","coordinates":[[[-90.44767,42.25818],[-90.44085,42.25822],[-90.44076,42.26051],[-90.43898,42.26054],[-90.43647,42.25984],[-90.43692,42.2631],[-90.43446,42.26316],[-90.43689,42.26545],[-90.43807,42.26546],[-90.43759,42.26911],[-90.44254,42.26911],[-90.44254,42.27094],[-90.43419,42.27089],[-90.43369,42.27457],[-90.43209,42.27457],[-90.42968,42.271],[-90.43226,42.27593],[-90.43428,42.28181],[-90.43691,42.28575],[-90.43855,42.29184],[-90.43941,42.29328],[-90.43791,42.29321],[-90.43781,42.29455],[-90.43278,42.29448],[-90.43312,42.29044],[-90.43771,42.2904],[-90.43648,42.28584],[-90.43338,42.28066],[-90.43269,42.27808],[-90.43189,42.27852],[-90.4286,42.27157],[-90.42914,42.27095],[-90.42775,42.26925],[-90.42572,42.26919],[-90.4241,42.26636],[-90.42218,42.2599],[-90.41933,42.25447],[-90.41522,42.25094],[-90.41955,42.25045],[-90.42235,42.25065],[-90.42248,42.25099],[-90.43275,42.25101],[-90.43281,42.25372],[-90.43682,42.25277],[-90.43762,42.25416],[-90.44062,42.25326],[-90.44041,42.2526],[-90.44352,42.25192],[-90.44582,42.25368],[-90.44736,42.25389],[-90.44767,42.25818]]]}},{"type":"Feature","properties":{"name":"Belmond","county":"Wright","type":"city"},"geometry":{"type":"Polygon","coordinates":[[[-93.62658,42.84141],[-93.62656,42.85227],[-93.61678,42.85223],[-93.61675,42.85639],[-93.61318,42.85784],[-93.61313,42.85876],[-93.61539,42.8595],[-93.61162,42.85955],[-93.61159,42.86333],[-93.60252,42.86333],[-93.60248,42.85966],[-93.59255,42.85966],[-93.5925,42.84879],[-93.59154,42.84878],[-93.59134,42.84337],[-93.59242,42.84146],[-93.59729,42.84148],[-93.59723,42.83418],[-93.6071,42.83411],[-93.60716,42.83055],[-93.6218,42.83057],[-93.62168,42.83858],[-93.62051,42.84002],[-93.62088,42.84144],[-93.62658,42.84141]]]}},{"type":"Feature","properties":{"name":"Bennett","county":"Cedar","type":"city"},"geometry":{"type":"Polygon","coordinates":[[[-90.97866,41.73917],[-90.97728,41.74236],[-90.9759,41.74334],[-90.97106,41.74336],[-90.96828,41.74239],[-90.96856,41.737],[-90.97134,41.73802],[-90.9762,41.73709],[-90.97717,41.73511],[-90.97885,41.73513],[-90.97866,41.73917]]]}},{"type":"Feature","properties":{"name":"Bentley","county":"Pottawattamie","type":"community"},"geometry":{"type":"Polygon","coordinates":[[[-95.63184,41.37616],[-95.63173,41.37841],[-95.63035,41.38193],[-95.6305,41.3831],[-95.62835,41.38219],[-95.62273,41.38359],[-95.62194,41.38323],[-95.61225,41.38314],[-95.61236,41.36979],[-95.63408,41.36715],[-95.63184,41.37616]]]}},{"type":"Feature","properties":{"name":"Benton","county":"Ringgold","type":"city"},"geometry":{"type":"Polygon","coordinates":[[[-94.37156,40.70439],[-94.36208,40.70434],[-94.36219,40.71526],[-94.35241,40.71519],[-94.35241,40.71081],[-94.35377,40.71151],[-94.35746,40.71153],[-94.35743,40.70792],[-94.35241,40.70791],[-94.35232,40.70072],[-94.35735,40.70072],[-94.35733,40.69708],[-94.3715,40.69715],[-94.37156,40.70439]]]}},{"type":"Feature","properties":{"name":"Berkley","county":"Boone","type":"city"},"geometry":{"type":"Polygon","coordinates":[[[-94.11667,41.94305],[-94.11648,41.95016],[-94.11571,41.95016],[-94.11571,41.95155],[-94.1122,41.95157],[-94.1122,41.95015],[-94.11013,41.95015],[-94.11027,41.94324],[-94.1125,41.94309],[-94.11253,41.9417],[-94.11809,41.94167],[-94.11667,41.94305]]]}},{"type":"Feature","properties":{"name":"Bernard","county":"Dubuque","type":"city"},"geometry":{"type":"Polygon","coordinates":[[[-90.83513,42.31663],[-90.83026,42.31662],[-90.83029,42.31303],[-90.82954,42.31304],[-90.83035,42.30893],[-90.83034,42.30943],[-90.83285,42.30943],[-90.83276,42.31482],[-90.83515,42.31508],[-90.83513,42.31663]]]}},{"type":"Feature","properties":{"name":"Bertram","county":"Linn","type":"city"},"geometry":{"type":"MultiPolygon","coordinates":[[[[-91.55232,41.95436],[-91.54551,41.95429],[-91.54544,41.96154],[-91.52597,41.9614],[-91.52583,41.94165],[-91.53033,41.94168],[-91.53033,41.94251],[-91.54539,41.94374],[-91.54619,41.94714],[-91.55232,41.95436]]],[[[-91.55648,41.94892],[-91.55085,41.95166],[-91.54705,41.94721],[-91.54587,41.94386],[-91.55121,41.94488],[-91.55648,41.94892]]]]}},{"type":"Feature","properties":{"name":"Bettendorf","county":"Scott","type":"city"},"geometry":{"type":"Polygon","coordinates":[[[-90.53303,41.52493],[-90.53236,41.53481],[-90.52262,41.53478],[-90.52225,41.55475],[-90.52256,41.56039],[-90.52243,41.56763],[-90.5028,41.56772],[-90.50286,41.58971],[-90.49321,41.58975],[-90.49313,41.59662],[-90.49081,41.59703],[-90.49076,41.60149],[-90.49394,41.60145],[-90.49387,41.61158],[-90.43265,41.61209],[-90.43271,41.59767],[-90.43507,41.59765],[-90.43498,41.56927],[-90.43389,41.56848],[-90.43012,41.56809],[-90.43059,41.568],[-90.43012,41.56484],[-90.42706,41.56486],[-90.4279,41.56716],[-90.42632,41.56744],[-90.42528,41.56637],[-90.42531,41.56384],[-90.42452,41.561],[-90.42503,41.55893],[-90.42453,41.55299],[-90.42723,41.55153],[-90.43273,41.54953],[-90.43843,41.54413],[-90.44523,41.53613],[-90.44935,41.53854],[-90.4502,41.53798],[-90.4535,41.54014],[-90.4555,41.542],[-90.45204,41.54499],[-90.4567,41.54668],[-90.45549,41.54894],[-90.46019,41.55082],[-90.46667,41.55216],[-90.46796,41.5536],[-90.47383,41.55351],[-90.47411,41.5363],[-90.47228,41.53435],[-90.47513,41.53254],[-90.47407,41.5318],[-90.47557,41.53006],[-90.47474,41.52755],[-90.47529,41.51964],[-90.48993,41.51823],[-90.50063,41.51803],[-90.51313,41.51953],[-90.53303,41.52493]],[[-90.45592,41.55573],[-90.45278,41.55263],[-90.45051,41.55441],[-90.45465,41.55857],[-90.45682,41.55796],[-90.45592,41.55573]]]}},{"type":"Feature","properties":{"name":"Bevington","county":"Warren","type":"city"},"geometry":{"type":"Polygon","coordinates":[[[-93.79995,41.35703],[-93.79512,41.35916],[-93.79517,41.36606],[-93.79051,41.36652],[-93.79043,41.36275],[-93.78318,41.36284],[-93.78466,41.36215],[-93.78178,41.36182],[-93.78026,41.35982],[-93.78052,41.35724],[-93.7848,41.3587],[-93.78481,41.35551],[-93.79028,41.35548],[-93.79504,41.35504],[-93.79507,41.35681],[-93.79727,41.35531],[-93.79529,41.35435],[-93.79903,41.35399],[-93.79995,41.35703]]]}},{"type":"Feature","properties":{"name":"Big Rock","county":"Scott","type":"community"},"geometry":{"type":"Polygon","coordinates":[[[-90.83254,41.77155],[-90.83037,41.77241],[-90.83055,41.77821],[-90.82897,41.77822],[-90.82765,41.77313],[-90.82562,41.7734],[-90.82564,41.77153],[-90.82102,41.77151],[-90.82113,41.76386],[-90.83091,41.76415],[-90.83065,41.77155],[-90.83254,41.77155]]]}},{"type":"Feature","properties":{"name":"Birmingham","county":"Van Buren","type":"city"},"geometry":{"type":"Polygon","coordinates":[[[-91.9557,40.88608],[-91.93854,40.88621],[-91.93886,40.86979],[-91.95589,40.86967],[-91.9557,40.88608]]]}},{"type":"Feature","properties":{"name":"Blairsburg","county":"Hamilton","type":"city"},"geometry":{"type":"Polygon","coordinates":[[[-93.65129,42.48194],[-93.64641,42.48195],[-93.64645,42.48557],[-93.63639,42.4856],[-93.636,42.48104],[-93.63676,42.47099],[-93.64633,42.47107],[-93.64636,42.47469],[-93.65122,42.47469],[-93.65129,42.48194]]]}},{"type":"Feature","properties":{"name":"Blairstown","county":"Benton","type":"city"},"geometry":{"type":"Polygon","coordinates":[[[-92.09416,41.91194],[-92.08847,41.9114],[-92.08447,41.91165],[-92.08446,41.91088],[-92.08149,41.91089],[-92.08146,41.90928],[-92.07032,41.90788],[-92.07036,41.90619],[-92.07464,41.90624],[-92.07463,41.90259],[-92.07954,41.90264],[-92.07964,41.89901],[-92.08441,41.89905],[-92.08442,41.9027],[-92.08925,41.9027],[-92.0893,41.91082],[-92.09415,41.91119],[-92.09416,41.91194]]]}},{"type":"Feature","properties":{"name":"Blakesburg","county":"Wapello","type":"city"},"geometry":{"type":"Polygon","coordinates":[[[-92.63937,40.95685],[-92.63931,40.96592],[-92.62969,40.96588],[-92.62964,40.95864],[-92.636,40.95866],[-92.63671,40.95685],[-92.63937,40.95685]]]}},{"type":"Feature","properties":{"name":"Blanchard","county":"Page","type":"city"},"geometry":{"type":"Polygon","coordinates":[[[-95.23086,40.58147],[-95.22447,40.58145],[-95.22425,40.58301],[-95.22128,40.58298],[-95.2213,40.58148],[-95.21168,40.58142],[-95.21166,40.57866],[-95.23086,40.57891],[-95.23086,40.58147]]]}},{"type":"Feature","properties":{"name":"Blencoe","county":"Monona","type":"city"},"geometry":{"type":"Polygon","coordinates":[[[-96.08926,41.93783],[-96.07468,41.93742],[-96.07468,41.92282],[-96.08925,41.92325],[-96.08926,41.93783]]]}},{"type":"Feature","properties":{"name":"Blockton","county":"Taylor","type":"city"},"geometry":{"type":"Polygon","coordinates":[[[-94.48751,40.61324],[-94.48405,40.61554],[-94.48083,40.61976],[-94.48078,40.62508],[-94.47139,40.62504],[-94.47131,40.61059],[-94.49038,40.61056],[-94.48751,40.61324]]]}},{"type":"Feature","properties":{"name":"Bloomfield","county":"Davis","type":"city"},"geometry":{"type":"Polygon","coordinates":[[[-92.42979,40.7349],[-92.42875,40.74007],[-92.42749,40.74003],[-92.42742,40.74398],[-92.42868,40.74398],[-92.42856,40.75131],[-92.42504,40.75128],[-92.42725,40.75496],[-92.42695,40.75794],[-92.42938,40.76137],[-92.42957,40.7629],[-92.42835,40.76544],[-92.41912,40.76545],[-92.41911,40.76168],[-92.41667,40.76203],[-92.41029,40.76199],[-92.40797,40.76237],[-92.40956,40.7598],[-92.40956,40.75699],[-92.40021,40.75657],[-92.40021,40.75472],[-92.39438,40.75476],[-92.39432,40.75114],[-92.40029,40.75066],[-92.39722,40.75014],[-92.39721,40.74946],[-92.40483,40.74908],[-92.40482,40.74673],[-92.40533,40.74912],[-92.40905,40.74963],[-92.40968,40.74755],[-92.40951,40.73654],[-92.41432,40.73658],[-92.41435,40.73977],[-92.41913,40.73979],[-92.41915,40.73663],[-92.4275,40.73674],[-92.42741,40.73218],[-92.4191,40.73213],[-92.41905,40.72576],[-92.42954,40.72575],[-92.42979,40.7349]],[[-92.41913,40.73979],[-92.41913,40.74193],[-92.41759,40.74192],[-92.41761,40.74107],[-92.41641,40.74106],[-92.41637,40.74228],[-92.41913,40.74303],[-92.41912,40.74395],[-92.42273,40.74316],[-92.42413,40.74397],[-92.42421,40.73993],[-92.41913,40.73979]]]}},{"type":"Feature","properties":{"name":"Blue Grass","county":"Scott","type":"city"},"geometry":{"type":"Polygon","coordinates":[[[-90.79948,41.52027],[-90.78492,41.52016],[-90.78499,41.51652],[-90.77533,41.51664],[-90.77526,41.52375],[-90.75101,41.52363],[-90.75118,41.51266],[-90.74637,41.51261],[-90.74638,41.50898],[-90.75124,41.509],[-90.75045,41.50014],[-90.75118,41.49451],[-90.77534,41.49468],[-90.7754,41.50924],[-90.78513,41.5093],[-90.78505,41.5129],[-90.79419,41.51293],[-90.79387,41.51658],[-90.79954,41.51661],[-90.79948,41.52027]]]}},{"type":"Feature","properties":{"name":"Bode","county":"Humboldt","type":"city"},"geometry":{"type":"Polygon","coordinates":[[[-94.29124,42.87385],[-94.28135,42.87389],[-94.28136,42.86306],[-94.28374,42.86305],[-94.28373,42.86125],[-94.28867,42.86153],[-94.28867,42.86304],[-94.29114,42.86304],[-94.29124,42.87385]]]}},{"type":"Feature","properties":{"name":"Bolan","county":"Worth","type":"community"},"geometry":{"type":"Polygon","coordinates":[[[-93.12417,43.36663],[-93.12417,43.37528],[-93.11385,43.37524],[-93.11376,43.36675],[-93.12417,43.36663]]]}},{"type":"Feature","properties":{"name":"Bonaparte","county":"Van Buren","type":"city"},"geometry":{"type":"Polygon","coordinates":[[[-91.80968,40.70416],[-91.80403,40.70421],[-91.80193,40.70625],[-91.80064,40.70531],[-91.79449,40.7052],[-91.79429,40.69667],[-91.80657,40.69783],[-91.80737,40.70182],[-91.80968,40.70416]]]}},{"type":"Feature","properties":{"name":"Bondurant","county":"Polk","type":"city"},"geometry":{"type":"Polygon","coordinates":[[[-93.49351,41.69402],[-93.48386,41.69629],[-93.4837,41.71017],[-93.47408,41.71018],[-93.47404,41.71737],[-93.46443,41.71742],[-93.46439,41.72465],[-93.46255,41.72466],[-93.46255,41.7276],[-93.46438,41.7276],[-93.46435,41.73192],[-93.45466,41.73192],[-93.45463,41.72468],[-93.44981,41.7247],[-93.44991,41.71746],[-93.42376,41.71741],[-93.42257,41.71836],[-93.41607,41.71833],[-93.41607,41.71738],[-93.40636,41.71733],[-93.40464,41.71814],[-93.4036,41.71666],[-93.40155,41.7167],[-93.40154,41.71168],[-93.40999,41.70874],[-93.41,41.70693],[-93.40762,41.70684],[-93.40763,41.70521],[-93.40644,41.70514],[-93.40646,41.70287],[-93.4238,41.70291],[-93.4238,41.70386],[-93.42577,41.70387],[-93.42576,41.70291],[-93.43543,41.70292],[-93.43543,41.69749],[-93.44027,41.6975],[-93.44026,41.69661],[-93.44511,41.6966],[-93.44508,41.68843],[-93.44992,41.68843],[-93.44994,41.68399],[-93.44512,41.68402],[-93.44511,41.67677],[-93.45482,41.67672],[-93.45484,41.6731],[-93.44514,41.67302],[-93.44514,41.67223],[-93.45483,41.67052],[-93.46456,41.66786],[-93.46457,41.66946],[-93.4677,41.66883],[-93.47079,41.66581],[-93.47884,41.66315],[-93.47884,41.66931],[-93.48361,41.66927],[-93.48482,41.67288],[-93.48362,41.67358],[-93.48378,41.68373],[-93.49349,41.6838],[-93.49351,41.69402]],[[-93.42576,41.70653],[-93.41611,41.7065],[-93.41608,41.70977],[-93.42576,41.70763],[-93.42576,41.70653]]]}},{"type":"Feature","properties":{"name":"Boone","county":"Boone","type":"city"},"geometry":{"type":"Polygon","coordinates":[[[-93.91749,42.06735],[-93.90299,42.06737],[-93.90294,42.0693],[-93.90744,42.07099],[-93.89315,42.07098],[-93.89315,42.07189],[-93.89465,42.07188],[-93.89464,42.07147],[-93.89665,42.07146],[-93.89666,42.07196],[-93.89483,42.07197],[-93.89482,42.07251],[-93.89625,42.07299],[-93.89457,42.07299],[-93.89457,42.07246],[-93.89315,42.07207],[-93.8932,42.07821],[-93.87692,42.07823],[-93.87694,42.08048],[-93.87377,42.08049],[-93.87374,42.07823],[-93.8641,42.07821],[-93.86409,42.06738],[-93.84953,42.06699],[-93.84952,42.06913],[-93.84461,42.06916],[-93.84458,42.06676],[-93.85149,42.0667],[-93.85148,42.06377],[-93.85393,42.06375],[-93.85392,42.06066],[-93.86533,42.06348],[-93.86791,42.06368],[-93.85725,42.06014],[-93.84464,42.05833],[-93.84458,42.0493],[-93.84212,42.04923],[-93.84211,42.04568],[-93.83968,42.04568],[-93.83962,42.04122],[-93.84452,42.04208],[-93.84444,42.03017],[-93.86384,42.0301],[-93.86383,42.02652],[-93.86485,42.0265],[-93.86738,42.02395],[-93.86735,42.02646],[-93.86867,42.02645],[-93.86861,42.03005],[-93.89296,42.03001],[-93.89309,42.04206],[-93.88821,42.04207],[-93.88819,42.04566],[-93.89001,42.04565],[-93.89075,42.04927],[-93.89305,42.04925],[-93.89397,42.04744],[-93.89793,42.04745],[-93.89791,42.04927],[-93.90271,42.04926],[-93.90269,42.04747],[-93.90396,42.04754],[-93.90295,42.04927],[-93.91137,42.04926],[-93.91222,42.04721],[-93.91497,42.04745],[-93.91498,42.04922],[-93.91739,42.04924],[-93.91749,42.06735]]]}},{"type":"Feature","properties":{"name":"Bouton","county":"Dallas","type":"city"},"geometry":{"type":"Polygon","coordinates":[[[-94.01449,41.85274],[-94.01184,41.85333],[-94.00677,41.85336],[-94.00684,41.84971],[-94.00884,41.84881],[-94.01317,41.84877],[-94.0145,41.84973],[-94.01449,41.85274]]]}},{"type":"Feature","properties":{"name":"Boxholm","county":"Boone","type":"city"},"geometry":{"type":"Polygon","coordinates":[[[-94.11582,42.18091],[-94.09632,42.18082],[-94.09631,42.16639],[-94.1158,42.1664],[-94.11582,42.18091]]]}},{"type":"Feature","properties":{"name":"Boyden","county":"Sioux","type":"city"},"geometry":{"type":"Polygon","coordinates":[[[-96.01999,43.19012],[-96.0103,43.18927],[-96.0102,43.19343],[-95.99026,43.19348],[-95.99009,43.18624],[-96.00003,43.18622],[-96.00053,43.18442],[-96.00995,43.1844],[-96.00999,43.18623],[-96.01983,43.18621],[-96.01999,43.19012]]]}},{"type":"Feature","properties":{"name":"Braddyville","county":"Page","type":"city"},"geometry":{"type":"Polygon","coordinates":[[[-95.04018,40.58496],[-95.02132,40.58439],[-95.02284,40.58022],[-95.02281,40.57852],[-95.02184,40.57616],[-95.04023,40.57644],[-95.04018,40.58496]]]}},{"type":"Feature","properties":{"name":"Bradford","county":"Franklin","type":"community"},"geometry":{"type":"Polygon","coordinates":[[[-93.26176,42.62972],[-93.26174,42.64379],[-93.24271,42.64369],[-93.24332,42.62957],[-93.26176,42.62972]]]}},{"type":"Feature","properties":{"name":"Bradgate","county":"Humboldt","type":"city"},"geometry":{"type":"Polygon","coordinates":[[[-94.42789,42.80809],[-94.41312,42.80833],[-94.41297,42.7974],[-94.42275,42.79732],[-94.4261,42.79906],[-94.42607,42.79995],[-94.42773,42.80132],[-94.42789,42.80809]]]}},{"type":"Feature","properties":{"name":"Brandon","county":"Buchanan","type":"city"},"geometry":{"type":"Polygon","coordinates":[[[-92.01179,42.31565],[-92.00846,42.31569],[-92.00683,42.31933],[-91.99725,42.31926],[-91.99718,42.31195],[-92.00207,42.31202],[-92.00205,42.31021],[-92.00694,42.31024],[-92.00841,42.31354],[-92.01183,42.31349],[-92.01179,42.31565]]]}},{"type":"Feature","properties":{"name":"Brayton","county":"Audubon","type":"city"},"geometry":{"type":"Polygon","coordinates":[[[-94.94085,41.54807],[-94.92172,41.548],[-94.9217,41.54076],[-94.93599,41.54079],[-94.93601,41.5444],[-94.94082,41.54442],[-94.94085,41.54807]]]}},{"type":"Feature","properties":{"name":"Breda","county":"Carroll","type":"city"},"geometry":{"type":"Polygon","coordinates":[[[-94.98526,42.18772],[-94.97561,42.18758],[-94.97545,42.19041],[-94.96581,42.19044],[-94.96582,42.18877],[-94.96436,42.18878],[-94.96444,42.18158],[-94.97052,42.18155],[-94.97059,42.17791],[-94.9853,42.17803],[-94.98526,42.18772]]]}},{"type":"Feature","properties":{"name":"Bridgewater","county":"Adair","type":"city"},"geometry":{"type":"Polygon","coordinates":[[[-94.67388,41.24762],[-94.6722,41.24764],[-94.67204,41.25108],[-94.67037,41.25398],[-94.66862,41.2551],[-94.66865,41.25254],[-94.66647,41.25254],[-94.66641,41.24773],[-94.66326,41.2477],[-94.6633,41.24469],[-94.66647,41.24384],[-94.66647,41.24183],[-94.67233,41.24189],[-94.67231,41.24418],[-94.67394,41.2442],[-94.67388,41.24762]]]}},{"type":"Feature","properties":{"name":"Brighton","county":"Washington","type":"city"},"geometry":{"type":"Polygon","coordinates":[[[-91.83034,41.18061],[-91.81211,41.18065],[-91.81193,41.16883],[-91.83034,41.16874],[-91.83034,41.18061]]]}},{"type":"Feature","properties":{"name":"Bristow","county":"Butler","type":"city"},"geometry":{"type":"Polygon","coordinates":[[[-92.91712,42.78102],[-92.89872,42.78111],[-92.89872,42.7666],[-92.91723,42.76652],[-92.91712,42.78102]]]}},{"type":"Feature","properties":{"name":"Britt","county":"Hancock","type":"city"},"geometry":{"type":"Polygon","coordinates":[[[-93.81532,43.09525],[-93.81283,43.09525],[-93.81282,43.10508],[-93.80788,43.10507],[-93.80787,43.10865],[-93.80296,43.10865],[-93.80296,43.11026],[-93.80176,43.11225],[-93.79799,43.11225],[-93.79798,43.10624],[-93.80297,43.10625],[-93.80298,43.10507],[-93.79306,43.10499],[-93.79305,43.10137],[-93.79014,43.10118],[-93.79015,43.09775],[-93.79303,43.0954],[-93.79295,43.09055],[-93.80067,43.09055],[-93.80554,43.08765],[-93.80554,43.08855],[-93.8106,43.08854],[-93.81058,43.08769],[-93.8127,43.08768],[-93.81278,43.09058],[-93.81529,43.09057],[-93.81532,43.09525]]]}},{"type":"Feature","properties":{"name":"Bronson","county":"Woodbury","type":"city"},"geometry":{"type":"Polygon","coordinates":[[[-96.21735,42.41282],[-96.20389,42.41253],[-96.20372,42.40522],[-96.2172,42.40553],[-96.21735,42.41282]]]}},{"type":"Feature","properties":{"name":"Brooklyn","county":"Poweshiek","type":"city"},"geometry":{"type":"Polygon","coordinates":[[[-92.45507,41.7372],[-92.4481,41.73718],[-92.44808,41.74266],[-92.44541,41.74268],[-92.44296,41.74211],[-92.43991,41.74315],[-92.43897,41.74093],[-92.43882,41.75017],[-92.43473,41.75015],[-92.43467,41.74638],[-92.43869,41.74636],[-92.43896,41.7402],[-92.43578,41.74024],[-92.43576,41.73695],[-92.43347,41.73777],[-92.43351,41.73531],[-92.43578,41.73535],[-92.43581,41.7278],[-92.43878,41.72717],[-92.43875,41.72455],[-92.44056,41.72454],[-92.44052,41.72092],[-92.45503,41.72069],[-92.45507,41.7372]]]}},{"type":"Feature","properties":{"name":"Brunsville","county":"Plymouth","type":"city"},"geometry":{"type":"Polygon","coordinates":[[[-96.27157,42.81602],[-96.26951,42.81498],[-96.26275,42.81502],[-96.26288,42.80921],[-96.25794,42.80923],[-96.25796,42.80781],[-96.27229,42.80778],[-96.26874,42.81423],[-96.27266,42.81484],[-96.27157,42.81602]]]}},{"type":"Feature","properties":{"name":"Buck Grove","county":"Crawford","type":"city"},"geometry":{"type":"Polygon","coordinates":[[[-95.40235,41.92054],[-95.38789,41.92138],[-95.38811,41.91418],[-95.40235,41.91402],[-95.40235,41.92054]]]}},{"type":"Feature","properties":{"name":"Buckeye","county":"Hardin","type":"city"},"geometry":{"type":"Polygon","coordinates":[[[-93.38558,42.42673],[-93.36611,42.4267],[-93.36606,42.41231],[-93.38554,42.41239],[-93.38558,42.42673]]]}},{"type":"Feature","properties":{"name":"Buffalo","county":"Scott","type":"city"},"geometry":{"type":"Polygon","coordinates":[[[-90.786,41.46575],[-90.7294,41.46516],[-90.72937,41.47026],[-90.72783,41.46894],[-90.72526,41.46514],[-90.71958,41.46512],[-90.71959,41.46183],[-90.71738,41.46184],[-90.71738,41.46512],[-90.71134,41.4652],[-90.71127,41.47243],[-90.69793,41.47252],[-90.6979,41.4743],[-90.69308,41.47429],[-90.69311,41.47256],[-90.68829,41.47263],[-90.68821,41.47542],[-90.68976,41.47623],[-90.7028,41.47612],[-90.70279,41.47975],[-90.69788,41.4798],[-90.69787,41.49072],[-90.68828,41.49078],[-90.68829,41.4835],[-90.68343,41.48354],[-90.68342,41.48717],[-90.67855,41.48723],[-90.67857,41.49072],[-90.67478,41.49075],[-90.67192,41.49033],[-90.66897,41.49097],[-90.66894,41.46373],[-90.68014,41.46283],[-90.68744,41.45953],[-90.69084,41.45753],[-90.69904,41.45703],[-90.70734,41.45693],[-90.70874,41.45593],[-90.71494,41.45573],[-90.72694,41.45423],[-90.74179,41.45332],[-90.74859,41.45243],[-90.75264,41.45144],[-90.75571,41.45125],[-90.76474,41.45307],[-90.77197,41.45286],[-90.77623,41.45401],[-90.78042,41.45405],[-90.78622,41.45585],[-90.786,41.46575]],[[-90.71939,41.46052],[-90.71738,41.46052],[-90.71738,41.46162],[-90.71937,41.46161],[-90.71939,41.46052]]]}},{"type":"Feature","properties":{"name":"Buffalo Center","county":"Winnebago","type":"city"},"geometry":{"type":"Polygon","coordinates":[[[-93.95684,43.39281],[-93.94329,43.39289],[-93.94338,43.39468],[-93.94194,43.39469],[-93.94198,43.40005],[-93.93204,43.40016],[-93.93201,43.3859],[-93.94192,43.3859],[-93.94197,43.37836],[-93.95182,43.37832],[-93.95189,43.38683],[-93.95424,43.38698],[-93.95459,43.3909],[-93.95682,43.39089],[-93.95684,43.39281]]]}},{"type":"Feature","properties":{"name":"Burchinal","county":"Cerro Gordo","type":"community"},"geometry":{"type":"Polygon","coordinates":[[[-93.28064,43.0671],[-93.27449,43.06711],[-93.27551,43.0655],[-93.28064,43.06009],[-93.28064,43.0671]]]}},{"type":"Feature","properties":{"name":"Burlington","county":"Des Moines","type":"city"},"geometry":{"type":"Polygon","coordinates":[[[-91.18019,40.80068],[-91.17135,40.80059],[-91.16814,40.79959],[-91.16576,40.80028],[-91.16572,40.80232],[-91.1636,40.80229],[-91.16396,40.80551],[-91.15779,40.80546],[-91.15694,40.80796],[-91.15511,40.80792],[-91.15482,40.81089],[-91.15317,40.81147],[-91.15314,40.81378],[-91.14619,40.81465],[-91.14615,40.82595],[-91.16065,40.82605],[-91.16065,40.82808],[-91.16632,40.8281],[-91.16638,40.83336],[-91.15944,40.83351],[-91.15944,40.83552],[-91.15109,40.83548],[-91.1505,40.8338],[-91.15062,40.83331],[-91.14483,40.83322],[-91.1467,40.83665],[-91.14467,40.83643],[-91.14137,40.84045],[-91.13547,40.84045],[-91.1355,40.84187],[-91.13278,40.84445],[-91.13161,40.84505],[-91.13214,40.84045],[-91.1296,40.84043],[-91.12961,40.84224],[-91.12842,40.84223],[-91.12844,40.84084],[-91.12796,40.84083],[-91.12796,40.84041],[-91.12722,40.84041],[-91.12721,40.84109],[-91.12476,40.84108],[-91.12477,40.84221],[-91.12248,40.84386],[-91.12248,40.84761],[-91.11784,40.8476],[-91.11781,40.84222],[-91.12004,40.84222],[-91.12003,40.84036],[-91.11468,40.84026],[-91.11312,40.83751],[-91.11281,40.83306],[-91.10819,40.83299],[-91.10958,40.83639],[-91.10775,40.83715],[-91.10547,40.8373],[-91.10537,40.83697],[-91.1048,40.84062],[-91.1112,40.84039],[-91.1116,40.84192],[-91.1129,40.84192],[-91.11292,40.84426],[-91.10569,40.84425],[-91.10447,40.8447],[-91.10448,40.84211],[-91.09935,40.84208],[-91.0995,40.84167],[-91.09905,40.84152],[-91.09936,40.83952],[-91.09836,40.83472],[-91.09859,40.83305],[-91.07833,40.83284],[-91.09007,40.82464],[-91.09299,40.82108],[-91.09685,40.81162],[-91.09765,40.80557],[-91.09703,40.80247],[-91.09226,40.79291],[-91.09125,40.78672],[-91.0917,40.77971],[-91.09361,40.77431],[-91.10804,40.77459],[-91.10804,40.7735],[-91.10363,40.77392],[-91.10365,40.77015],[-91.10981,40.7702],[-91.10878,40.7746],[-91.11223,40.77462],[-91.11323,40.77233],[-91.11888,40.77238],[-91.11845,40.77469],[-91.12041,40.77473],[-91.12108,40.7724],[-91.12103,40.76769],[-91.12203,40.76382],[-91.12352,40.76373],[-91.12374,40.76069],[-91.12374,40.76374],[-91.12691,40.76381],[-91.12507,40.76462],[-91.12644,40.76682],[-91.12661,40.7748],[-91.1419,40.77493],[-91.14179,40.7796],[-91.14066,40.77904],[-91.14065,40.78063],[-91.14177,40.78062],[-91.14172,40.78361],[-91.14481,40.78134],[-91.14493,40.78321],[-91.1478,40.78444],[-91.14785,40.78561],[-91.14944,40.78563],[-91.14948,40.78384],[-91.15076,40.78391],[-91.15074,40.78515],[-91.1598,40.78547],[-91.15976,40.79239],[-91.15599,40.79417],[-91.16077,40.79424],[-91.16072,40.79671],[-91.16621,40.79695],[-91.16577,40.79178],[-91.16858,40.79196],[-91.17058,40.79154],[-91.17048,40.79698],[-91.18006,40.79703],[-91.18019,40.80068]]]}},{"type":"Feature","properties":{"name":"Burr Oak","county":"Winneshiek","type":"community"},"geometry":{"type":"Polygon","coordinates":[[[-91.8698,43.46481],[-91.85497,43.4648],[-91.85479,43.45057],[-91.86466,43.45056],[-91.86898,43.45477],[-91.8695,43.4564],[-91.8698,43.46481]]]}},{"type":"Feature","properties":{"name":"Burt","county":"Kossuth","type":"city"},"geometry":{"type":"Polygon","coordinates":[[[-94.23014,43.1976],[-94.22656,43.19858],[-94.22648,43.20493],[-94.22285,43.20395],[-94.22028,43.20474],[-94.2165,43.20475],[-94.21657,43.20116],[-94.21414,43.20115],[-94.2142,43.19752],[-94.21681,43.19754],[-94.21529,43.19391],[-94.22655,43.19394],[-94.22657,43.19631],[-94.23013,43.19631],[-94.23014,43.1976]]]}},{"type":"Feature","properties":{"name":"Bussey","county":"Marion","type":"city"},"geometry":{"type":"Polygon","coordinates":[[[-92.88909,41.20996],[-92.87954,41.20997],[-92.87946,41.2009],[-92.88901,41.20088],[-92.88909,41.20996]]]}},{"type":"Feature","properties":{"name":"Calamus","county":"Clinton","type":"city"},"geometry":{"type":"Polygon","coordinates":[[[-90.76717,41.82203],[-90.76712,41.8311],[-90.75252,41.83104],[-90.75256,41.82632],[-90.75037,41.82629],[-90.75039,41.82464],[-90.75258,41.82465],[-90.75262,41.82202],[-90.76019,41.82202],[-90.76021,41.82068],[-90.76235,41.82071],[-90.76232,41.82202],[-90.76717,41.82203]]]}},{"type":"Feature","properties":{"name":"California Junction","county":"Harrison","type":"community"},"geometry":{"type":"Polygon","coordinates":[[[-96.00238,41.56644],[-95.99005,41.56641],[-95.99011,41.5508],[-95.99516,41.55095],[-95.99577,41.55749],[-96.00082,41.56054],[-96.00238,41.56644]]]}},{"type":"Feature","properties":{"name":"Callender","county":"Webster","type":"city"},"geometry":{"type":"Polygon","coordinates":[[[-94.30067,42.35447],[-94.3004,42.3691],[-94.29058,42.36884],[-94.29054,42.36254],[-94.28826,42.36248],[-94.28827,42.36158],[-94.29053,42.36163],[-94.29044,42.35431],[-94.30067,42.35447]]]}},{"type":"Feature","properties":{"name":"Calmar","county":"Winneshiek","type":"city"},"geometry":{"type":"Polygon","coordinates":[[[-91.87901,43.19054],[-91.87452,43.1906],[-91.87403,43.18948],[-91.8739,43.19246],[-91.87144,43.19246],[-91.87146,43.19381],[-91.8667,43.19061],[-91.85926,43.1905],[-91.85951,43.1817],[-91.85926,43.18164],[-91.85933,43.17609],[-91.86437,43.17611],[-91.86439,43.16887],[-91.86471,43.16887],[-91.86495,43.16719],[-91.86923,43.16715],[-91.8692,43.16878],[-91.87424,43.16887],[-91.87418,43.17741],[-91.87465,43.17744],[-91.87417,43.17916],[-91.87412,43.18336],[-91.87651,43.18338],[-91.87581,43.18555],[-91.87409,43.18576],[-91.87407,43.18713],[-91.87901,43.18912],[-91.87901,43.19054]]]}},{"type":"Feature","properties":{"name":"Calumet","county":"O'Brien","type":"city"},"geometry":{"type":"Polygon","coordinates":[[[-95.55731,42.9464],[-95.55432,42.94723],[-95.55433,42.95003],[-95.54811,42.95002],[-95.54811,42.94847],[-95.54627,42.94846],[-95.54739,42.94378],[-95.54897,42.94379],[-95.54873,42.93914],[-95.55421,42.93916],[-95.55426,42.94457],[-95.55729,42.94458],[-95.55731,42.9464]]]}},{"type":"Feature","properties":{"name":"Camanche","county":"Clinton","type":"city"},"geometry":{"type":"MultiPolygon","coordinates":[[[[-90.31779,41.77928],[-90.31598,41.77926],[-90.31599,41.77815],[-90.3178,41.77815],[-90.31779,41.77928]]],[[[-90.33054,41.78291],[-90.33052,41.79383],[-90.29654,41.79375],[-90.29651,41.80045],[-90.30209,41.80047],[-90.30208,41.80103],[-90.31592,41.8011],[-90.3159,41.80834],[-90.30133,41.80827],[-90.30136,41.80122],[-90.28178,41.80098],[-90.28178,41.80396],[-90.28227,41.80511],[-90.28315,41.80592],[-90.28974,41.80958],[-90.28974,41.8136],[-90.29615,41.8136],[-90.29641,41.81528],[-90.26324,41.81519],[-90.26324,41.81466],[-90.26247,41.81466],[-90.26245,41.81521],[-90.25753,41.81527],[-90.25768,41.80452],[-90.25443,41.80452],[-90.23575,41.81128],[-90.23525,41.81097],[-90.23341,41.81115],[-90.23224,41.81002],[-90.23495,41.80785],[-90.23231,41.80597],[-90.23404,41.80398],[-90.23485,41.80094],[-90.23422,41.79767],[-90.23473,41.79485],[-90.23728,41.79028],[-90.24179,41.78476],[-90.24238,41.78296],[-90.25862,41.77529],[-90.26329,41.77211],[-90.27863,41.76736],[-90.27971,41.76658],[-90.27967,41.77184],[-90.29662,41.77198],[-90.29654,41.77913],[-90.29881,41.77787],[-90.30283,41.77926],[-90.31598,41.77926],[-90.31597,41.78284],[-90.33054,41.78291]],[[-90.27277,41.80261],[-90.26737,41.80259],[-90.26736,41.80455],[-90.27101,41.80456],[-90.27277,41.80261]]]]}},{"type":"Feature","properties":{"name":"Cambridge","county":"Story","type":"city"},"geometry":{"type":"Polygon","coordinates":[[[-93.56065,41.90687],[-93.55577,41.90684],[-93.55575,41.90324],[-93.546,41.90317],[-93.54599,41.90123],[-93.54109,41.90119],[-93.54106,41.90489],[-93.54269,41.90489],[-93.54268,41.90676],[-93.53987,41.90674],[-93.5404,41.90841],[-93.53794,41.90842],[-93.53793,41.90674],[-93.52161,41.90673],[-93.52161,41.89761],[-93.51921,41.8976],[-93.51921,41.89526],[-93.52161,41.89515],[-93.5216,41.8922],[-93.53133,41.89226],[-93.53133,41.89108],[-93.53274,41.89221],[-93.54105,41.89223],[-93.54112,41.8995],[-93.56062,41.89968],[-93.56065,41.90687]]]}},{"type":"Feature","properties":{"name":"Cantril","county":"Van Buren","type":"city"},"geometry":{"type":"Polygon","coordinates":[[[-92.07649,40.64531],[-92.07644,40.64712],[-92.06848,40.64706],[-92.06845,40.64888],[-92.06367,40.64886],[-92.06365,40.64717],[-92.06111,40.64703],[-92.06122,40.63793],[-92.07563,40.63798],[-92.07562,40.64488],[-92.07799,40.64531],[-92.07649,40.64531]]]}},{"type":"Feature","properties":{"name":"Carbon","county":"Adams","type":"city"},"geometry":{"type":"Polygon","coordinates":[[[-94.83412,41.05533],[-94.81498,41.05506],[-94.81495,41.0442],[-94.83417,41.04444],[-94.83412,41.05533]]]}},{"type":"Feature","properties":{"name":"Carlisle","county":"Warren","type":"city"},"geometry":{"type":"Polygon","coordinates":[[[-93.53481,41.51081],[-93.51857,41.51012],[-93.51994,41.51073],[-93.51996,41.51518],[-93.51884,41.52056],[-93.51758,41.52227],[-93.51759,41.5247],[-93.5152,41.52463],[-93.5152,41.52564],[-93.51714,41.52572],[-93.51847,41.52958],[-93.51833,41.53179],[-93.51679,41.53753],[-93.51387,41.53656],[-93.50803,41.53229],[-93.50071,41.52616],[-93.50073,41.52407],[-93.50437,41.52419],[-93.50432,41.52054],[-93.50116,41.52049],[-93.50072,41.5168],[-93.49561,41.51662],[-93.4956,41.51912],[-93.4933,41.51954],[-93.49109,41.51762],[-93.4912,41.52736],[-93.4959,41.52753],[-93.49594,41.53477],[-93.47185,41.53398],[-93.4718,41.50858],[-93.48146,41.50886],[-93.48149,41.50183],[-93.47891,41.50175],[-93.47611,41.49809],[-93.47189,41.49797],[-93.47203,41.49433],[-93.48135,41.49463],[-93.48136,41.49296],[-93.48059,41.49255],[-93.48058,41.49226],[-93.48588,41.49395],[-93.49369,41.47665],[-93.5058,41.47698],[-93.50581,41.4806],[-93.50092,41.48042],[-93.50093,41.48405],[-93.49833,41.484],[-93.4961,41.48524],[-93.49607,41.49121],[-93.50446,41.49146],[-93.50011,41.49616],[-93.50347,41.49754],[-93.50298,41.49869],[-93.50456,41.49875],[-93.50462,41.50062],[-93.50572,41.50062],[-93.5057,41.5023],[-93.50414,41.50225],[-93.5021,41.501],[-93.50326,41.50317],[-93.50317,41.5059],[-93.50074,41.50585],[-93.50067,41.50765],[-93.49706,41.50667],[-93.49468,41.50854],[-93.48984,41.5091],[-93.49315,41.50919],[-93.49239,41.51113],[-93.49407,41.51125],[-93.49587,41.51241],[-93.49871,41.51224],[-93.49881,41.51135],[-93.50068,41.51141],[-93.50069,41.5132],[-93.50559,41.51337],[-93.50556,41.51698],[-93.51036,41.51715],[-93.51053,41.50248],[-93.51535,41.50267],[-93.51523,41.507],[-93.51637,41.50769],[-93.52005,41.50691],[-93.52007,41.50509],[-93.52184,41.5068],[-93.52858,41.50705],[-93.52909,41.50447],[-93.52968,41.5068],[-93.53498,41.50701],[-93.53481,41.51081]]]}},{"type":"Feature","properties":{"name":"Carpenter","county":"Mitchell","type":"city"},"geometry":{"type":"Polygon","coordinates":[[[-93.02427,43.41869],[-93.00998,43.41864],[-93.00991,43.41208],[-93.01405,43.4121],[-93.01404,43.41136],[-93.02422,43.41142],[-93.02427,43.41869]]]}},{"type":"Feature","properties":{"name":"Carroll","county":"Carroll","type":"city"},"geometry":{"type":"Polygon","coordinates":[[[-94.90189,42.07807],[-94.8954,42.07798],[-94.89621,42.07839],[-94.88868,42.07838],[-94.88808,42.07873],[-94.89657,42.07891],[-94.89655,42.08207],[-94.88828,42.08206],[-94.88829,42.07988],[-94.88426,42.07988],[-94.88425,42.07852],[-94.88126,42.07854],[-94.88123,42.08278],[-94.87859,42.08165],[-94.8786,42.08322],[-94.87683,42.08211],[-94.8738,42.0821],[-94.87378,42.0832],[-94.87113,42.08319],[-94.87112,42.08485],[-94.86891,42.08483],[-94.86889,42.09612],[-94.85914,42.09611],[-94.85919,42.09291],[-94.85184,42.09295],[-94.8519,42.0867],[-94.84242,42.08677],[-94.84258,42.08225],[-94.84679,42.08223],[-94.8468,42.07864],[-94.84266,42.07868],[-94.84263,42.07634],[-94.84392,42.07507],[-94.85165,42.07498],[-94.84969,42.07448],[-94.84974,42.07143],[-94.84722,42.07089],[-94.84252,42.07097],[-94.84254,42.07147],[-94.83763,42.07143],[-94.83741,42.06427],[-94.83406,42.06423],[-94.83405,42.06259],[-94.83739,42.06262],[-94.8373,42.05565],[-94.84223,42.05691],[-94.84221,42.05563],[-94.8455,42.05559],[-94.8455,42.057],[-94.85173,42.05693],[-94.85173,42.05333],[-94.85934,42.05319],[-94.85938,42.04451],[-94.869,42.04465],[-94.86898,42.04966],[-94.87867,42.04969],[-94.87883,42.05689],[-94.87649,42.05687],[-94.87649,42.0587],[-94.87869,42.05871],[-94.8786,42.06143],[-94.88023,42.06143],[-94.88026,42.0569],[-94.88354,42.0569],[-94.88358,42.07239],[-94.89571,42.07132],[-94.89799,42.07186],[-94.89798,42.07488],[-94.90038,42.07489],[-94.90189,42.07807]]]}},{"type":"Feature","properties":{"name":"Carson","county":"Pottawattamie","type":"city"},"geometry":{"type":"Polygon","coordinates":[[[-95.43166,41.23844],[-95.42803,41.23844],[-95.42573,41.23735],[-95.42545,41.24003],[-95.42337,41.24005],[-95.42297,41.2418],[-95.41798,41.24185],[-95.41799,41.24002],[-95.4108,41.24018],[-95.41085,41.23639],[-95.40844,41.23638],[-95.40852,41.23267],[-95.41332,41.23275],[-95.41331,41.22913],[-95.41814,41.22915],[-95.41815,41.23146],[-95.41639,41.23277],[-95.4252,41.23285],[-95.42519,41.22795],[-95.42576,41.22713],[-95.42679,41.22803],[-95.4269,41.22902],[-95.42605,41.23286],[-95.43177,41.23295],[-95.43166,41.23844]]]}},{"type":"Feature","properties":{"name":"Carter Lake","county":"Pottawattamie","type":"city"},"geometry":{"type":"Polygon","coordinates":[[[-95.92959,41.2923],[-95.92749,41.2984],[-95.92029,41.3011],[-95.90589,41.3009],[-95.90429,41.2996],[-95.90429,41.2935],[-95.91249,41.2795],[-95.90385,41.27423],[-95.91092,41.27331],[-95.91388,41.27253],[-95.91454,41.27177],[-95.92869,41.2814],[-95.92959,41.2851],[-95.92959,41.2923]]]}},{"type":"Feature","properties":{"name":"Cascade","county":"Dubuque","type":"city"},"geometry":{"type":"Polygon","coordinates":[[[-91.02841,42.30028],[-91.0215,42.30343],[-91.01953,42.30302],[-91.02227,42.30505],[-91.01877,42.30776],[-91.01426,42.30967],[-91.01369,42.30775],[-91.0108,42.30491],[-91.00875,42.30474],[-91.00841,42.30751],[-91.005,42.30751],[-91.00498,42.31021],[-90.98079,42.31005],[-90.98083,42.30152],[-90.98348,42.30157],[-90.98354,42.3007],[-90.98367,42.30151],[-90.98672,42.30093],[-90.99675,42.30136],[-90.99789,42.29717],[-90.99792,42.29564],[-90.99335,42.29566],[-90.99767,42.29344],[-91.00085,42.29302],[-91.00418,42.29573],[-91.00782,42.29577],[-91.01228,42.29465],[-91.01351,42.2935],[-91.00948,42.2934],[-91.00951,42.29097],[-91.01349,42.29175],[-91.01375,42.28975],[-91.01439,42.29165],[-91.01867,42.2912],[-91.02357,42.29187],[-91.02351,42.3005],[-91.02464,42.2994],[-91.02841,42.29941],[-91.02841,42.30028]]]}},{"type":"Feature","properties":{"name":"Casey","county":"Guthrie","type":"city"},"geometry":{"type":"Polygon","coordinates":[[[-94.52866,41.51459],[-94.51424,41.51464],[-94.5141,41.5003],[-94.52861,41.50039],[-94.52866,41.51459]]]}},{"type":"Feature","properties":{"name":"Castalia","county":"Winneshiek","type":"city"},"geometry":{"type":"Polygon","coordinates":[[[-91.68447,43.11795],[-91.66958,43.11803],[-91.66964,43.11455],[-91.66702,43.11308],[-91.66966,43.11307],[-91.66966,43.10718],[-91.68458,43.1071],[-91.68447,43.11795]]]}},{"type":"Feature","properties":{"name":"Castana","county":"Monona","type":"city"},"geometry":{"type":"Polygon","coordinates":[[[-95.91928,42.08102],[-95.90462,42.08106],[-95.9045,42.07556],[-95.90002,42.07562],[-95.89999,42.06677],[-95.90461,42.06652],[-95.91944,42.06658],[-95.91928,42.08102]]]}},{"type":"Feature","properties":{"name":"Cedar Falls","county":"Black Hawk","type":"city"},"geometry":{"type":"Polygon","coordinates":[[[-92.50485,42.5277],[-92.49994,42.52767],[-92.50021,42.55941],[-92.4756,42.5594],[-92.47539,42.57386],[-92.41634,42.57409],[-92.41611,42.55588],[-92.41656,42.53811],[-92.41749,42.53749],[-92.42194,42.53667],[-92.42503,42.53506],[-92.4267,42.53299],[-92.4284,42.52902],[-92.43312,42.52699],[-92.43316,42.52666],[-92.43017,42.5246],[-92.42572,42.52483],[-92.4206,42.5266],[-92.41613,42.52872],[-92.41608,42.52712],[-92.41517,42.52393],[-92.41613,42.52039],[-92.41122,42.52032],[-92.41123,42.52212],[-92.40878,42.52208],[-92.40845,42.5204],[-92.40631,42.52011],[-92.40638,42.49884],[-92.40598,42.47299],[-92.43601,42.47312],[-92.43597,42.4695],[-92.43674,42.4695],[-92.43674,42.46424],[-92.47589,42.46507],[-92.4759,42.46954],[-92.47522,42.46954],[-92.47522,42.47498],[-92.48504,42.47499],[-92.48504,42.47318],[-92.494,42.47318],[-92.49484,42.47669],[-92.49489,42.48409],[-92.48137,42.48411],[-92.4814,42.49133],[-92.49986,42.49131],[-92.49991,42.52036],[-92.50484,42.52039],[-92.50485,42.5277]]]}},{"type":"Feature","properties":{"name":"Cedar Rapids","county":"Linn","type":"city"},"geometry":{"type":"Polygon","coordinates":[[[-91.77455,41.97843],[-91.77369,41.97849],[-91.7743,41.97398],[-91.76647,41.97345],[-91.76647,41.97535],[-91.76478,41.97532],[-91.76478,41.97868],[-91.77455,41.97876],[-91.77451,41.98507],[-91.77266,41.98505],[-91.77266,41.986],[-91.77451,41.98602],[-91.77452,42.008],[-91.76963,42.00792],[-91.7696,42.00425],[-91.76171,42.00416],[-91.76041,42.0005],[-91.75817,41.99789],[-91.75902,41.99756],[-91.75898,41.9968],[-91.76471,41.99686],[-91.76475,42.00055],[-91.76954,42.00057],[-91.76964,41.98234],[-91.7599,41.98227],[-91.7599,41.98332],[-91.75722,41.9833],[-91.75722,41.98226],[-91.75503,41.98225],[-91.75502,41.9786],[-91.75015,41.97854],[-91.75011,41.97583],[-91.74807,41.97581],[-91.74807,41.97715],[-91.74752,41.97714],[-91.74752,41.97851],[-91.74034,41.97848],[-91.74033,41.98213],[-91.74248,41.98213],[-91.74248,41.98477],[-91.73543,41.98304],[-91.73386,41.98209],[-91.73395,41.9837],[-91.73543,41.98438],[-91.73546,41.99146],[-91.73178,41.99097],[-91.73357,41.99248],[-91.73374,41.99506],[-91.7314,41.99507],[-91.7314,41.99628],[-91.72979,41.9966],[-91.72975,41.99352],[-91.72813,41.99352],[-91.72818,41.99688],[-91.72483,41.99793],[-91.71839,42.00212],[-91.7183,41.99655],[-91.71609,41.99653],[-91.7161,42.00649],[-91.71991,42.00383],[-91.72412,42.00023],[-91.72887,41.99826],[-91.73287,41.99768],[-91.73539,41.9994],[-91.73905,42.00362],[-91.74118,42.00481],[-91.74458,42.00763],[-91.74593,42.00838],[-91.74504,42.01007],[-91.74326,42.01038],[-91.74327,42.01245],[-91.74152,42.01317],[-91.73972,42.01483],[-91.73515,42.01483],[-91.73507,42.01866],[-91.73253,42.02083],[-91.73103,42.02143],[-91.72546,42.02191],[-91.72559,42.01476],[-91.72442,42.01475],[-91.72443,42.0155],[-91.72185,42.01548],[-91.72176,42.01831],[-91.72083,42.0183],[-91.72091,42.01474],[-91.71618,42.01473],[-91.71618,42.02197],[-91.71939,42.02204],[-91.71938,42.02441],[-91.71825,42.02553],[-91.71671,42.02583],[-91.71615,42.02656],[-91.71615,42.02561],[-91.71205,42.02555],[-91.71208,42.02805],[-91.71513,42.0283],[-91.71827,42.0257],[-91.72083,42.02573],[-91.72169,42.02446],[-91.72082,42.02404],[-91.72115,42.02208],[-91.72366,42.02163],[-91.72537,42.02314],[-91.72558,42.02843],[-91.71964,42.02926],[-91.71378,42.02921],[-91.71292,42.03045],[-91.71349,42.03045],[-91.71277,42.03528],[-91.72115,42.03916],[-91.7267,42.04092],[-91.72612,42.04389],[-91.73101,42.04388],[-91.73104,42.04193],[-91.73348,42.04248],[-91.73336,42.04798],[-91.72608,42.048],[-91.72603,42.04436],[-91.72113,42.04437],[-91.72114,42.04996],[-91.72351,42.05023],[-91.72349,42.05165],[-91.72115,42.05167],[-91.72136,42.06822],[-91.7204,42.06824],[-91.71695,42.06542],[-91.7169,42.06084],[-91.71404,42.0608],[-91.71406,42.05899],[-91.71177,42.05897],[-91.71204,42.06147],[-91.70849,42.05924],[-91.70522,42.05892],[-91.70503,42.06252],[-91.69702,42.0624],[-91.69711,42.05881],[-91.70196,42.05888],[-91.70221,42.04792],[-91.71176,42.04799],[-91.71193,42.04434],[-91.70228,42.0443],[-91.70251,42.04243],[-91.7035,42.04063],[-91.70971,42.04069],[-91.7099,42.04256],[-91.71203,42.0426],[-91.71119,42.03997],[-91.71125,42.03602],[-91.70785,42.03486],[-91.68772,42.03489],[-91.68771,42.03412],[-91.68734,42.03412],[-91.68735,42.03489],[-91.66696,42.03476],[-91.66632,42.03825],[-91.66629,42.04235],[-91.66803,42.04236],[-91.66803,42.04597],[-91.66664,42.04778],[-91.66668,42.0514],[-91.66305,42.05159],[-91.66306,42.05369],[-91.66495,42.0537],[-91.66734,42.05434],[-91.66734,42.05472],[-91.66828,42.05526],[-91.66638,42.0587],[-91.66308,42.05867],[-91.66306,42.06231],[-91.65821,42.0623],[-91.65784,42.06259],[-91.65816,42.06685],[-91.65328,42.06681],[-91.65329,42.06423],[-91.64903,42.06419],[-91.64794,42.06337],[-91.64593,42.06354],[-91.64594,42.06197],[-91.64201,42.05989],[-91.63856,42.05877],[-91.63872,42.07667],[-91.63319,42.07656],[-91.63344,42.07534],[-91.63233,42.07655],[-91.62897,42.0765],[-91.62899,42.06218],[-91.63426,42.06211],[-91.63422,42.05871],[-91.63608,42.05804],[-91.62876,42.05559],[-91.62878,42.05044],[-91.62916,42.04985],[-91.62389,42.04926],[-91.62395,42.04383],[-91.62683,42.04022],[-91.62891,42.04024],[-91.62871,42.03305],[-91.63361,42.03419],[-91.63362,42.03254],[-91.62871,42.03245],[-91.62857,42.03025],[-91.62529,42.03013],[-91.62611,42.02842],[-91.62351,42.02788],[-91.61941,42.02774],[-91.6196,42.024],[-91.61883,42.024],[-91.61888,42.02681],[-91.61778,42.02742],[-91.61769,42.02664],[-91.61396,42.02645],[-91.61392,42.02049],[-91.61879,42.02045],[-91.61876,42.017],[-91.62242,42.01699],[-91.6224,42.01459],[-91.6237,42.01531],[-91.62372,42.02052],[-91.62865,42.0206],[-91.62861,42.01806],[-91.62801,42.01805],[-91.62856,42.0156],[-91.62852,42.0115],[-91.62633,42.01199],[-91.62449,42.00961],[-91.61881,42.00951],[-91.61879,42.00854],[-91.61782,42.00853],[-91.61783,42.00897],[-91.61623,42.0071],[-91.61576,42.00411],[-91.61862,42.00375],[-91.61866,41.99773],[-91.61624,41.99773],[-91.61625,41.9968],[-91.61393,41.99681],[-91.61394,41.99572],[-91.61121,41.99515],[-91.61119,41.99273],[-91.6176,41.99504],[-91.61798,41.99292],[-91.6165,41.99288],[-91.61668,41.99188],[-91.61857,41.99188],[-91.61578,41.99138],[-91.61381,41.99139],[-91.6138,41.99267],[-91.61095,41.99216],[-91.61002,41.99233],[-91.61096,41.99515],[-91.60566,41.99516],[-91.60413,41.99405],[-91.60052,41.99713],[-91.60055,41.99553],[-91.59915,41.99569],[-91.59823,41.99638],[-91.59543,41.99526],[-91.59407,41.99862],[-91.59574,41.99865],[-91.59552,42.00597],[-91.59356,42.00589],[-91.59368,42.00248],[-91.58777,42.0021],[-91.58639,42.00128],[-91.58583,41.99785],[-91.58416,41.99783],[-91.5842,41.99571],[-91.59087,41.99575],[-91.59254,41.99295],[-91.59527,41.99473],[-91.59813,41.99588],[-91.59914,41.99512],[-91.60037,41.99511],[-91.6,41.99396],[-91.6023,41.99083],[-91.6033,41.98872],[-91.60527,41.98898],[-91.60527,41.9883],[-91.60402,41.9883],[-91.60402,41.98781],[-91.60357,41.98782],[-91.60369,41.98742],[-91.59914,41.98781],[-91.59911,41.98414],[-91.59551,41.98336],[-91.59662,41.98127],[-91.59411,41.98122],[-91.59409,41.98276],[-91.5911,41.98152],[-91.59156,41.98091],[-91.59411,41.98106],[-91.59618,41.98044],[-91.59567,41.97798],[-91.5991,41.97757],[-91.5991,41.97732],[-91.59959,41.97733],[-91.59959,41.97688],[-91.60031,41.97689],[-91.6003,41.97322],[-91.60154,41.97323],[-91.60153,41.97579],[-91.60076,41.9758],[-91.60075,41.97687],[-91.60399,41.97686],[-91.60394,41.97323],[-91.60634,41.97339],[-91.60639,41.97686],[-91.60698,41.97686],[-91.60694,41.97322],[-91.60758,41.97603],[-91.60876,41.97603],[-91.60875,41.96959],[-91.60576,41.96958],[-91.60576,41.97323],[-91.60395,41.97198],[-91.60394,41.96958],[-91.60092,41.96959],[-91.59914,41.96839],[-91.59914,41.96867],[-91.59425,41.96859],[-91.59426,41.96589],[-91.61837,41.96591],[-91.61866,41.94821],[-91.61425,41.94888],[-91.61158,41.94967],[-91.60765,41.95156],[-91.58865,41.9635],[-91.58674,41.96435],[-91.58402,41.96504],[-91.58088,41.96523],[-91.58123,41.96734],[-91.5795,41.96763],[-91.57802,41.96556],[-91.57443,41.9642],[-91.57007,41.96163],[-91.56616,41.96109],[-91.56086,41.95969],[-91.55494,41.95877],[-91.55411,41.95597],[-91.55069,41.95188],[-91.5564,41.94908],[-91.56382,41.95519],[-91.56419,41.95441],[-91.56513,41.95424],[-91.56581,41.95661],[-91.57148,41.96057],[-91.57981,41.96073],[-91.57979,41.96183],[-91.58587,41.96197],[-91.59107,41.95918],[-91.59504,41.95748],[-91.59917,41.9547],[-91.60962,41.94633],[-91.61286,41.94525],[-91.61852,41.9454],[-91.61852,41.94459],[-91.61279,41.94388],[-91.61019,41.94479],[-91.60707,41.94664],[-91.59921,41.95275],[-91.59925,41.94752],[-91.59425,41.94746],[-91.59396,41.94059],[-91.59644,41.9406],[-91.59647,41.93674],[-91.59895,41.93675],[-91.59891,41.93339],[-91.6086,41.93337],[-91.6088,41.94499],[-91.61475,41.94305],[-91.61849,41.94317],[-91.61836,41.93345],[-91.61348,41.93341],[-91.61343,41.92982],[-91.60856,41.92982],[-91.60853,41.92674],[-91.59381,41.92676],[-91.59383,41.93094],[-91.58894,41.9311],[-91.58893,41.92977],[-91.58407,41.92977],[-91.58399,41.92544],[-91.59373,41.92488],[-91.59887,41.92565],[-91.60357,41.92528],[-91.61812,41.92593],[-91.61758,41.92411],[-91.60996,41.92137],[-91.61031,41.91975],[-91.60842,41.91931],[-91.60837,41.91533],[-91.61367,41.91533],[-91.61373,41.92133],[-91.61189,41.92176],[-91.61825,41.9241],[-91.61843,41.92576],[-91.62933,41.92618],[-91.63242,41.92582],[-91.63028,41.9191],[-91.62675,41.91904],[-91.6199,41.91175],[-91.63567,41.91195],[-91.6372,41.91283],[-91.63719,41.90473],[-91.64991,41.90494],[-91.64994,41.90342],[-91.65327,41.90346],[-91.65147,41.90124],[-91.64958,41.90125],[-91.64956,41.89764],[-91.65168,41.89767],[-91.65163,41.89043],[-91.65405,41.89048],[-91.654,41.88681],[-91.65157,41.88678],[-91.65154,41.88313],[-91.66123,41.88327],[-91.66134,41.89058],[-91.66623,41.89061],[-91.66608,41.88334],[-91.6617,41.88328],[-91.66165,41.87999],[-91.66604,41.88005],[-91.66599,41.8761],[-91.66784,41.87613],[-91.66847,41.87768],[-91.66971,41.87766],[-91.66933,41.87171],[-91.66838,41.86985],[-91.6675,41.86983],[-91.6672,41.86657],[-91.66845,41.86522],[-91.67055,41.86525],[-91.66947,41.86158],[-91.67672,41.86171],[-91.6768,41.86531],[-91.68523,41.86542],[-91.68524,41.86905],[-91.6758,41.86895],[-91.67584,41.87468],[-91.67313,41.87472],[-91.67088,41.87535],[-91.67088,41.87616],[-91.67585,41.87622],[-91.67586,41.87726],[-91.68054,41.87753],[-91.68052,41.87624],[-91.68532,41.87631],[-91.68546,41.88446],[-91.69032,41.88453],[-91.69007,41.8727],[-91.695,41.87274],[-91.69494,41.86912],[-91.70474,41.86923],[-91.70477,41.87653],[-91.70965,41.87659],[-91.70974,41.88019],[-91.72939,41.8802],[-91.72933,41.87658],[-91.73419,41.87658],[-91.73425,41.88015],[-91.744,41.88013],[-91.74405,41.88377],[-91.75878,41.88376],[-91.75886,41.88744],[-91.74907,41.88742],[-91.74913,41.89104],[-91.73451,41.8911],[-91.73482,41.90564],[-91.74178,41.9056],[-91.74186,41.90875],[-91.74465,41.90874],[-91.74476,41.91407],[-91.7342,41.91733],[-91.73022,41.9196],[-91.73046,41.92304],[-91.72811,41.92386],[-91.72534,41.92387],[-91.72541,41.92749],[-91.71548,41.92754],[-91.71523,41.93327],[-91.72469,41.93058],[-91.72552,41.93177],[-91.72565,41.93709],[-91.72813,41.93706],[-91.72889,41.93835],[-91.72556,41.93833],[-91.72557,41.93904],[-91.72443,41.93903],[-91.72442,41.93832],[-91.71935,41.93805],[-91.72049,41.93905],[-91.73066,41.94166],[-91.73059,41.93835],[-91.73547,41.93833],[-91.73529,41.93104],[-91.74322,41.93098],[-91.74332,41.93831],[-91.74047,41.93831],[-91.7405,41.94084],[-91.73555,41.94085],[-91.73557,41.94197],[-91.73214,41.94198],[-91.73186,41.9428],[-91.74557,41.94657],[-91.74556,41.94556],[-91.742,41.94381],[-91.74056,41.94382],[-91.74052,41.94199],[-91.74692,41.94231],[-91.74722,41.94282],[-91.756,41.93919],[-91.75545,41.94038],[-91.7555,41.94191],[-91.75776,41.94192],[-91.7577,41.93827],[-91.76493,41.93836],[-91.765,41.94196],[-91.76017,41.94194],[-91.7603,41.94947],[-91.75898,41.94946],[-91.75856,41.95038],[-91.76552,41.95255],[-91.77008,41.95548],[-91.77169,41.95686],[-91.75508,41.95674],[-91.75514,41.96038],[-91.75992,41.96043],[-91.75989,41.96411],[-91.76723,41.96418],[-91.76715,41.97144],[-91.76966,41.97147],[-91.76967,41.96419],[-91.77275,41.96412],[-91.77458,41.96553],[-91.77454,41.97508],[-91.77711,41.9751],[-91.77455,41.97843]],[[-91.73057,41.99081],[-91.73011,41.99072],[-91.73011,41.98906],[-91.72863,41.98905],[-91.72864,41.9904],[-91.72827,41.99031],[-91.72827,41.98905],[-91.72581,41.98916],[-91.72581,41.98974],[-91.73057,41.9916],[-91.73057,41.99081]],[[-91.70711,42.02086],[-91.70616,42.02032],[-91.7044,42.02014],[-91.70455,42.02178],[-91.70713,42.02183],[-91.70711,42.02086]],[[-91.70704,42.01722],[-91.70639,42.01813],[-91.70505,42.01731],[-91.70519,42.01893],[-91.70428,42.0195],[-91.70614,42.01923],[-91.70707,42.01867],[-91.70704,42.01722]],[[-91.70701,42.01455],[-91.70493,42.01452],[-91.70249,42.01774],[-91.70449,42.0176],[-91.7042,42.01652],[-91.70704,42.01629],[-91.70701,42.01455]],[[-91.6081,41.981],[-91.60563,41.98192],[-91.60664,41.98192],[-91.60665,41.98248],[-91.60885,41.98247],[-91.6081,41.981]]]}},{"type":"Feature","properties":{"name":"Center Junction","county":"Jones","type":"community"},"geometry":{"type":"Polygon","coordinates":[[[-91.09782,42.12108],[-91.0829,42.12117],[-91.08304,42.10701],[-91.09771,42.10719],[-91.09782,42.12108]]]}},{"type":"Feature","properties":{"name":"Center Point","county":"Linn","type":"city"},"geometry":{"type":"MultiPolygon","coordinates":[[[[-91.78465,42.17216],[-91.78259,42.17221],[-91.78121,42.16992],[-91.7836,42.1688],[-91.78476,42.16858],[-91.78465,42.17216]]],[[[-91.79668,42.19891],[-91.794,42.19783],[-91.79393,42.20131],[-91.77428,42.20148],[-91.7746,42.18631],[-91.76497,42.18259],[-91.76502,42.1796],[-91.76611,42.17991],[-91.76573,42.17687],[-91.76494,42.17518],[-91.76349,42.17596],[-91.76032,42.17596],[-91.76034,42.16868],[-91.76521,42.16867],[-91.76525,42.165],[-91.76659,42.165],[-91.77204,42.17594],[-91.76882,42.16866],[-91.77324,42.16865],[-91.7732,42.17052],[-91.77492,42.17052],[-91.77499,42.16784],[-91.77661,42.16919],[-91.77808,42.17146],[-91.78156,42.17274],[-91.78454,42.17438],[-91.78457,42.1758],[-91.7861,42.17579],[-91.79417,42.18151],[-91.79405,42.19182],[-91.79656,42.19158],[-91.79655,42.19392],[-91.79403,42.19395],[-91.79401,42.19577],[-91.7965,42.19576],[-91.79668,42.19891]]]]}},{"type":"Feature","properties":{"name":"Centerville","county":"Appanoose","type":"city"},"geometry":{"type":"Polygon","coordinates":[[[-92.89202,40.71454],[-92.89172,40.72746],[-92.89174,40.74698],[-92.88927,40.74807],[-92.88721,40.75068],[-92.89174,40.75061],[-92.89172,40.75356],[-92.88673,40.75445],[-92.88679,40.75198],[-92.88737,40.74986],[-92.88888,40.74818],[-92.89099,40.74697],[-92.86221,40.74706],[-92.86221,40.74758],[-92.86357,40.74763],[-92.86381,40.74807],[-92.86292,40.74859],[-92.86437,40.74956],[-92.86222,40.75241],[-92.86055,40.75243],[-92.86053,40.75067],[-92.85816,40.75069],[-92.858,40.73255],[-92.85338,40.73257],[-92.85332,40.72555],[-92.85792,40.72531],[-92.85787,40.7186],[-92.85317,40.71816],[-92.85319,40.72393],[-92.84841,40.72458],[-92.84839,40.71784],[-92.84362,40.7178],[-92.84359,40.71059],[-92.86267,40.71069],[-92.86267,40.71187],[-92.86452,40.71189],[-92.8649,40.70812],[-92.86768,40.70809],[-92.86771,40.71018],[-92.86636,40.71017],[-92.86607,40.7119],[-92.86789,40.71076],[-92.86789,40.71342],[-92.86242,40.71323],[-92.86241,40.71436],[-92.89202,40.71454]]]}},{"type":"Feature","properties":{"name":"Central City","county":"Linn","type":"city"},"geometry":{"type":"Polygon","coordinates":[[[-91.5366,42.20046],[-91.53459,42.20035],[-91.53478,42.20424],[-91.53251,42.20416],[-91.53157,42.2032],[-91.53088,42.2043],[-91.53093,42.20929],[-91.53054,42.20929],[-91.52979,42.21254],[-91.52771,42.21253],[-91.52962,42.2133],[-91.52791,42.21414],[-91.5279,42.21581],[-91.52541,42.21557],[-91.52543,42.21293],[-91.52445,42.21268],[-91.52645,42.21207],[-91.52563,42.20925],[-91.52404,42.20933],[-91.52401,42.21129],[-91.52434,42.21229],[-91.51976,42.21253],[-91.52008,42.20615],[-91.51677,42.20643],[-91.50994,42.20634],[-91.51,42.20264],[-91.51129,42.20264],[-91.51127,42.20052],[-91.51496,42.20064],[-91.51497,42.19912],[-91.52303,42.19932],[-91.52111,42.19562],[-91.52251,42.19566],[-91.52253,42.19311],[-91.51995,42.19302],[-91.51996,42.19195],[-91.52967,42.19217],[-91.52733,42.19696],[-91.52611,42.19871],[-91.5269,42.19803],[-91.53009,42.19195],[-91.53231,42.19198],[-91.53369,42.19295],[-91.53255,42.20074],[-91.53364,42.1959],[-91.53531,42.19591],[-91.53528,42.19792],[-91.5366,42.19795],[-91.5366,42.20046]]]}},{"type":"Feature","properties":{"name":"Centralia","county":"Dubuque","type":"city"},"geometry":{"type":"Polygon","coordinates":[[[-90.84858,42.47432],[-90.84032,42.47431],[-90.83872,42.47398],[-90.83872,42.47796],[-90.82515,42.478],[-90.82514,42.47438],[-90.82885,42.47435],[-90.82883,42.47073],[-90.83059,42.47071],[-90.83066,42.46565],[-90.83785,42.46563],[-90.83835,42.46835],[-90.83965,42.46901],[-90.84247,42.46752],[-90.84719,42.47068],[-90.84857,42.47068],[-90.84858,42.47432]]]}},{"type":"Feature","properties":{"name":"Chapin","county":"Franklin","type":"community"},"geometry":{"type":"Polygon","coordinates":[[[-93.22423,42.83543],[-93.22402,42.8378],[-93.21951,42.838],[-93.21949,42.83426],[-93.21804,42.83362],[-93.2235,42.83225],[-93.22346,42.83362],[-93.22579,42.8336],[-93.22423,42.83543]]]}},{"type":"Feature","properties":{"name":"Chariton","county":"Lucas","type":"city"},"geometry":{"type":"Polygon","coordinates":[[[-93.32775,41.00721],[-93.32768,41.03262],[-93.31112,41.03274],[-93.31798,41.0347],[-93.31796,41.0361],[-93.30839,41.03606],[-93.30845,41.03261],[-93.29888,41.03265],[-93.29894,41.02924],[-93.29416,41.02927],[-93.29403,41.01487],[-93.29292,41.01447],[-93.29291,41.00723],[-93.29064,41.00722],[-93.29066,41.00979],[-93.28649,41.00974],[-93.28647,41.00857],[-93.28799,41.00857],[-93.28798,41.00694],[-93.28915,41.00723],[-93.28914,41.00581],[-93.28749,41.00526],[-93.28913,41.0053],[-93.2891,40.99985],[-93.29382,40.99987],[-93.29381,40.99843],[-93.29869,41.00354],[-93.30319,41.00348],[-93.30435,41.00194],[-93.30617,41.00193],[-93.30616,41.00361],[-93.30813,41.00358],[-93.30808,40.99993],[-93.31285,40.99992],[-93.31304,41.00355],[-93.31732,41.00355],[-93.31784,41.00432],[-93.31939,41.00389],[-93.32192,41.00517],[-93.31975,41.0072],[-93.32775,41.00721]],[[-93.29555,41.00115],[-93.29398,41.00119],[-93.29386,41.00292],[-93.29568,41.0029],[-93.29555,41.00115]]]}},{"type":"Feature","properties":{"name":"Charles City","county":"Floyd","type":"city"},"geometry":{"type":"Polygon","coordinates":[[[-92.70241,43.05267],[-92.70234,43.07457],[-92.69801,43.07484],[-92.69245,43.07086],[-92.69251,43.07341],[-92.69214,43.07535],[-92.69246,43.07547],[-92.69239,43.08318],[-92.64361,43.0831],[-92.64352,43.07815],[-92.65346,43.07826],[-92.65332,43.06737],[-92.6434,43.06722],[-92.64336,43.06316],[-92.65014,43.06326],[-92.64835,43.06192],[-92.64829,43.05277],[-92.65118,43.05282],[-92.65211,43.05153],[-92.65284,43.05284],[-92.66761,43.05273],[-92.66765,43.05095],[-92.67077,43.05081],[-92.66315,43.04676],[-92.66319,43.03819],[-92.67261,43.038],[-92.6726,43.04539],[-92.67752,43.04537],[-92.67753,43.0498],[-92.68249,43.04979],[-92.68249,43.04893],[-92.68742,43.04888],[-92.68746,43.04674],[-92.68967,43.04674],[-92.68969,43.04535],[-92.69576,43.04538],[-92.6958,43.05264],[-92.70241,43.05267]]]}},{"type":"Feature","properties":{"name":"Charlotte","county":"Clinton","type":"city"},"geometry":{"type":"Polygon","coordinates":[[[-90.47562,41.9676],[-90.46107,41.96771],[-90.46089,41.95676],[-90.47548,41.95664],[-90.47562,41.9676]]]}},{"type":"Feature","properties":{"name":"Charter Oak","county":"Crawford","type":"city"},"geometry":{"type":"Polygon","coordinates":[[[-95.60113,42.06853],[-95.59471,42.07008],[-95.59485,42.07439],[-95.58665,42.07431],[-95.58676,42.07138],[-95.58013,42.06981],[-95.58004,42.06618],[-95.58492,42.06617],[-95.58499,42.06256],[-95.59484,42.06259],[-95.59914,42.06572],[-95.59559,42.06625],[-95.59587,42.06927],[-95.59778,42.06679],[-95.60026,42.06655],[-95.60113,42.06853]]]}},{"type":"Feature","properties":{"name":"Chatsworth","county":"Sioux","type":"city"},"geometry":{"type":"Polygon","coordinates":[[[-96.51929,42.92349],[-96.50947,42.92353],[-96.50969,42.90904],[-96.51952,42.90913],[-96.51929,42.92349]]]}},{"type":"Feature","properties":{"name":"Chelsea","county":"Tama","type":"city"},"geometry":{"type":"Polygon","coordinates":[[[-92.40422,41.92763],[-92.38843,41.92747],[-92.38513,41.92999],[-92.38493,41.91303],[-92.40421,41.91314],[-92.40422,41.92763]]]}},{"type":"Feature","properties":{"name":"Cherokee","county":"Cherokee","type":"city"},"geometry":{"type":"Polygon","coordinates":[[[-95.58386,42.7485],[-95.58355,42.76436],[-95.56395,42.76428],[-95.56396,42.77156],[-95.55723,42.77147],[-95.55726,42.76967],[-95.55369,42.76961],[-95.55405,42.77131],[-95.55061,42.77043],[-95.54888,42.77133],[-95.53382,42.77104],[-95.53143,42.77266],[-95.52977,42.77264],[-95.52979,42.76737],[-95.53468,42.76741],[-95.53471,42.76995],[-95.53894,42.76509],[-95.54048,42.76582],[-95.54108,42.76393],[-95.53863,42.76495],[-95.53633,42.76388],[-95.525,42.76375],[-95.52508,42.75092],[-95.53483,42.75111],[-95.53485,42.7493],[-95.53853,42.74935],[-95.53514,42.74748],[-95.52513,42.74728],[-95.52528,42.73472],[-95.54901,42.73511],[-95.54972,42.72771],[-95.55043,42.72772],[-95.55181,42.72494],[-95.55183,42.72048],[-95.55103,42.71534],[-95.55272,42.71525],[-95.55452,42.71619],[-95.55448,42.7205],[-95.56558,42.72073],[-95.56598,42.72108],[-95.56607,42.72179],[-95.56757,42.72315],[-95.56294,42.72541],[-95.56299,42.72775],[-95.56426,42.73148],[-95.55902,42.73143],[-95.55928,42.73519],[-95.57423,42.73537],[-95.57401,42.7481],[-95.58386,42.7485]]]}},{"type":"Feature","properties":{"name":"Chester","county":"Howard","type":"city"},"geometry":{"type":"Polygon","coordinates":[[[-92.37634,43.50062],[-92.35573,43.5006],[-92.35555,43.49427],[-92.35067,43.49426],[-92.35066,43.48339],[-92.37532,43.48327],[-92.37541,43.4905],[-92.37634,43.50062]]]}},{"type":"Feature","properties":{"name":"Chillicothe","county":"Wapello","type":"city"},"geometry":{"type":"Polygon","coordinates":[[[-92.53479,41.0897],[-92.52527,41.08964],[-92.52516,41.08246],[-92.53475,41.08243],[-92.53479,41.0897]]]}},{"type":"Feature","properties":{"name":"Churdan","county":"Greene","type":"city"},"geometry":{"type":"Polygon","coordinates":[[[-94.49177,42.15537],[-94.48934,42.15537],[-94.48935,42.15897],[-94.48814,42.15897],[-94.48819,42.16625],[-94.47965,42.1662],[-94.47967,42.16981],[-94.46991,42.16977],[-94.46988,42.16251],[-94.46502,42.16245],[-94.465,42.15533],[-94.46925,42.15533],[-94.46925,42.1481],[-94.46498,42.14809],[-94.46497,42.14446],[-94.47471,42.14449],[-94.47464,42.13724],[-94.48437,42.13731],[-94.48442,42.14454],[-94.4893,42.14455],[-94.48933,42.15179],[-94.49176,42.15179],[-94.49177,42.15537]]]}},{"type":"Feature","properties":{"name":"Cincinnati","county":"Appanoose","type":"city"},"geometry":{"type":"Polygon","coordinates":[[[-92.93885,40.63818],[-92.90555,40.63817],[-92.90559,40.62369],[-92.93884,40.62365],[-92.93885,40.63818]]]}},{"type":"Feature","properties":{"name":"Clare","county":"Webster","type":"city"},"geometry":{"type":"Polygon","coordinates":[[[-94.35415,42.59109],[-94.33466,42.59104],[-94.33472,42.5838],[-94.35417,42.58386],[-94.35415,42.59109]]]}},{"type":"Feature","properties":{"name":"Clarence","county":"Cedar","type":"city"},"geometry":{"type":"Polygon","coordinates":[[[-91.07042,41.89091],[-91.05968,41.89062],[-91.05004,41.88873],[-91.04473,41.88869],[-91.04468,41.88133],[-91.06932,41.88138],[-91.06946,41.88873],[-91.07042,41.89091]]]}},{"type":"Feature","properties":{"name":"Clarinda","county":"Page","type":"city"},"geometry":{"type":"Polygon","coordinates":[[[-95.0612,40.74227],[-95.05173,40.7423],[-95.05177,40.74961],[-95.04704,40.74963],[-95.04704,40.75313],[-95.04504,40.75315],[-95.04466,40.75395],[-95.04465,40.76036],[-95.03873,40.76046],[-95.03881,40.76397],[-95.03283,40.764],[-95.03277,40.76033],[-95.02987,40.76031],[-95.02964,40.74946],[-95.00695,40.74943],[-95.00769,40.74722],[-95.00811,40.74683],[-95.0092,40.74635],[-95.01148,40.74608],[-95.01323,40.74452],[-95.01386,40.74349],[-95.01392,40.74196],[-95.01254,40.73569],[-95.01203,40.72927],[-95.01234,40.72769],[-95.01417,40.72613],[-95.01494,40.72412],[-95.02028,40.72427],[-95.02042,40.71705],[-95.02861,40.71718],[-95.02872,40.71364],[-95.03214,40.71387],[-95.03248,40.71449],[-95.03218,40.71723],[-95.03815,40.7173],[-95.03803,40.72088],[-95.04751,40.721],[-95.0473,40.72769],[-95.05181,40.72782],[-95.05176,40.73082],[-95.05671,40.73397],[-95.06005,40.73784],[-95.0612,40.74227]]]}},{"type":"Feature","properties":{"name":"Clarion","county":"Wright","type":"city"},"geometry":{"type":"Polygon","coordinates":[[[-93.75507,42.74251],[-93.74519,42.74255],[-93.7452,42.73884],[-93.73675,42.73884],[-93.73645,42.74259],[-93.73528,42.74404],[-93.7353,42.74132],[-93.73301,42.74133],[-93.73303,42.73891],[-93.72997,42.73893],[-93.72996,42.74257],[-93.72507,42.74254],[-93.72462,42.74618],[-93.71523,42.74625],[-93.71529,42.739],[-93.70549,42.73904],[-93.70554,42.73247],[-93.70352,42.73181],[-93.70357,42.72969],[-93.70556,42.72989],[-93.70561,42.72384],[-93.72527,42.72405],[-93.72545,42.7169],[-93.73531,42.71705],[-93.73533,42.72066],[-93.74526,42.72063],[-93.74528,42.72704],[-93.75507,42.72704],[-93.75507,42.74251]]]}},{"type":"Feature","properties":{"name":"Clarksville","county":"Butler","type":"city"},"geometry":{"type":"Polygon","coordinates":[[[-92.67803,42.78833],[-92.67279,42.78833],[-92.6728,42.79195],[-92.6679,42.79192],[-92.66788,42.78966],[-92.66471,42.78962],[-92.66466,42.78826],[-92.65796,42.7882],[-92.65791,42.7701],[-92.67779,42.77011],[-92.67772,42.78468],[-92.67803,42.78833]]]}},{"type":"Feature","properties":{"name":"Clayton","county":"Clayton","type":"city"},"geometry":{"type":"Polygon","coordinates":[[[-91.15657,42.91374],[-91.15247,42.90983],[-91.15066,42.90742],[-91.14169,42.89968],[-91.13804,42.8986],[-91.13621,42.89596],[-91.15117,42.89618],[-91.1512,42.89977],[-91.15628,42.90008],[-91.15667,42.90621],[-91.15657,42.91374]]]}},{"type":"Feature","properties":{"name":"Clear Lake","county":"Cerro Gordo","type":"city"},"geometry":{"type":"Polygon","coordinates":[[[-93.43823,43.13636],[-93.42486,43.139],[-93.42489,43.14097],[-93.41843,43.14097],[-93.4184,43.14457],[-93.42338,43.14455],[-93.42341,43.14635],[-93.41842,43.14637],[-93.41843,43.14816],[-93.40355,43.1482],[-93.40357,43.15183],[-93.40855,43.15181],[-93.40852,43.15545],[-93.37431,43.15545],[-93.37438,43.16272],[-93.36795,43.16273],[-93.36772,43.1615],[-93.36708,43.16098],[-93.36636,43.16098],[-93.36634,43.16273],[-93.36446,43.16273],[-93.36445,43.15546],[-93.35949,43.15545],[-93.3595,43.15908],[-93.35577,43.15906],[-93.35585,43.15541],[-93.35502,43.15724],[-93.35126,43.15722],[-93.35126,43.15825],[-93.34964,43.15824],[-93.34965,43.15539],[-93.34466,43.15537],[-93.34468,43.15011],[-93.34358,43.14942],[-93.33975,43.14941],[-93.33974,43.14829],[-93.33007,43.14817],[-93.32991,43.14449],[-93.32767,43.14448],[-93.32751,43.14104],[-93.32738,43.14448],[-93.32503,43.14448],[-93.32505,43.14814],[-93.32013,43.14814],[-93.32001,43.12646],[-93.33971,43.12649],[-93.33962,43.11193],[-93.37864,43.11191],[-93.37861,43.10465],[-93.38617,43.10465],[-93.38614,43.10826],[-93.3884,43.10825],[-93.38853,43.11196],[-93.39844,43.11188],[-93.39845,43.12649],[-93.43826,43.12661],[-93.43823,43.13636]]]}},{"type":"Feature","properties":{"name":"Clearfield","county":"Taylor","type":"city"},"geometry":{"type":"Polygon","coordinates":[[[-94.50332,40.79819],[-94.4956,40.79817],[-94.49551,40.81259],[-94.49074,40.81257],[-94.49068,40.80056],[-94.48595,40.80084],[-94.48597,40.80356],[-94.48118,40.80357],[-94.48121,40.81255],[-94.47167,40.81255],[-94.47168,40.8062],[-94.46995,40.80609],[-94.4699,40.79635],[-94.48594,40.79656],[-94.48593,40.79818],[-94.49068,40.79816],[-94.49073,40.79458],[-94.50027,40.79456],[-94.50333,40.79538],[-94.50332,40.79819]]]}},{"type":"Feature","properties":{"name":"Cleghorn","county":"Cherokee","type":"city"},"geometry":{"type":"Polygon","coordinates":[[[-95.7207,42.81542],[-95.70836,42.81555],[-95.70836,42.81287],[-95.70585,42.81119],[-95.70821,42.81013],[-95.70835,42.80817],[-95.71336,42.80812],[-95.71336,42.81109],[-95.72071,42.8131],[-95.7207,42.81542]]]}},{"type":"Feature","properties":{"name":"Clemons","county":"Marshall","type":"city"},"geometry":{"type":"Polygon","coordinates":[[[-93.16352,42.11751],[-93.15378,42.11753],[-93.15382,42.11031],[-93.16358,42.11029],[-93.16352,42.11751]]]}},{"type":"Feature","properties":{"name":"Clermont","county":"Fayette","type":"city"},"geometry":{"type":"Polygon","coordinates":[[[-91.66515,42.99319],[-91.66502,43.0076],[-91.64292,43.00762],[-91.64292,42.99926],[-91.63554,42.99855],[-91.63558,42.99316],[-91.65763,42.9932],[-91.66162,42.99054],[-91.66234,42.99126],[-91.65789,42.9932],[-91.66515,42.99319]]]}},{"type":"Feature","properties":{"name":"Climbing Hill","county":"Woodbury","type":"community"},"geometry":{"type":"Polygon","coordinates":[[[-96.08945,42.33606],[-96.09032,42.33875],[-96.08879,42.34507],[-96.08634,42.34781],[-96.08867,42.34952],[-96.08571,42.35198],[-96.08464,42.35091],[-96.08068,42.35208],[-96.07819,42.3536],[-96.07801,42.34782],[-96.07244,42.34783],[-96.07244,42.32852],[-96.08532,42.32878],[-96.0893,42.33002],[-96.09046,42.3333],[-96.08945,42.33606]]]}},{"type":"Feature","properties":{"name":"Clinton","county":"Clinton","type":"city"},"geometry":{"type":"Polygon","coordinates":[[[-90.34515,41.79386],[-90.34505,41.84487],[-90.25751,41.84456],[-90.25749,41.8664],[-90.2285,41.8665],[-90.22855,41.87742],[-90.21867,41.87748],[-90.21877,41.89932],[-90.20889,41.8995],[-90.20886,41.91013],[-90.15351,41.90967],[-90.15358,41.90661],[-90.15702,41.89802],[-90.16506,41.88378],[-90.17004,41.87644],[-90.17276,41.86615],[-90.17301,41.8574],[-90.17505,41.85363],[-90.1814,41.84465],[-90.1819,41.84322],[-90.18376,41.83624],[-90.18397,41.83307],[-90.18172,41.8226],[-90.18064,41.81198],[-90.18095,41.80935],[-90.18197,41.80707],[-90.18797,41.80316],[-90.20949,41.79734],[-90.20893,41.81546],[-90.21541,41.81542],[-90.21867,41.81344],[-90.21883,41.80091],[-90.23485,41.80094],[-90.23404,41.80398],[-90.23231,41.80597],[-90.23495,41.80785],[-90.23224,41.81002],[-90.23341,41.81115],[-90.23525,41.81097],[-90.23575,41.81128],[-90.25443,41.80452],[-90.25768,41.80452],[-90.25753,41.81527],[-90.26245,41.81521],[-90.26247,41.81466],[-90.26324,41.81466],[-90.26324,41.81519],[-90.29641,41.81528],[-90.29641,41.81464],[-90.29779,41.81465],[-90.29782,41.81188],[-90.29596,41.81188],[-90.29593,41.81325],[-90.28315,41.80592],[-90.28227,41.80511],[-90.28178,41.80396],[-90.28178,41.80098],[-90.30136,41.80122],[-90.30133,41.80827],[-90.31106,41.80832],[-90.31102,41.81193],[-90.30617,41.81193],[-90.3061,41.81533],[-90.31587,41.81541],[-90.31592,41.8011],[-90.30208,41.80103],[-90.30209,41.80047],[-90.29651,41.80045],[-90.29654,41.79375],[-90.34515,41.79386]]]}},{"type":"Feature","properties":{"name":"Clio","county":"Wayne","type":"city"},"geometry":{"type":"Polygon","coordinates":[[[-93.46091,40.63071],[-93.46082,40.64163],[-93.44186,40.64128],[-93.44186,40.63053],[-93.46091,40.63071]]]}},{"type":"Feature","properties":{"name":"Clive","county":"Dallas","type":"city"},"geometry":{"type":"Polygon","coordinates":[[[-93.87221,41.64014],[-93.87186,41.64374],[-93.84319,41.64375],[-93.84323,41.62213],[-93.82391,41.62213],[-93.82392,41.61476],[-93.72678,41.61473],[-93.72674,41.60845],[-93.72538,41.60844],[-93.72535,41.60766],[-93.71958,41.60769],[-93.7181,41.60038],[-93.71859,41.59642],[-93.71953,41.59742],[-93.72424,41.60035],[-93.81522,41.60045],[-93.81522,41.60134],[-93.81668,41.60133],[-93.81668,41.60316],[-93.81427,41.60317],[-93.81426,41.60769],[-93.83841,41.60764],[-93.8384,41.61376],[-93.84068,41.61381],[-93.84059,41.61498],[-93.84589,41.615],[-93.84697,41.61775],[-93.84806,41.61853],[-93.85289,41.61855],[-93.85286,41.62352],[-93.84804,41.62349],[-93.84804,41.62394],[-93.85165,41.62396],[-93.85165,41.6236],[-93.85286,41.62361],[-93.85286,41.62432],[-93.85048,41.62431],[-93.85048,41.6251],[-93.85216,41.62511],[-93.85221,41.6254],[-93.85286,41.62541],[-93.85285,41.6366],[-93.85351,41.63565],[-93.8536,41.63126],[-93.85307,41.62936],[-93.86488,41.62932],[-93.86713,41.63155],[-93.86985,41.62928],[-93.87193,41.62928],[-93.87221,41.64014]]]}},{"type":"Feature","properties":{"name":"Clutier","county":"Tama","type":"city"},"geometry":{"type":"Polygon","coordinates":[[[-92.41089,42.08667],[-92.39633,42.08648],[-92.39629,42.07203],[-92.41084,42.07213],[-92.41089,42.08667]]]}},{"type":"Feature","properties":{"name":"Coalville","county":"Webster","type":"community"},"geometry":{"type":"Polygon","coordinates":[[[-94.13957,42.43619],[-94.13869,42.44],[-94.13513,42.44365],[-94.13426,42.44562],[-94.13439,42.44809],[-94.12387,42.45078],[-94.11429,42.44986],[-94.10193,42.44922],[-94.10257,42.44802],[-94.10131,42.44695],[-94.10152,42.44551],[-94.10035,42.44434],[-94.10028,42.44114],[-94.10167,42.43986],[-94.10037,42.43826],[-94.10031,42.43686],[-94.0987,42.43497],[-94.10263,42.43376],[-94.11749,42.43131],[-94.12304,42.43158],[-94.12691,42.43247],[-94.13503,42.43147],[-94.13865,42.43278],[-94.13958,42.43402],[-94.13957,42.43619]]]}},{"type":"Feature","properties":{"name":"Coburg","county":"Montgomery","type":"city"},"geometry":{"type":"Polygon","coordinates":[[[-95.27008,40.92298],[-95.26101,40.923],[-95.2608,40.91439],[-95.27012,40.91445],[-95.27008,40.92298]]]}},{"type":"Feature","properties":{"name":"Coggon","county":"Linn","type":"city"},"geometry":{"type":"Polygon","coordinates":[[[-91.53883,42.28202],[-91.53397,42.28201],[-91.53396,42.2857],[-91.52408,42.28563],[-91.52418,42.28238],[-91.51916,42.28239],[-91.51914,42.28166],[-91.5215,42.28053],[-91.52095,42.27714],[-91.5198,42.27472],[-91.52541,42.2747],[-91.52675,42.27111],[-91.52912,42.27112],[-91.52917,42.2674],[-91.53146,42.2674],[-91.53139,42.27112],[-91.534,42.27184],[-91.534,42.27476],[-91.53888,42.27474],[-91.53883,42.28202]]]}},{"type":"Feature","properties":{"name":"Coin","county":"Page","type":"city"},"geometry":{"type":"Polygon","coordinates":[[[-95.24341,40.64709],[-95.243,40.66169],[-95.23365,40.6616],[-95.23355,40.66521],[-95.22571,40.66515],[-95.226,40.65429],[-95.23043,40.65433],[-95.23057,40.64701],[-95.24341,40.64709]]]}},{"type":"Feature","properties":{"name":"Colesburg","county":"Delaware","type":"city"},"geometry":{"type":"Polygon","coordinates":[[[-91.20667,42.64232],[-91.20172,42.6423],[-91.20152,42.64575],[-91.19976,42.64576],[-91.19994,42.64226],[-91.19675,42.64226],[-91.19683,42.6404],[-91.19479,42.63958],[-91.19484,42.63869],[-91.19691,42.6387],[-91.19717,42.63336],[-91.20271,42.6334],[-91.20266,42.63222],[-91.20333,42.63357],[-91.20304,42.63631],[-91.20479,42.63645],[-91.20462,42.6374],[-91.20697,42.63758],[-91.20667,42.64232]]]}},{"type":"Feature","properties":{"name":"Colfax","county":"Jasper","type":"city"},"geometry":{"type":"MultiPolygon","coordinates":[[[[-93.24844,41.69657],[-93.24671,41.69656],[-93.24665,41.69765],[-93.24477,41.69764],[-93.24433,41.69485],[-93.24676,41.69512],[-93.24836,41.69429],[-93.24844,41.69657]]],[[[-93.26123,41.67216],[-93.25971,41.67215],[-93.25972,41.67358],[-93.25642,41.67359],[-93.25629,41.68069],[-93.2514,41.6807],[-93.25137,41.68435],[-93.25625,41.68436],[-93.25617,41.68975],[-93.25028,41.69038],[-93.2471,41.68935],[-93.24952,41.6883],[-93.24708,41.68745],[-93.24732,41.68648],[-93.24882,41.68672],[-93.24905,41.68449],[-93.24511,41.68417],[-93.24578,41.6856],[-93.24712,41.68563],[-93.24626,41.68922],[-93.24427,41.69188],[-93.2416,41.69286],[-93.23254,41.69477],[-93.22456,41.69465],[-93.22148,41.69245],[-93.21491,41.69195],[-93.22205,41.689],[-93.22212,41.68704],[-93.22689,41.68621],[-93.22968,41.68507],[-93.22598,41.68615],[-93.22213,41.68677],[-93.22231,41.68236],[-93.22716,41.68222],[-93.22723,41.68101],[-93.22974,41.68095],[-93.22976,41.67931],[-93.22732,41.67938],[-93.22748,41.67598],[-93.23135,41.6759],[-93.23207,41.67539],[-93.23203,41.67137],[-93.2293,41.67141],[-93.22857,41.66961],[-93.2286,41.666],[-93.22276,41.6661],[-93.22276,41.65888],[-93.2275,41.65883],[-93.22753,41.6624],[-93.23199,41.66233],[-93.23203,41.65879],[-93.23247,41.65879],[-93.23239,41.66597],[-93.23559,41.66602],[-93.23562,41.66236],[-93.237,41.66239],[-93.23688,41.66667],[-93.23328,41.6666],[-93.23217,41.66611],[-93.23218,41.66951],[-93.23848,41.66968],[-93.23816,41.66654],[-93.23865,41.66849],[-93.24186,41.66854],[-93.24182,41.66975],[-93.25158,41.66992],[-93.25161,41.667],[-93.25236,41.66643],[-93.25173,41.66631],[-93.2613,41.66635],[-93.26123,41.67216]],[[-93.2465,41.6806],[-93.24184,41.68059],[-93.24183,41.68234],[-93.23452,41.68232],[-93.2344,41.684],[-93.24412,41.68414],[-93.24415,41.68168],[-93.2467,41.68158],[-93.2465,41.6806]],[[-93.23211,41.68464],[-93.23091,41.68509],[-93.22298,41.68835],[-93.22453,41.68835],[-93.23211,41.68525],[-93.23211,41.68464]]]]}},{"type":"Feature","properties":{"name":"College Springs","county":"Page","type":"city"},"geometry":{"type":"Polygon","coordinates":[[[-95.1305,40.62949],[-95.1115,40.62945],[-95.11149,40.61307],[-95.13053,40.61335],[-95.1305,40.62949]]]}},{"type":"Feature","properties":{"name":"Collins","county":"Story","type":"city"},"geometry":{"type":"Polygon","coordinates":[[[-93.3176,41.90315],[-93.31393,41.90314],[-93.31394,41.9065],[-93.29946,41.90646],[-93.29944,41.89914],[-93.30459,41.89949],[-93.30909,41.89863],[-93.30906,41.89561],[-93.31392,41.89563],[-93.31394,41.89885],[-93.31684,41.89951],[-93.3176,41.90315]]]}},{"type":"Feature","properties":{"name":"Colo","county":"Story","type":"city"},"geometry":{"type":"Polygon","coordinates":[[[-93.32891,42.02253],[-93.31266,42.02251],[-93.31097,42.02297],[-93.30994,42.02378],[-93.30943,42.02484],[-93.30943,42.01875],[-93.3065,42.01874],[-93.30637,42.0171],[-93.30944,42.01711],[-93.3094,42.01162],[-93.31657,42.01164],[-93.31657,42.0082],[-93.30938,42.00782],[-93.30935,42.00433],[-93.32405,42.00436],[-93.32403,42.01163],[-93.32887,42.01162],[-93.32891,42.02253]]]}},{"type":"Feature","properties":{"name":"Columbus City","county":"Louisa","type":"city"},"geometry":{"type":"Polygon","coordinates":[[[-91.37936,41.26289],[-91.37055,41.26284],[-91.3706,41.25981],[-91.36966,41.25872],[-91.36987,41.25559],[-91.37945,41.25572],[-91.37936,41.26289]]]}},{"type":"Feature","properties":{"name":"Columbus Junction","county":"Louisa","type":"city"},"geometry":{"type":"Polygon","coordinates":[[[-91.38638,41.28485],[-91.38392,41.28494],[-91.38392,41.28335],[-91.37745,41.28385],[-91.3774,41.28514],[-91.36962,41.2854],[-91.37075,41.2905],[-91.3725,41.29357],[-91.37167,41.29443],[-91.36877,41.29476],[-91.36879,41.29259],[-91.36579,41.29251],[-91.36578,41.2932],[-91.36328,41.2931],[-91.35869,41.2907],[-91.35612,41.28977],[-91.35361,41.28825],[-91.35253,41.28636],[-91.34857,41.28267],[-91.34987,41.28222],[-91.34996,41.27891],[-91.3562,41.27886],[-91.35613,41.27757],[-91.34592,41.2773],[-91.34182,41.2747],[-91.34096,41.27371],[-91.35274,41.27377],[-91.35694,41.27621],[-91.35688,41.27414],[-91.35509,41.27408],[-91.35506,41.27029],[-91.35998,41.27046],[-91.36004,41.26286],[-91.36484,41.26228],[-91.37056,41.26229],[-91.37024,41.26483],[-91.37122,41.26497],[-91.36978,41.26667],[-91.36975,41.26846],[-91.37061,41.26797],[-91.37242,41.26808],[-91.37264,41.26963],[-91.37195,41.26967],[-91.37203,41.27091],[-91.37265,41.27088],[-91.37264,41.27456],[-91.3745,41.27446],[-91.37445,41.27888],[-91.38081,41.28084],[-91.38693,41.2811],[-91.38638,41.28485]]]}},{"type":"Feature","properties":{"name":"Colwell","county":"Floyd","type":"city"},"geometry":{"type":"Polygon","coordinates":[[[-92.59538,43.1604],[-92.58795,43.16047],[-92.58788,43.15407],[-92.59528,43.15403],[-92.59538,43.1604]]]}},{"type":"Feature","properties":{"name":"Conesville","county":"Muscatine","type":"city"},"geometry":{"type":"Polygon","coordinates":[[[-91.35192,41.38693],[-91.34508,41.38691],[-91.34525,41.37229],[-91.35006,41.37206],[-91.35218,41.37257],[-91.35192,41.38693]]]}},{"type":"Feature","properties":{"name":"Conrad","county":"Grundy","type":"city"},"geometry":{"type":"Polygon","coordinates":[[[-92.88517,42.23168],[-92.87452,42.23174],[-92.87448,42.23535],[-92.8731,42.23535],[-92.87315,42.23174],[-92.86477,42.23176],[-92.86469,42.22651],[-92.86284,42.22651],[-92.86286,42.22453],[-92.8648,42.22453],[-92.86469,42.22079],[-92.8589,42.2185],[-92.8549,42.21731],[-92.85902,42.21715],[-92.86467,42.22013],[-92.86458,42.21727],[-92.86946,42.21728],[-92.86933,42.21007],[-92.87415,42.21006],[-92.87434,42.2173],[-92.88506,42.21727],[-92.88517,42.23168]]]}},{"type":"Feature","properties":{"name":"Conroy","county":"Iowa","type":"community"},"geometry":{"type":"Polygon","coordinates":[[[-92.00688,41.73332],[-91.9877,41.73325],[-91.98774,41.73099],[-91.99076,41.73098],[-91.99084,41.72823],[-91.9938,41.72823],[-91.99065,41.71901],[-91.99766,41.71784],[-92.00301,41.72171],[-92.00705,41.72189],[-92.00688,41.73332]]]}},{"type":"Feature","properties":{"name":"Conway","county":"Taylor","type":"city"},"geometry":{"type":"Polygon","coordinates":[[[-94.62596,40.74916],[-94.62437,40.75203],[-94.61431,40.75195],[-94.61433,40.74657],[-94.62654,40.74663],[-94.62596,40.74916]]]}},{"type":"Feature","properties":{"name":"Coon Rapids","county":"Carroll","type":"city"},"geometry":{"type":"Polygon","coordinates":[[[-94.69161,41.87691],[-94.6872,41.87696],[-94.68684,41.87807],[-94.68709,41.88694],[-94.68626,41.89137],[-94.68471,41.89132],[-94.68366,41.8894],[-94.68281,41.89011],[-94.68029,41.88931],[-94.67953,41.88833],[-94.67771,41.88835],[-94.67605,41.88588],[-94.67097,41.88487],[-94.67049,41.88387],[-94.67194,41.88245],[-94.6696,41.88064],[-94.66764,41.88063],[-94.66723,41.86268],[-94.67422,41.86266],[-94.67422,41.86145],[-94.67583,41.85968],[-94.67582,41.85909],[-94.67686,41.85908],[-94.67694,41.86263],[-94.68654,41.86259],[-94.68666,41.86976],[-94.69177,41.87278],[-94.69161,41.87691]]]}},{"type":"Feature","properties":{"name":"Coppock","county":"Washington","type":"city"},"geometry":{"type":"Polygon","coordinates":[[[-91.72077,41.16826],[-91.7184,41.16825],[-91.71836,41.16646],[-91.71024,41.1665],[-91.71026,41.1593],[-91.71607,41.15923],[-91.71605,41.16138],[-91.71827,41.16148],[-91.71829,41.1628],[-91.72076,41.16278],[-91.72077,41.16826]]]}},{"type":"Feature","properties":{"name":"Coralville","county":"Johnson","type":"city"},"geometry":{"type":"Polygon","coordinates":[[[-91.64694,41.72339],[-91.64224,41.72357],[-91.63468,41.72326],[-91.63471,41.71965],[-91.60788,41.71943],[-91.60781,41.72305],[-91.58995,41.72287],[-91.59132,41.72086],[-91.59182,41.71963],[-91.59138,41.72042],[-91.58963,41.71849],[-91.59002,41.71764],[-91.58508,41.71624],[-91.58022,41.71622],[-91.58028,41.72293],[-91.57779,41.72645],[-91.57217,41.72702],[-91.57354,41.72817],[-91.57081,41.72815],[-91.57093,41.73358],[-91.56616,41.73312],[-91.56212,41.73058],[-91.56117,41.72915],[-91.56097,41.72286],[-91.5613,41.71947],[-91.56371,41.71848],[-91.56556,41.71997],[-91.57051,41.72555],[-91.57065,41.72264],[-91.57231,41.72265],[-91.57391,41.72411],[-91.57816,41.72394],[-91.57777,41.7173],[-91.57536,41.71726],[-91.57524,41.71178],[-91.56558,41.71167],[-91.56558,41.71349],[-91.56312,41.71351],[-91.56374,41.71162],[-91.55087,41.71161],[-91.55014,41.70947],[-91.55031,41.70788],[-91.55168,41.70789],[-91.55093,41.70613],[-91.54911,41.70619],[-91.5491,41.70428],[-91.5507,41.70428],[-91.55072,41.70147],[-91.55179,41.70059],[-91.5625,41.70075],[-91.56248,41.69907],[-91.56417,41.69618],[-91.56629,41.69341],[-91.56378,41.6894],[-91.56381,41.6861],[-91.55745,41.68604],[-91.55529,41.68099],[-91.55554,41.68004],[-91.56346,41.67648],[-91.56466,41.67513],[-91.5621,41.66951],[-91.55932,41.66803],[-91.55937,41.66642],[-91.56579,41.66905],[-91.56869,41.66715],[-91.57833,41.67215],[-91.57842,41.67027],[-91.58311,41.67268],[-91.58227,41.67416],[-91.58984,41.67812],[-91.59205,41.67381],[-91.5986,41.67376],[-91.59864,41.67198],[-91.59984,41.672],[-91.59991,41.67021],[-91.59882,41.66921],[-91.60473,41.66939],[-91.60918,41.67031],[-91.61528,41.67034],[-91.61707,41.67163],[-91.61787,41.67343],[-91.613,41.67525],[-91.60933,41.67524],[-91.60931,41.68247],[-91.61778,41.68256],[-91.61787,41.69051],[-91.61948,41.69042],[-91.62771,41.69137],[-91.62768,41.687],[-91.63434,41.68699],[-91.64175,41.70049],[-91.64226,41.70544],[-91.64223,41.71972],[-91.64691,41.71976],[-91.64694,41.72339]]]}},{"type":"Feature","properties":{"name":"Corley","county":"Shelby","type":"community"},"geometry":{"type":"Polygon","coordinates":[[[-95.33478,41.57887],[-95.32972,41.57835],[-95.3284,41.57961],[-95.32694,41.57745],[-95.32805,41.57592],[-95.3305,41.576],[-95.33058,41.5772],[-95.33481,41.57646],[-95.33478,41.57887]]]}},{"type":"Feature","properties":{"name":"Corning","county":"Adams","type":"city"},"geometry":{"type":"Polygon","coordinates":[[[-94.75717,40.99941],[-94.75248,40.99764],[-94.75244,41.00021],[-94.75005,41.0002],[-94.75012,40.99806],[-94.74771,40.99845],[-94.74783,40.99508],[-94.74612,40.99357],[-94.74307,40.99359],[-94.74298,41.00074],[-94.74057,41.00077],[-94.74057,41.00252],[-94.74297,41.00253],[-94.7429,41.00793],[-94.73739,41.00793],[-94.73743,41.00256],[-94.73506,41.00257],[-94.73508,41.00075],[-94.72879,41.00076],[-94.72876,41.00437],[-94.72371,41.00439],[-94.72375,41.0008],[-94.72495,41.0008],[-94.72681,40.99877],[-94.72881,40.99876],[-94.7289,40.98241],[-94.73202,40.98243],[-94.73278,40.9787],[-94.73715,40.97949],[-94.74151,40.97972],[-94.74153,40.98087],[-94.74318,40.98177],[-94.74081,40.98297],[-94.74318,40.98243],[-94.74316,40.9864],[-94.74672,40.98639],[-94.7467,40.98819],[-94.74741,40.9882],[-94.74743,40.98762],[-94.74797,40.98761],[-94.74792,40.98643],[-94.75032,40.98643],[-94.75025,40.99],[-94.75739,40.98999],[-94.75717,40.99941]],[[-94.75446,40.9917],[-94.75022,40.9917],[-94.75018,40.99356],[-94.74899,40.99356],[-94.74898,40.99596],[-94.75064,40.99689],[-94.75298,40.99687],[-94.75444,40.99605],[-94.75446,40.9917]]]}},{"type":"Feature","properties":{"name":"Correctionville","county":"Woodbury","type":"city"},"geometry":{"type":"Polygon","coordinates":[[[-95.79089,42.47496],[-95.7905,42.48225],[-95.78568,42.48223],[-95.78428,42.48504],[-95.78072,42.48588],[-95.78079,42.48217],[-95.77592,42.48212],[-95.77601,42.47496],[-95.77712,42.47497],[-95.77218,42.47416],[-95.7722,42.47297],[-95.77713,42.47297],[-95.77799,42.47185],[-95.7906,42.47195],[-95.79089,42.47496]]]}},{"type":"Feature","properties":{"name":"Corwith","county":"Hancock","type":"city"},"geometry":{"type":"Polygon","coordinates":[[[-93.97103,42.99416],[-93.96557,42.99424],[-93.96553,42.9978],[-93.95078,42.99797],[-93.95077,42.99444],[-93.94094,42.9945],[-93.94107,42.98741],[-93.9509,42.98725],[-93.95102,42.98009],[-93.96125,42.98016],[-93.97129,42.97916],[-93.97103,42.99416]]]}},{"type":"Feature","properties":{"name":"Corydon","county":"Wayne","type":"city"},"geometry":{"type":"Polygon","coordinates":[[[-93.32979,40.76791],[-93.32489,40.76792],[-93.32489,40.7692],[-93.32103,40.76924],[-93.321,40.76794],[-93.31229,40.76797],[-93.31233,40.76496],[-93.30807,40.76493],[-93.30811,40.75001],[-93.30915,40.74877],[-93.30754,40.74815],[-93.30755,40.74482],[-93.31466,40.74478],[-93.31443,40.74977],[-93.32695,40.74975],[-93.32707,40.76481],[-93.32964,40.76483],[-93.32979,40.76791]]]}},{"type":"Feature","properties":{"name":"Cotter","county":"Louisa","type":"city"},"geometry":{"type":"Polygon","coordinates":[[[-91.4671,41.29295],[-91.46525,41.29412],[-91.46182,41.29368],[-91.46031,41.2944],[-91.46034,41.29291],[-91.45558,41.2929],[-91.45562,41.29073],[-91.46702,41.29201],[-91.47009,41.29299],[-91.4671,41.29295]]]}},{"type":"Feature","properties":{"name":"Coulter","county":"Franklin","type":"city"},"geometry":{"type":"Polygon","coordinates":[[[-93.38995,42.74186],[-93.35027,42.74188],[-93.35027,42.72416],[-93.38984,42.72434],[-93.38995,42.74186]]]}},{"type":"Feature","properties":{"name":"Council Bluffs","county":"Pottawattamie","type":"city"},"geometry":{"type":"Polygon","coordinates":[[[-95.92749,41.2022],[-95.92489,41.2112],[-95.91509,41.223],[-95.91259,41.227],[-95.91089,41.2318],[-95.91139,41.238],[-95.92129,41.2585],[-95.92189,41.2646],[-95.92039,41.2684],[-95.91879,41.2697],[-95.91399,41.2714],[-95.91454,41.27177],[-95.91388,41.27253],[-95.91092,41.27331],[-95.90385,41.27423],[-95.90249,41.2734],[-95.88239,41.2814],[-95.87689,41.2851],[-95.87289,41.2895],[-95.87273,41.29022],[-95.84111,41.28944],[-95.83457,41.2896],[-95.83205,41.29015],[-95.83207,41.29065],[-95.82767,41.29071],[-95.82767,41.28977],[-95.77488,41.28986],[-95.77488,41.279],[-95.78602,41.27148],[-95.79229,41.26608],[-95.79922,41.26134],[-95.79784,41.26129],[-95.79559,41.25945],[-95.79739,41.25741],[-95.7974,41.25375],[-95.80105,41.25637],[-95.80066,41.25674],[-95.8022,41.2584],[-95.80468,41.25603],[-95.80362,41.25558],[-95.80618,41.25273],[-95.80053,41.25027],[-95.79646,41.25011],[-95.79645,41.25373],[-95.775,41.25368],[-95.77504,41.25726],[-95.77018,41.25724],[-95.77015,41.26438],[-95.76576,41.26452],[-95.76485,41.26755],[-95.7647,41.26995],[-95.76054,41.26992],[-95.76049,41.27391],[-95.75575,41.27379],[-95.75574,41.27496],[-95.75337,41.27348],[-95.75401,41.26804],[-95.7544,41.25514],[-95.75108,41.25358],[-95.75484,41.25157],[-95.75484,41.24619],[-95.77019,41.24641],[-95.77023,41.24345],[-95.78464,41.24342],[-95.78879,41.23913],[-95.78879,41.2398],[-95.79225,41.23981],[-95.79227,41.24343],[-95.79879,41.24345],[-95.79877,41.23983],[-95.80286,41.23986],[-95.80288,41.24049],[-95.8036,41.24049],[-95.80355,41.23804],[-95.81327,41.23801],[-95.81328,41.23622],[-95.81511,41.23623],[-95.81774,41.23756],[-95.81808,41.23643],[-95.81808,41.22538],[-95.81625,41.22538],[-95.81535,41.22367],[-95.81811,41.22421],[-95.81814,41.22177],[-95.81327,41.22173],[-95.81327,41.22085],[-95.81823,41.22072],[-95.81688,41.21939],[-95.81234,41.22053],[-95.81114,41.21817],[-95.80846,41.21819],[-95.80848,41.21511],[-95.81447,41.21748],[-95.81592,41.21848],[-95.82013,41.21798],[-95.81819,41.21549],[-95.81833,41.20545],[-95.82172,41.20546],[-95.81972,41.20371],[-95.82285,41.2037],[-95.82309,41.18131],[-95.78459,41.18185],[-95.78457,41.17823],[-95.77983,41.17824],[-95.77983,41.17758],[-95.78448,41.17151],[-95.78626,41.16972],[-95.79194,41.16689],[-95.79404,41.16759],[-95.81327,41.16739],[-95.81358,41.18084],[-95.81487,41.18087],[-95.8152,41.17799],[-95.8175,41.17452],[-95.82466,41.17484],[-95.84132,41.17477],[-95.84409,41.1806],[-95.85019,41.1848],[-95.85679,41.1871],[-95.86479,41.1883],[-95.90969,41.1844],[-95.91459,41.1851],[-95.91829,41.1867],[-95.92319,41.191],[-95.92599,41.1957],[-95.92749,41.2022]],[[-95.81686,41.24125],[-95.81565,41.24159],[-95.81565,41.23968],[-95.81444,41.24003],[-95.81407,41.2422],[-95.81565,41.24192],[-95.81565,41.24341],[-95.81367,41.24226],[-95.80981,41.24224],[-95.8077,41.23983],[-95.80843,41.24224],[-95.80848,41.24642],[-95.80752,41.24647],[-95.8123,41.24848],[-95.81774,41.24182],[-95.81686,41.24125]]]}},{"type":"Feature","properties":{"name":"Craig","county":"Plymouth","type":"city"},"geometry":{"type":"Polygon","coordinates":[[[-96.31228,42.89802],[-96.30738,42.89807],[-96.30732,42.89584],[-96.30594,42.89325],[-96.31216,42.89322],[-96.31228,42.89802]]]}},{"type":"Feature","properties":{"name":"Crawfordsville","county":"Washington","type":"city"},"geometry":{"type":"Polygon","coordinates":[[[-91.54359,41.21771],[-91.53391,41.2181],[-91.53392,41.21677],[-91.5293,41.21587],[-91.52904,41.21029],[-91.5436,41.2104],[-91.54359,41.21771]]]}},{"type":"Feature","properties":{"name":"Crescent","county":"Pottawattamie","type":"city"},"geometry":{"type":"Polygon","coordinates":[[[-95.87353,41.3639],[-95.86498,41.36367],[-95.86498,41.36917],[-95.86019,41.3692],[-95.86024,41.37649],[-95.85059,41.3763],[-95.85056,41.36176],[-95.85535,41.36183],[-95.85537,41.35822],[-95.85237,41.35817],[-95.85239,41.35562],[-95.85483,41.35543],[-95.85791,41.35783],[-95.85783,41.35285],[-95.86019,41.3529],[-95.86017,41.35829],[-95.86978,41.35832],[-95.86979,41.36246],[-95.87903,41.36066],[-95.87353,41.3639]]]}},{"type":"Feature","properties":{"name":"Cresco","county":"Howard","type":"city"},"geometry":{"type":"Polygon","coordinates":[[[-92.14011,43.38107],[-92.13823,43.38197],[-92.13015,43.382],[-92.13013,43.38564],[-92.10017,43.38561],[-92.10018,43.37837],[-92.09522,43.37841],[-92.09522,43.37477],[-92.10017,43.3747],[-92.10013,43.3566],[-92.13006,43.35655],[-92.13014,43.37401],[-92.14008,43.37533],[-92.14011,43.38107]]]}},{"type":"Feature","properties":{"name":"Creston","county":"Union","type":"city"},"geometry":{"type":"Polygon","coordinates":[[[-94.3947,41.05021],[-94.38881,41.05016],[-94.3885,41.05209],[-94.38514,41.05504],[-94.3853,41.06817],[-94.38656,41.06915],[-94.38539,41.07118],[-94.38535,41.07842],[-94.36632,41.07834],[-94.36628,41.0747],[-94.34918,41.07464],[-94.34971,41.071],[-94.3372,41.07092],[-94.33719,41.05724],[-94.34676,41.05698],[-94.34691,41.0504],[-94.3418,41.05003],[-94.34677,41.05003],[-94.34675,41.0427],[-94.38523,41.04296],[-94.38522,41.0489],[-94.38808,41.04821],[-94.39046,41.04705],[-94.39472,41.04662],[-94.3947,41.05021]]]}},{"type":"Feature","properties":{"name":"Cromwell","county":"Union","type":"city"},"geometry":{"type":"Polygon","coordinates":[[[-94.46646,41.04501],[-94.4619,41.0455],[-94.46156,41.04402],[-94.45693,41.0447],[-94.45687,41.03611],[-94.46647,41.03619],[-94.46646,41.04501]]]}},{"type":"Feature","properties":{"name":"Crystal Lake","county":"Hancock","type":"city"},"geometry":{"type":"Polygon","coordinates":[[[-93.79739,43.22752],[-93.79539,43.22741],[-93.79132,43.22574],[-93.78748,43.2269],[-93.78747,43.21997],[-93.79097,43.21895],[-93.795,43.2189],[-93.7975,43.22029],[-93.79739,43.22752]]]}},{"type":"Feature","properties":{"name":"Cumberland","county":"Cass","type":"city"},"geometry":{"type":"Polygon","coordinates":[[[-94.87763,41.27668],[-94.87417,41.27668],[-94.87293,41.27917],[-94.87293,41.28036],[-94.86338,41.28039],[-94.86332,41.26956],[-94.86812,41.26956],[-94.86808,41.26595],[-94.87768,41.26603],[-94.87763,41.27668]]]}},{"type":"Feature","properties":{"name":"Cumming","county":"Warren","type":"city"},"geometry":{"type":"Polygon","coordinates":[[[-93.79059,41.48672],[-93.78635,41.48673],[-93.78638,41.49036],[-93.79059,41.49038],[-93.7906,41.49414],[-93.78052,41.49416],[-93.78047,41.48674],[-93.77956,41.48674],[-93.7796,41.4904],[-93.77032,41.49039],[-93.77031,41.49765],[-93.76061,41.4976],[-93.76055,41.49556],[-93.76215,41.49309],[-93.76276,41.49044],[-93.75322,41.4905],[-93.75319,41.48924],[-93.75062,41.48926],[-93.75065,41.49052],[-93.74102,41.49046],[-93.74114,41.4977],[-93.7364,41.49766],[-93.73639,41.50132],[-93.73169,41.5013],[-93.73131,41.48304],[-93.74087,41.48307],[-93.74084,41.47586],[-93.74566,41.47592],[-93.74567,41.48317],[-93.75049,41.48327],[-93.75049,41.482],[-93.74901,41.48266],[-93.74903,41.48048],[-93.75049,41.48045],[-93.75049,41.47595],[-93.75179,41.47693],[-93.75311,41.47595],[-93.76292,41.47595],[-93.76406,41.47395],[-93.76901,41.47091],[-93.77035,41.46875],[-93.77941,41.46869],[-93.77944,41.47607],[-93.779,41.47837],[-93.77679,41.48136],[-93.77679,41.48332],[-93.77956,41.48532],[-93.78077,41.48532],[-93.78358,41.48308],[-93.7805,41.48094],[-93.78049,41.47587],[-93.78474,41.47587],[-93.78477,41.47948],[-93.78727,41.47947],[-93.78728,41.47776],[-93.78858,41.47776],[-93.78856,41.47946],[-93.79061,41.47946],[-93.79059,41.48672]]]}},{"type":"Feature","properties":{"name":"Curlew","county":"Palo Alto","type":"city"},"geometry":{"type":"Polygon","coordinates":[[[-94.74767,42.98504],[-94.72794,42.98507],[-94.72787,42.97423],[-94.74754,42.97419],[-94.74767,42.98504]]]}},{"type":"Feature","properties":{"name":"Cushing","county":"Woodbury","type":"city"},"geometry":{"type":"Polygon","coordinates":[[[-95.68425,42.46848],[-95.66924,42.46815],[-95.66918,42.46099],[-95.67898,42.46111],[-95.67899,42.46471],[-95.68432,42.46482],[-95.68425,42.46848]]]}},{"type":"Feature","properties":{"name":"Cylinder","county":"Palo Alto","type":"city"},"geometry":{"type":"Polygon","coordinates":[[[-94.55412,43.09393],[-94.55105,43.09394],[-94.551,43.09079],[-94.54821,43.0908],[-94.54813,43.08678],[-94.55259,43.08762],[-94.55408,43.09032],[-94.55412,43.09393]]]}},{"type":"Feature","properties":{"name":"Dakota City","county":"Humboldt","type":"city"},"geometry":{"type":"Polygon","coordinates":[[[-94.20748,42.73028],[-94.20563,42.72842],[-94.20345,42.72795],[-94.2001,42.72804],[-94.20014,42.7296],[-94.19816,42.7296],[-94.19827,42.7262],[-94.19659,42.72592],[-94.19656,42.72483],[-94.19385,42.72491],[-94.19195,42.73166],[-94.1884,42.73165],[-94.18837,42.71715],[-94.20726,42.71675],[-94.20748,42.73028]]]}},{"type":"Feature","properties":{"name":"Dallas Center","county":"Dallas","type":"city"},"geometry":{"type":"Polygon","coordinates":[[[-94.03483,41.69656],[-94.03241,41.69656],[-94.03242,41.69928],[-94.01797,41.69925],[-94.01791,41.69561],[-93.97443,41.69553],[-93.97442,41.69868],[-93.97138,41.69547],[-93.97138,41.69334],[-93.96958,41.69334],[-93.96958,41.69003],[-93.95991,41.69007],[-93.95993,41.69551],[-93.95031,41.6955],[-93.95025,41.69007],[-93.94541,41.69005],[-93.94545,41.6955],[-93.9406,41.69548],[-93.94058,41.69048],[-93.94277,41.69047],[-93.94276,41.68823],[-93.9454,41.68823],[-93.94541,41.68015],[-93.94058,41.6801],[-93.94066,41.66562],[-93.95028,41.6657],[-93.95028,41.66931],[-93.96008,41.6692],[-93.95996,41.67596],[-93.9697,41.67593],[-93.96967,41.67998],[-94.00842,41.68008],[-94.01332,41.67976],[-94.02311,41.67997],[-94.02052,41.67999],[-94.02046,41.68361],[-94.02311,41.68359],[-94.02319,41.68838],[-94.02455,41.6956],[-94.02758,41.6956],[-94.02756,41.69202],[-94.03242,41.69204],[-94.03241,41.69564],[-94.03481,41.69565],[-94.03483,41.69656]]]}},{"type":"Feature","properties":{"name":"Dana","county":"Greene","type":"city"},"geometry":{"type":"Polygon","coordinates":[[[-94.24375,42.11088],[-94.23286,42.11084],[-94.23289,42.1036],[-94.24382,42.10361],[-94.24375,42.11088]]]}},{"type":"Feature","properties":{"name":"Danbury","county":"Woodbury","type":"city"},"geometry":{"type":"Polygon","coordinates":[[[-95.72903,42.2327],[-95.72885,42.24041],[-95.71435,42.24034],[-95.71443,42.2323],[-95.72903,42.2327]]]}},{"type":"Feature","properties":{"name":"Danville","county":"Des Moines","type":"city"},"geometry":{"type":"Polygon","coordinates":[[[-91.3193,40.84896],[-91.31923,40.87092],[-91.3098,40.87097],[-91.30981,40.84902],[-91.3193,40.84896]]]}},{"type":"Feature","properties":{"name":"Davenport","county":"Scott","type":"city"},"geometry":{"type":"Polygon","coordinates":[[[-90.68787,41.54545],[-90.67879,41.54546],[-90.67865,41.55405],[-90.67957,41.56827],[-90.67697,41.5819],[-90.68731,41.58191],[-90.68706,41.59638],[-90.68582,41.59619],[-90.68579,41.61103],[-90.63704,41.61102],[-90.63687,41.61221],[-90.63201,41.61219],[-90.63082,41.611],[-90.63079,41.61464],[-90.62228,41.61461],[-90.62234,41.62146],[-90.61551,41.61945],[-90.60719,41.61821],[-90.58072,41.61828],[-90.58074,41.61926],[-90.57218,41.61935],[-90.57062,41.62094],[-90.56889,41.6178],[-90.56777,41.61479],[-90.5694,41.61296],[-90.5707,41.61295],[-90.5707,41.61105],[-90.57863,41.61098],[-90.57855,41.60365],[-90.56901,41.60373],[-90.56889,41.6088],[-90.56603,41.60881],[-90.56417,41.60374],[-90.56628,41.61102],[-90.54324,41.61118],[-90.54322,41.60967],[-90.53949,41.60973],[-90.53937,41.60388],[-90.50466,41.6042],[-90.50376,41.60399],[-90.49392,41.60428],[-90.49394,41.60145],[-90.49076,41.60149],[-90.49081,41.59703],[-90.49313,41.59662],[-90.49321,41.58975],[-90.50286,41.58971],[-90.5028,41.56772],[-90.52243,41.56763],[-90.52256,41.56039],[-90.52225,41.55475],[-90.52262,41.53478],[-90.53236,41.53481],[-90.53303,41.52493],[-90.54094,41.52613],[-90.55624,41.52423],[-90.56724,41.51753],[-90.57114,41.51633],[-90.58204,41.51513],[-90.59104,41.51283],[-90.59524,41.51103],[-90.60214,41.50603],[-90.60424,41.49703],[-90.60594,41.49423],[-90.61854,41.48503],[-90.63254,41.47873],[-90.64024,41.47333],[-90.65024,41.46503],[-90.65584,41.46213],[-90.66624,41.46063],[-90.66894,41.46068],[-90.66901,41.50145],[-90.67172,41.50443],[-90.67373,41.50757],[-90.67658,41.50897],[-90.67459,41.50954],[-90.67508,41.51363],[-90.67512,41.51999],[-90.67455,41.52362],[-90.67537,41.52361],[-90.67488,41.52811],[-90.67651,41.53454],[-90.67906,41.53727],[-90.67947,41.5382],[-90.68792,41.53818],[-90.68787,41.54545]],[[-90.67392,41.52887],[-90.67118,41.52467],[-90.67105,41.53448],[-90.6753,41.53454],[-90.67392,41.52887]],[[-90.67374,41.51413],[-90.67301,41.51171],[-90.67096,41.50937],[-90.6689,41.51004],[-90.66882,41.51635],[-90.67132,41.51632],[-90.67123,41.52187],[-90.67346,41.52188],[-90.67374,41.51413]],[[-90.67198,41.53821],[-90.67099,41.53821],[-90.67099,41.53908],[-90.67198,41.53907],[-90.67198,41.53821]]]}},{"type":"Feature","properties":{"name":"Davis City","county":"Decatur","type":"city"},"geometry":{"type":"Polygon","coordinates":[[[-93.81999,40.63452],[-93.81994,40.6454],[-93.80505,40.64541],[-93.80503,40.63802],[-93.8058,40.63675],[-93.80586,40.63455],[-93.81999,40.63452]]]}},{"type":"Feature","properties":{"name":"Dawson","county":"Dallas","type":"city"},"geometry":{"type":"Polygon","coordinates":[[[-94.227,41.84894],[-94.21733,41.84894],[-94.21727,41.84533],[-94.21251,41.84535],[-94.21248,41.83812],[-94.22692,41.83814],[-94.227,41.84894]]]}},{"type":"Feature","properties":{"name":"Dayton","county":"Webster","type":"city"},"geometry":{"type":"Polygon","coordinates":[[[-94.08178,42.26794],[-94.05997,42.26772],[-94.05995,42.26028],[-94.06219,42.26043],[-94.06228,42.25691],[-94.06723,42.25693],[-94.06704,42.25449],[-94.07194,42.25446],[-94.07192,42.25695],[-94.08167,42.25722],[-94.08178,42.26794]]]}},{"type":"Feature","properties":{"name":"De Soto","county":"Dallas","type":"city"},"geometry":{"type":"Polygon","coordinates":[[[-94.02705,41.54136],[-94.02565,41.54135],[-94.02563,41.5428],[-94.02703,41.54279],[-94.027,41.5446],[-94.02459,41.54462],[-94.02457,41.54575],[-94.02032,41.54578],[-94.02032,41.54647],[-94.01595,41.5465],[-94.01575,41.54509],[-94.01266,41.54511],[-94.01267,41.54653],[-93.98347,41.54643],[-93.98351,41.54404],[-93.98541,41.54355],[-94.00753,41.54122],[-94.00266,41.54123],[-94.00271,41.53562],[-93.9963,41.53563],[-93.99627,41.53375],[-93.99314,41.53376],[-93.99312,41.53149],[-93.99876,41.53104],[-94.00291,41.52998],[-94.00314,41.52804],[-94.00296,41.52486],[-94.02232,41.52484],[-94.02222,41.53556],[-94.01746,41.53558],[-94.01744,41.54009],[-94.02311,41.53954],[-94.02708,41.53874],[-94.02705,41.54136]]]}},{"type":"Feature","properties":{"name":"DeWitt","county":"Clinton","type":"city"},"geometry":{"type":"Polygon","coordinates":[[[-90.58761,41.82603],[-90.57415,41.8261],[-90.57295,41.82651],[-90.57293,41.82936],[-90.57053,41.82934],[-90.56928,41.83666],[-90.5578,41.83663],[-90.55445,41.8396],[-90.55631,41.83814],[-90.55546,41.84022],[-90.55729,41.83822],[-90.55837,41.8392],[-90.55837,41.84342],[-90.56128,41.84387],[-90.5674,41.84398],[-90.5676,41.84761],[-90.56199,41.84755],[-90.56198,41.84933],[-90.55835,41.8493],[-90.55837,41.85106],[-90.55347,41.85106],[-90.55347,41.84748],[-90.54858,41.84747],[-90.54858,41.84379],[-90.55348,41.84385],[-90.55349,41.84022],[-90.54849,41.8402],[-90.54771,41.83853],[-90.54529,41.83664],[-90.52949,41.83696],[-90.52952,41.8333],[-90.52344,41.83334],[-90.52345,41.82969],[-90.5198,41.82972],[-90.5198,41.8271],[-90.52053,41.82642],[-90.52257,41.82649],[-90.52257,41.8188],[-90.51979,41.81884],[-90.5198,41.8225],[-90.51193,41.82254],[-90.51197,41.81531],[-90.51003,41.81495],[-90.5101,41.80745],[-90.51037,41.80712],[-90.5186,41.80738],[-90.53439,41.80665],[-90.53438,41.80407],[-90.54403,41.80399],[-90.54397,41.8069],[-90.56179,41.80837],[-90.56494,41.80758],[-90.56598,41.80642],[-90.56761,41.80034],[-90.56828,41.80035],[-90.56851,41.80471],[-90.57022,41.80652],[-90.56827,41.80893],[-90.56821,41.81291],[-90.56973,41.82201],[-90.57294,41.82202],[-90.57322,41.82462],[-90.5776,41.82516],[-90.58759,41.82507],[-90.58761,41.82603]]]}},{"type":"Feature","properties":{"name":"Decatur","county":"Decatur","type":"city"},"geometry":{"type":"Polygon","coordinates":[[[-93.8383,40.74641],[-93.83705,40.74644],[-93.83704,40.74818],[-93.82889,40.74828],[-93.82909,40.7418],[-93.824,40.74171],[-93.82402,40.73947],[-93.82902,40.73945],[-93.82905,40.73766],[-93.83706,40.73781],[-93.83734,40.73947],[-93.83811,40.73945],[-93.8383,40.74641]]]}},{"type":"Feature","properties":{"name":"Decorah","county":"Winneshiek","type":"city"},"geometry":{"type":"Polygon","coordinates":[[[-91.8177,43.32765],[-91.80595,43.32758],[-91.80587,43.32861],[-91.80499,43.32757],[-91.78769,43.3276],[-91.78766,43.33131],[-91.78586,43.33131],[-91.78586,43.33087],[-91.78267,43.33086],[-91.78277,43.31002],[-91.77969,43.31037],[-91.7755,43.30892],[-91.77277,43.30713],[-91.77086,43.30465],[-91.76799,43.29843],[-91.7678,43.29604],[-91.76645,43.29299],[-91.76452,43.29143],[-91.75886,43.29142],[-91.75888,43.29047],[-91.75646,43.29077],[-91.75705,43.29142],[-91.7554,43.29287],[-91.75754,43.29431],[-91.75727,43.29548],[-91.75579,43.29547],[-91.75513,43.29816],[-91.75348,43.29957],[-91.75388,43.30123],[-91.75171,43.30307],[-91.74826,43.30423],[-91.7484,43.29729],[-91.74677,43.29726],[-91.74678,43.29427],[-91.75298,43.29008],[-91.74839,43.28871],[-91.74839,43.28574],[-91.74458,43.28346],[-91.73853,43.27769],[-91.73355,43.2785],[-91.73473,43.27829],[-91.73459,43.27588],[-91.73374,43.27562],[-91.73362,43.27707],[-91.72379,43.27734],[-91.72347,43.28097],[-91.72079,43.28093],[-91.71859,43.27943],[-91.7186,43.27405],[-91.71982,43.27315],[-91.72202,43.27316],[-91.72193,43.27002],[-91.72539,43.27003],[-91.72819,43.27225],[-91.72877,43.27093],[-91.73122,43.27127],[-91.73321,43.26988],[-91.73368,43.27276],[-91.73587,43.27349],[-91.75332,43.2735],[-91.75335,43.28019],[-91.75221,43.2798],[-91.74946,43.27705],[-91.74533,43.27699],[-91.7482,43.27797],[-91.74805,43.28001],[-91.75213,43.2823],[-91.75126,43.2833],[-91.7492,43.28236],[-91.74889,43.28301],[-91.75239,43.28418],[-91.74838,43.28417],[-91.75249,43.28651],[-91.7518,43.28724],[-91.75388,43.28796],[-91.75623,43.28674],[-91.75659,43.28857],[-91.76319,43.29043],[-91.76326,43.2842],[-91.79293,43.28422],[-91.7938,43.28226],[-91.79361,43.28422],[-91.80323,43.28465],[-91.80379,43.28842],[-91.80469,43.29077],[-91.80574,43.29156],[-91.81013,43.29142],[-91.80967,43.29465],[-91.81262,43.29508],[-91.81257,43.29868],[-91.81185,43.29868],[-91.81368,43.3013],[-91.815,43.30479],[-91.81522,43.30745],[-91.81466,43.31306],[-91.81766,43.31309],[-91.8177,43.32765]]]}},{"type":"Feature","properties":{"name":"Dedham","county":"Carroll","type":"city"},"geometry":{"type":"Polygon","coordinates":[[[-94.83173,41.90955],[-94.82452,41.90954],[-94.82456,41.91682],[-94.81738,41.91687],[-94.81729,41.90248],[-94.83176,41.90238],[-94.83173,41.90955]]]}},{"type":"Feature","properties":{"name":"Deep River","county":"Poweshiek","type":"city"},"geometry":{"type":"Polygon","coordinates":[[[-92.38214,41.58008],[-92.37974,41.58087],[-92.38043,41.5857],[-92.36522,41.58575],[-92.36519,41.57875],[-92.36945,41.5785],[-92.3701,41.57667],[-92.37505,41.57665],[-92.37504,41.57528],[-92.3763,41.57742],[-92.38005,41.57913],[-92.38215,41.57913],[-92.38214,41.58008]]]}},{"type":"Feature","properties":{"name":"Defiance","county":"Shelby","type":"city"},"geometry":{"type":"Polygon","coordinates":[[[-95.34945,41.82396],[-95.34521,41.82397],[-95.34521,41.82746],[-95.34424,41.82746],[-95.3441,41.83],[-95.33457,41.82997],[-95.33467,41.82001],[-95.34518,41.82067],[-95.3452,41.82287],[-95.34915,41.82226],[-95.34945,41.82396]]]}},{"type":"Feature","properties":{"name":"Delaware","county":"Delaware","type":"city"},"geometry":{"type":"Polygon","coordinates":[[[-91.35131,42.47729],[-91.33652,42.47744],[-91.33647,42.4739],[-91.32661,42.47391],[-91.32645,42.46658],[-91.34511,42.46662],[-91.34506,42.47004],[-91.35114,42.47],[-91.35131,42.47729]]]}},{"type":"Feature","properties":{"name":"Delhi","county":"Delaware","type":"city"},"geometry":{"type":"Polygon","coordinates":[[[-91.34089,42.42308],[-91.34044,42.43762],[-91.32086,42.43755],[-91.32094,42.42308],[-91.34089,42.42308]]]}},{"type":"Feature","properties":{"name":"Delmar","county":"Clinton","type":"city"},"geometry":{"type":"Polygon","coordinates":[[[-90.61617,42.00368],[-90.61186,42.00366],[-90.61193,42.00727],[-90.60233,42.00727],[-90.60225,42.00368],[-90.59934,42.00371],[-90.5993,42.00132],[-90.59736,42.00145],[-90.59733,42.00034],[-90.60217,42.00035],[-90.60203,41.99165],[-90.60458,41.99167],[-90.60403,41.98916],[-90.61174,41.98911],[-90.61178,41.99639],[-90.61655,41.99638],[-90.61617,42.00368]]]}},{"type":"Feature","properties":{"name":"Deloit","county":"Crawford","type":"city"},"geometry":{"type":"Polygon","coordinates":[[[-95.32367,42.09768],[-95.32364,42.10146],[-95.30894,42.10151],[-95.31109,42.09886],[-95.31071,42.09792],[-95.30891,42.09793],[-95.31033,42.09485],[-95.31164,42.09425],[-95.31776,42.09427],[-95.31926,42.09301],[-95.31926,42.0907],[-95.32339,42.09069],[-95.32364,42.09626],[-95.32397,42.09665],[-95.32367,42.09768]]]}},{"type":"Feature","properties":{"name":"Delphos","county":"Ringgold","type":"community"},"geometry":{"type":"Polygon","coordinates":[[[-94.34463,40.6667],[-94.33596,40.66675],[-94.33594,40.65963],[-94.34458,40.65959],[-94.34463,40.6667]]]}},{"type":"Feature","properties":{"name":"Delta","county":"Keokuk","type":"city"},"geometry":{"type":"Polygon","coordinates":[[[-92.33985,41.32973],[-92.32067,41.32983],[-92.32055,41.31894],[-92.32362,41.31893],[-92.32362,41.31531],[-92.33972,41.31525],[-92.33985,41.32973]]]}},{"type":"Feature","properties":{"name":"Denison","county":"Crawford","type":"city"},"geometry":{"type":"Polygon","coordinates":[[[-95.39162,42.0269],[-95.38204,42.02708],[-95.38198,42.02846],[-95.37838,42.027],[-95.37724,42.02536],[-95.37366,42.02418],[-95.37532,42.0253],[-95.37534,42.02686],[-95.37723,42.02737],[-95.37723,42.03044],[-95.3582,42.03057],[-95.35684,42.03381],[-95.35585,42.03479],[-95.35562,42.03672],[-95.32398,42.03676],[-95.32422,42.0242],[-95.31472,42.02399],[-95.31479,42.01946],[-95.31664,42.01905],[-95.33189,42.01304],[-95.33456,42.0129],[-95.33415,42.00375],[-95.33237,42.00071],[-95.33428,42.00067],[-95.33421,42.00221],[-95.36338,42.00168],[-95.36315,41.99093],[-95.36797,41.99087],[-95.36794,41.98729],[-95.37759,41.98699],[-95.37662,41.98586],[-95.3697,41.98234],[-95.37178,41.98008],[-95.37266,41.98007],[-95.37267,41.98067],[-95.37751,41.98357],[-95.38232,41.98353],[-95.38236,41.9857],[-95.3872,41.9856],[-95.38726,41.98875],[-95.39089,41.99059],[-95.38245,41.99074],[-95.38249,41.99255],[-95.37764,41.99074],[-95.37774,41.99429],[-95.36888,41.99443],[-95.36795,41.99501],[-95.36828,42.00167],[-95.37208,42.00165],[-95.37206,41.99802],[-95.37409,41.99801],[-95.37408,41.99618],[-95.37583,41.99616],[-95.37774,41.99672],[-95.37774,41.99799],[-95.37499,41.99801],[-95.37503,42.00061],[-95.37395,42.00036],[-95.37311,42.00185],[-95.37267,42.01841],[-95.37506,42.0184],[-95.37283,42.02282],[-95.37451,42.02322],[-95.39174,42.02299],[-95.39162,42.0269]]]}},{"type":"Feature","properties":{"name":"Denmark","county":"Lee","type":"community"},"geometry":{"type":"Polygon","coordinates":[[[-91.34808,40.75021],[-91.32874,40.75013],[-91.32819,40.74915],[-91.32828,40.73647],[-91.32934,40.73272],[-91.32967,40.72529],[-91.33548,40.7253],[-91.33692,40.72616],[-91.34031,40.7262],[-91.3408,40.72725],[-91.34231,40.72719],[-91.34743,40.72826],[-91.34807,40.72979],[-91.34808,40.75021]]]}},{"type":"Feature","properties":{"name":"Denver","county":"Bremer","type":"city"},"geometry":{"type":"Polygon","coordinates":[[[-92.34956,42.67137],[-92.3471,42.67137],[-92.34709,42.67855],[-92.33968,42.67861],[-92.33876,42.68119],[-92.33722,42.68118],[-92.33723,42.67959],[-92.33479,42.67959],[-92.33479,42.67861],[-92.32737,42.67861],[-92.32727,42.67137],[-92.31755,42.67135],[-92.31759,42.66407],[-92.32742,42.66406],[-92.32747,42.6568],[-92.33674,42.65681],[-92.33714,42.66096],[-92.33956,42.66094],[-92.34257,42.66407],[-92.34182,42.66157],[-92.34188,42.65682],[-92.34716,42.65682],[-92.34712,42.67049],[-92.34957,42.67048],[-92.34956,42.67137]]]}},{"type":"Feature","properties":{"name":"Derby","county":"Lucas","type":"city"},"geometry":{"type":"Polygon","coordinates":[[[-93.46143,40.93393],[-93.45057,40.93344],[-93.45195,40.93111],[-93.45192,40.92656],[-93.46144,40.9267],[-93.46143,40.93393]]]}},{"type":"Feature","properties":{"name":"Des Moines","county":"Polk","type":"city"},"geometry":{"type":"MultiPolygon","coordinates":[[[[-93.60267,41.65132],[-93.60165,41.65418],[-93.60053,41.65418],[-93.60075,41.65063],[-93.60357,41.65017],[-93.60267,41.65132]]],[[[-93.70958,41.59183],[-93.70355,41.59184],[-93.70376,41.61489],[-93.70809,41.61488],[-93.70734,41.61609],[-93.70865,41.61669],[-93.7086,41.62214],[-93.70354,41.62214],[-93.7036,41.6294],[-93.70257,41.6294],[-93.70268,41.63666],[-93.69766,41.63668],[-93.69762,41.6489],[-93.69502,41.64879],[-93.69588,41.64406],[-93.69485,41.6457],[-93.69266,41.64571],[-93.69266,41.64407],[-93.68598,41.64403],[-93.68598,41.64544],[-93.68554,41.64544],[-93.68554,41.64601],[-93.68468,41.64601],[-93.68467,41.64404],[-93.68148,41.6449],[-93.67816,41.64493],[-93.67812,41.64232],[-93.67428,41.64276],[-93.67426,41.64388],[-93.6735,41.64388],[-93.67351,41.64451],[-93.66853,41.64415],[-93.6713,41.64609],[-93.66908,41.64556],[-93.66263,41.64512],[-93.65423,41.64223],[-93.65262,41.64019],[-93.65192,41.63682],[-93.64014,41.63678],[-93.63973,41.63939],[-93.63752,41.63999],[-93.63752,41.63958],[-93.63566,41.63954],[-93.63464,41.63772],[-93.63625,41.63766],[-93.63625,41.63675],[-93.62898,41.63678],[-93.62898,41.63779],[-93.62877,41.63779],[-93.62878,41.63678],[-93.60479,41.63678],[-93.6048,41.63769],[-93.60246,41.6377],[-93.60294,41.63951],[-93.60537,41.63951],[-93.60538,41.64042],[-93.60252,41.64043],[-93.60252,41.64167],[-93.60537,41.64184],[-93.60538,41.64404],[-93.60775,41.64466],[-93.60781,41.64768],[-93.61026,41.64768],[-93.61025,41.649],[-93.60538,41.649],[-93.60129,41.6484],[-93.60077,41.64587],[-93.60092,41.64405],[-93.60056,41.63952],[-93.60174,41.63813],[-93.60055,41.63679],[-93.59449,41.63682],[-93.59483,41.63861],[-93.59179,41.63862],[-93.59175,41.63979],[-93.59108,41.64024],[-93.58842,41.63933],[-93.58697,41.63836],[-93.58698,41.63686],[-93.57585,41.63685],[-93.57527,41.63696],[-93.57526,41.63866],[-93.57082,41.63863],[-93.57083,41.63681],[-93.5626,41.63676],[-93.56116,41.63773],[-93.56117,41.63926],[-93.56,41.63984],[-93.55852,41.63887],[-93.55852,41.64049],[-93.55663,41.64049],[-93.55663,41.63872],[-93.55514,41.63787],[-93.55733,41.63787],[-93.55733,41.63677],[-93.54186,41.63685],[-93.54211,41.63816],[-93.54185,41.63817],[-93.54178,41.65409],[-93.54332,41.65638],[-93.52963,41.65857],[-93.52298,41.65859],[-93.52048,41.65736],[-93.51655,41.65201],[-93.5148,41.64894],[-93.51376,41.64619],[-93.50873,41.64083],[-93.50636,41.63683],[-93.52863,41.63671],[-93.52991,41.6356],[-93.52992,41.6296],[-93.51279,41.62955],[-93.51278,41.63016],[-93.51518,41.63016],[-93.51517,41.63315],[-93.51756,41.63316],[-93.51754,41.6366],[-93.51275,41.6366],[-93.51265,41.63323],[-93.50448,41.63323],[-93.50321,41.63156],[-93.50323,41.62962],[-93.50139,41.62958],[-93.49433,41.62224],[-93.49404,41.61847],[-93.5014,41.61921],[-93.50325,41.62061],[-93.50465,41.62221],[-93.50465,41.61614],[-93.50591,41.61523],[-93.50642,41.61521],[-93.50679,41.61648],[-93.50678,41.62236],[-93.51283,41.62237],[-93.51286,41.61566],[-93.51322,41.61509],[-93.51646,41.61509],[-93.51645,41.61667],[-93.51929,41.61657],[-93.5193,41.61535],[-93.52486,41.61512],[-93.52482,41.62238],[-93.52726,41.62237],[-93.52727,41.62056],[-93.52989,41.62055],[-93.52989,41.6115],[-93.52731,41.6115],[-93.52732,41.60787],[-93.53216,41.60788],[-93.53216,41.60491],[-93.53166,41.60436],[-93.53158,41.60337],[-93.52985,41.60063],[-93.52966,41.55391],[-93.52816,41.55199],[-93.52193,41.55197],[-93.51673,41.55321],[-93.51467,41.55446],[-93.51319,41.55832],[-93.51332,41.56304],[-93.51206,41.56382],[-93.51096,41.55896],[-93.51096,41.55615],[-93.51161,41.55346],[-93.51686,41.54127],[-93.52007,41.53565],[-93.52001,41.52867],[-93.52155,41.52511],[-93.52129,41.52201],[-93.52046,41.51924],[-93.52106,41.5157],[-93.52299,41.51344],[-93.52479,41.51248],[-93.52765,41.51346],[-93.52933,41.51347],[-93.53285,41.51214],[-93.54067,41.51209],[-93.54413,41.51249],[-93.54413,41.51116],[-93.54891,41.51132],[-93.54936,41.49668],[-93.5579,41.49701],[-93.558,41.48883],[-93.5572,41.48945],[-93.5496,41.48929],[-93.54969,41.48209],[-93.5545,41.48223],[-93.55447,41.4803],[-93.55804,41.48036],[-93.56125,41.47963],[-93.56459,41.48597],[-93.56294,41.48595],[-93.56294,41.48858],[-93.56216,41.48955],[-93.56712,41.48964],[-93.56642,41.48827],[-93.56803,41.48714],[-93.56964,41.48788],[-93.57164,41.4912],[-93.5698,41.49161],[-93.57254,41.49307],[-93.57041,41.49422],[-93.57028,41.49708],[-93.60466,41.49731],[-93.60334,41.49868],[-93.60034,41.49922],[-93.59668,41.50084],[-93.5967,41.51184],[-93.61599,41.51197],[-93.61605,41.49934],[-93.61582,41.49876],[-93.60891,41.49868],[-93.60883,41.49553],[-93.6064,41.49503],[-93.60641,41.49005],[-93.62448,41.49008],[-93.62576,41.49106],[-93.62572,41.49381],[-93.63602,41.4938],[-93.63614,41.4865],[-93.63074,41.48647],[-93.63076,41.48473],[-93.63317,41.48474],[-93.6332,41.48282],[-93.6359,41.48396],[-93.63723,41.48284],[-93.64533,41.48291],[-93.64522,41.489],[-93.64014,41.48877],[-93.64011,41.49264],[-93.63928,41.49383],[-93.64436,41.49387],[-93.64506,41.49755],[-93.6544,41.49756],[-93.65459,41.5089],[-93.65778,41.50789],[-93.65889,41.51206],[-93.67428,41.51206],[-93.67422,41.51402],[-93.69815,41.51352],[-93.69836,41.52657],[-93.70318,41.52658],[-93.70346,41.5882],[-93.7047,41.5882],[-93.70472,41.58915],[-93.70616,41.58915],[-93.70958,41.59183]]]]}},{"type":"Feature","properties":{"name":"Dexter","county":"Dallas","type":"city"},"geometry":{"type":"Polygon","coordinates":[[[-94.24158,41.50917],[-94.24142,41.52184],[-94.21375,41.52165],[-94.21385,41.50899],[-94.24158,41.50917]]]}},{"type":"Feature","properties":{"name":"Diagonal","county":"Ringgold","type":"city"},"geometry":{"type":"Polygon","coordinates":[[[-94.35281,40.81846],[-94.33832,40.81832],[-94.33824,40.81596],[-94.33381,40.81594],[-94.33339,40.81223],[-94.33372,40.80179],[-94.34779,40.80198],[-94.348,40.81237],[-94.35272,40.81245],[-94.35281,40.81846]]]}},{"type":"Feature","properties":{"name":"Diamondhead Lake","county":"Guthrie","type":"community"},"geometry":{"type":"Polygon","coordinates":[[[-94.26552,41.55643],[-94.26529,41.56131],[-94.25042,41.56145],[-94.25087,41.55435],[-94.24905,41.55144],[-94.25094,41.54899],[-94.25091,41.54199],[-94.25195,41.53986],[-94.26535,41.53977],[-94.26552,41.55643]]]}},{"type":"Feature","properties":{"name":"Dickens","county":"Clay","type":"city"},"geometry":{"type":"Polygon","coordinates":[[[-95.03303,43.14125],[-95.02183,43.14124],[-95.02186,43.13764],[-95.01177,43.13758],[-95.01177,43.12682],[-95.027,43.12681],[-95.02693,43.13131],[-95.03308,43.13277],[-95.03303,43.14125]]]}},{"type":"Feature","properties":{"name":"Dike","county":"Grundy","type":"city"},"geometry":{"type":"Polygon","coordinates":[[[-92.64167,42.46977],[-92.60244,42.46964],[-92.60247,42.46375],[-92.61008,42.46371],[-92.62092,42.46111],[-92.622,42.46136],[-92.622,42.45641],[-92.6416,42.45641],[-92.64167,42.46977]]]}},{"type":"Feature","properties":{"name":"Dixon","county":"Scott","type":"city"},"geometry":{"type":"Polygon","coordinates":[[[-90.78723,41.74482],[-90.78233,41.74346],[-90.77736,41.7427],[-90.77733,41.73955],[-90.7824,41.73956],[-90.7824,41.74088],[-90.78359,41.74191],[-90.78949,41.74192],[-90.78723,41.74482]]]}},{"type":"Feature","properties":{"name":"Dolliver","county":"Emmet","type":"city"},"geometry":{"type":"Polygon","coordinates":[[[-94.62023,43.46776],[-94.61026,43.4677],[-94.61026,43.46679],[-94.60805,43.46677],[-94.60796,43.45955],[-94.62042,43.4596],[-94.62023,43.46776]]]}},{"type":"Feature","properties":{"name":"Donahue","county":"Scott","type":"city"},"geometry":{"type":"Polygon","coordinates":[[[-90.6776,41.7019],[-90.6754,41.7019],[-90.67543,41.69744],[-90.67134,41.69743],[-90.67136,41.69462],[-90.66993,41.69462],[-90.67124,41.69354],[-90.67131,41.68373],[-90.67769,41.68373],[-90.6776,41.7019]]]}},{"type":"Feature","properties":{"name":"Donnellson","county":"Lee","type":"city"},"geometry":{"type":"Polygon","coordinates":[[[-91.5829,40.64114],[-91.57479,40.64322],[-91.57479,40.6447],[-91.57037,40.64491],[-91.57108,40.64492],[-91.56925,40.6474],[-91.56921,40.65357],[-91.56439,40.65356],[-91.56431,40.66082],[-91.55956,40.66081],[-91.55962,40.65329],[-91.55489,40.65353],[-91.55492,40.6415],[-91.55354,40.6415],[-91.55355,40.63899],[-91.55567,40.639],[-91.55568,40.63714],[-91.5572,40.63714],[-91.55694,40.63532],[-91.56932,40.63544],[-91.56924,40.63902],[-91.5808,40.63903],[-91.58079,40.64037],[-91.58271,40.64038],[-91.5829,40.64114]]]}},{"type":"Feature","properties":{"name":"Doon","county":"Lyon","type":"city"},"geometry":{"type":"Polygon","coordinates":[[[-96.24064,43.28654],[-96.22589,43.28659],[-96.22585,43.2829],[-96.22438,43.28291],[-96.22452,43.27745],[-96.22595,43.27199],[-96.24109,43.27202],[-96.24064,43.28654]]]}},{"type":"Feature","properties":{"name":"Douds","county":"Van Buren","type":"community"},"geometry":{"type":"Polygon","coordinates":[[[-92.09295,40.84728],[-92.08898,40.85125],[-92.08866,40.85317],[-92.08645,40.85553],[-92.08453,40.85577],[-92.08413,40.85673],[-92.0644,40.85643],[-92.0643,40.82556],[-92.06725,40.82764],[-92.07359,40.83076],[-92.07828,40.83272],[-92.08381,40.83409],[-92.08879,40.836],[-92.0884,40.83834],[-92.09104,40.83957],[-92.09019,40.84247],[-92.09264,40.84382],[-92.09295,40.84728]]]}},{"type":"Feature","properties":{"name":"Dougherty","county":"Cerro Gordo","type":"city"},"geometry":{"type":"Polygon","coordinates":[[[-93.04718,42.92562],[-93.02504,42.92564],[-93.02508,42.91839],[-93.04723,42.9184],[-93.04718,42.92562]]]}},{"type":"Feature","properties":{"name":"Dow City","county":"Crawford","type":"city"},"geometry":{"type":"Polygon","coordinates":[[[-95.50014,41.92879],[-95.49848,41.92946],[-95.49841,41.93071],[-95.49608,41.93156],[-95.496,41.93235],[-95.48886,41.9327],[-95.48888,41.92501],[-95.4937,41.92499],[-95.4937,41.92137],[-95.49852,41.92139],[-95.49848,41.92462],[-95.50019,41.92464],[-95.50014,41.92879]]]}},{"type":"Feature","properties":{"name":"Downey","county":"Cedar","type":"community"},"geometry":{"type":"Polygon","coordinates":[[[-91.35714,41.61662],[-91.35077,41.61656],[-91.34654,41.61718],[-91.33687,41.6155],[-91.33675,41.60737],[-91.34651,41.60751],[-91.35726,41.60723],[-91.35714,41.61662]]]}},{"type":"Feature","properties":{"name":"Dows","county":"Wright","type":"city"},"geometry":{"type":"Polygon","coordinates":[[[-93.50899,42.6665],[-93.49348,42.66649],[-93.49347,42.65198],[-93.50898,42.65192],[-93.50899,42.6665]]]}},{"type":"Feature","properties":{"name":"Drakesville","county":"Davis","type":"city"},"geometry":{"type":"Polygon","coordinates":[[[-92.48602,40.80217],[-92.4766,40.80211],[-92.47652,40.79497],[-92.4861,40.79506],[-92.48602,40.80217]]]}},{"type":"Feature","properties":{"name":"Dubuque","county":"Dubuque","type":"city"},"geometry":{"type":"Polygon","coordinates":[[[-90.82402,42.50349],[-90.81909,42.5035],[-90.81911,42.50717],[-90.7995,42.50705],[-90.79944,42.50084],[-90.79277,42.49995],[-90.79289,42.50219],[-90.7896,42.50046],[-90.78963,42.50722],[-90.78475,42.50737],[-90.78472,42.50374],[-90.78222,42.50379],[-90.78221,42.50013],[-90.77974,42.50019],[-90.77974,42.49952],[-90.77883,42.50019],[-90.77474,42.50027],[-90.77472,42.50756],[-90.77881,42.50749],[-90.77884,42.51086],[-90.7798,42.51066],[-90.77969,42.51488],[-90.76978,42.51491],[-90.76977,42.50767],[-90.76487,42.50769],[-90.76483,42.50404],[-90.75994,42.5041],[-90.75991,42.50047],[-90.75492,42.50056],[-90.75499,42.50781],[-90.75008,42.50788],[-90.75015,42.51153],[-90.74512,42.51158],[-90.7466,42.51277],[-90.74689,42.51505],[-90.74523,42.51525],[-90.74537,42.52257],[-90.75027,42.52248],[-90.75027,42.5298],[-90.76003,42.52959],[-90.76014,42.53319],[-90.75044,42.53392],[-90.74543,42.53348],[-90.74537,42.5299],[-90.74048,42.52998],[-90.74045,42.52707],[-90.73305,42.52709],[-90.73093,42.52944],[-90.73157,42.53014],[-90.73185,42.5308],[-90.73238,42.53302],[-90.7328,42.53351],[-90.73792,42.5335],[-90.73776,42.53734],[-90.73083,42.53667],[-90.73233,42.53351],[-90.73174,42.53071],[-90.73138,42.53004],[-90.72878,42.52784],[-90.72729,42.52729],[-90.72832,42.5298],[-90.72561,42.52974],[-90.72563,42.53338],[-90.71328,42.53328],[-90.71325,42.53146],[-90.7083,42.5315],[-90.70833,42.53386],[-90.7026,42.53606],[-90.701,42.53609],[-90.70093,42.53323],[-90.69087,42.53249],[-90.68692,42.5332],[-90.68965,42.53677],[-90.68604,42.5386],[-90.68926,42.54286],[-90.69057,42.54399],[-90.68622,42.54416],[-90.68624,42.54773],[-90.68169,42.54782],[-90.68127,42.5458],[-90.67828,42.54578],[-90.67905,42.54793],[-90.68138,42.55127],[-90.68212,42.55323],[-90.68421,42.55643],[-90.68136,42.55645],[-90.68047,42.55757],[-90.67769,42.55786],[-90.67512,42.5554],[-90.671,42.55336],[-90.66172,42.54962],[-90.65182,42.54429],[-90.64703,42.54436],[-90.64403,42.53986],[-90.64167,42.52962],[-90.63598,42.51871],[-90.63599,42.51541],[-90.64284,42.50848],[-90.64786,42.50246],[-90.65593,42.4917],[-90.65653,42.4892],[-90.65633,42.4836],[-90.65403,42.4785],[-90.64673,42.4719],[-90.64305,42.46977],[-90.64508,42.46837],[-90.64755,42.4683],[-90.6485,42.46708],[-90.64861,42.46882],[-90.65132,42.46869],[-90.65161,42.46927],[-90.65292,42.46891],[-90.66774,42.468],[-90.67037,42.46721],[-90.67021,42.4654],[-90.67264,42.46215],[-90.67179,42.46215],[-90.67346,42.45952],[-90.66516,42.45652],[-90.66518,42.45485],[-90.66973,42.45486],[-90.66968,42.45694],[-90.67273,42.45692],[-90.674,42.45561],[-90.6765,42.45564],[-90.6749,42.4569],[-90.67733,42.45772],[-90.6779,42.4547],[-90.67925,42.45113],[-90.67948,42.44756],[-90.67475,42.44742],[-90.67162,42.4455],[-90.67158,42.44033],[-90.67954,42.44031],[-90.67965,42.43629],[-90.68245,42.43431],[-90.68904,42.4284],[-90.69141,42.42567],[-90.69187,42.42385],[-90.69056,42.42207],[-90.69203,42.41908],[-90.68739,42.41749],[-90.6867,42.41489],[-90.68859,42.41424],[-90.6887,42.41301],[-90.68618,42.41116],[-90.69196,42.41117],[-90.69196,42.40927],[-90.69333,42.40927],[-90.69407,42.41117],[-90.69483,42.41118],[-90.69556,42.41591],[-90.69773,42.41832],[-90.70431,42.41791],[-90.70428,42.4194],[-90.69914,42.41948],[-90.69595,42.42043],[-90.69471,42.42149],[-90.69308,42.42565],[-90.68571,42.43299],[-90.6979,42.43291],[-90.69957,42.43478],[-90.70319,42.43665],[-90.6994,42.43741],[-90.6974,42.43562],[-90.69587,42.43685],[-90.69809,42.43806],[-90.69738,42.4402],[-90.69418,42.4402],[-90.68663,42.43805],[-90.68416,42.43609],[-90.68218,42.43638],[-90.68226,42.4377],[-90.68091,42.43778],[-90.68071,42.44757],[-90.68328,42.44756],[-90.6828,42.44948],[-90.6796,42.4536],[-90.6805,42.45311],[-90.68461,42.45355],[-90.68457,42.45492],[-90.69437,42.45481],[-90.69435,42.46276],[-90.69736,42.4621],[-90.6983,42.46041],[-90.69922,42.46243],[-90.70107,42.46291],[-90.70321,42.46193],[-90.71377,42.462],[-90.71532,42.46236],[-90.71578,42.466],[-90.71849,42.47008],[-90.71725,42.47126],[-90.71359,42.47127],[-90.71362,42.4692],[-90.70871,42.46919],[-90.70879,42.46622],[-90.70383,42.46725],[-90.70365,42.4714],[-90.7055,42.47139],[-90.70552,42.47313],[-90.70886,42.47203],[-90.70927,42.47339],[-90.70775,42.47428],[-90.71041,42.47501],[-90.71036,42.47862],[-90.72009,42.47866],[-90.71906,42.48215],[-90.72086,42.4838],[-90.7256,42.48321],[-90.72714,42.48585],[-90.72694,42.48812],[-90.72873,42.48584],[-90.74561,42.48594],[-90.74558,42.48487],[-90.7485,42.48431],[-90.74992,42.48529],[-90.75001,42.47843],[-90.75492,42.47841],[-90.75485,42.47096],[-90.75281,42.47036],[-90.75281,42.46671],[-90.75161,42.4667],[-90.7532,42.46299],[-90.75775,42.46296],[-90.75773,42.46184],[-90.77104,42.46191],[-90.77181,42.46236],[-90.76766,42.4678],[-90.7725,42.46753],[-90.7725,42.4627],[-90.77398,42.46175],[-90.7725,42.46135],[-90.77448,42.45853],[-90.77744,42.45809],[-90.78644,42.45796],[-90.78646,42.45447],[-90.79148,42.45452],[-90.7914,42.46094],[-90.78982,42.46534],[-90.78141,42.46534],[-90.78136,42.47104],[-90.77959,42.47105],[-90.77963,42.47834],[-90.78692,42.47825],[-90.78901,42.47507],[-90.79261,42.47235],[-90.79436,42.47167],[-90.79435,42.47817],[-90.79311,42.47998],[-90.78946,42.48107],[-90.78946,42.47822],[-90.78777,42.47824],[-90.78524,42.48169],[-90.78059,42.48125],[-90.77961,42.48048],[-90.77962,42.48122],[-90.77761,42.48048],[-90.7776,42.47834],[-90.76476,42.47841],[-90.76478,42.48234],[-90.75992,42.48319],[-90.75992,42.48212],[-90.75807,42.48211],[-90.75893,42.48355],[-90.75687,42.48436],[-90.75632,42.4836],[-90.75499,42.48511],[-90.75492,42.48776],[-90.76473,42.48567],[-90.77715,42.48574],[-90.77934,42.48483],[-90.77956,42.48769],[-90.78452,42.48768],[-90.78464,42.49753],[-90.78645,42.4978],[-90.7875,42.49696],[-90.78959,42.49819],[-90.7895,42.49037],[-90.79441,42.49084],[-90.79439,42.48783],[-90.79933,42.48875],[-90.7994,42.49617],[-90.80428,42.49618],[-90.8043,42.4998],[-90.8181,42.49986],[-90.81781,42.5015],[-90.82195,42.50147],[-90.824,42.50093],[-90.82402,42.50349]]]}},{"type":"Feature","properties":{"name":"Dumont","county":"Butler","type":"city"},"geometry":{"type":"Polygon","coordinates":[[[-92.99078,42.75952],[-92.95642,42.75938],[-92.95648,42.74493],[-92.99086,42.74502],[-92.99078,42.75952]]]}},{"type":"Feature","properties":{"name":"Duncan","county":"Hancock","type":"community"},"geometry":{"type":"Polygon","coordinates":[[[-93.71494,43.1113],[-93.71288,43.11044],[-93.711,43.11133],[-93.7099,43.11104],[-93.70682,43.10904],[-93.70476,43.10966],[-93.70392,43.11225],[-93.70167,43.11316],[-93.69739,43.11167],[-93.69536,43.10948],[-93.69533,43.10122],[-93.70586,43.10201],[-93.70732,43.09667],[-93.71492,43.09671],[-93.71494,43.1113]]]}},{"type":"Feature","properties":{"name":"Duncombe","county":"Webster","type":"city"},"geometry":{"type":"Polygon","coordinates":[[[-94.01954,42.47199],[-94.01075,42.47217],[-94.0108,42.47931],[-93.99117,42.47915],[-93.9914,42.47214],[-93.97081,42.47208],[-93.97094,42.46359],[-94.01984,42.46341],[-94.01954,42.47199]]]}},{"type":"Feature","properties":{"name":"Dundee","county":"Delaware","type":"city"},"geometry":{"type":"Polygon","coordinates":[[[-91.55137,42.57473],[-91.55127,42.58388],[-91.54144,42.58382],[-91.54162,42.57473],[-91.55137,42.57473]]]}},{"type":"Feature","properties":{"name":"Dunkerton","county":"Black Hawk","type":"city"},"geometry":{"type":"Polygon","coordinates":[[[-92.17061,42.57723],[-92.16832,42.57722],[-92.16833,42.57904],[-92.1698,42.58085],[-92.16578,42.58082],[-92.16701,42.57975],[-92.16385,42.579],[-92.1597,42.57882],[-92.16073,42.58079],[-92.15206,42.58076],[-92.15873,42.57716],[-92.1583,42.57557],[-92.15585,42.57512],[-92.15583,42.57353],[-92.15337,42.57352],[-92.15425,42.56992],[-92.15425,42.56627],[-92.15091,42.56626],[-92.15087,42.55539],[-92.16077,42.55543],[-92.16071,42.56298],[-92.16366,42.563],[-92.16366,42.56564],[-92.16197,42.5663],[-92.16567,42.56633],[-92.16562,42.5627],[-92.17059,42.56272],[-92.17061,42.57723]]]}},{"type":"Feature","properties":{"name":"Dunlap","county":"Harrison","type":"city"},"geometry":{"type":"Polygon","coordinates":[[[-95.62031,41.83881],[-95.61521,41.84601],[-95.61524,41.84904],[-95.61042,41.84901],[-95.61054,41.85994],[-95.60027,41.85989],[-95.59703,41.86412],[-95.596,41.8633],[-95.59597,41.85986],[-95.59111,41.85983],[-95.59107,41.85435],[-95.58619,41.85428],[-95.58614,41.84791],[-95.58913,41.84889],[-95.5959,41.84893],[-95.59591,41.84527],[-95.6056,41.84535],[-95.60559,41.8437],[-95.60648,41.84372],[-95.60648,41.84172],[-95.61428,41.84173],[-95.61143,41.84542],[-95.61351,41.8454],[-95.61818,41.83885],[-95.62031,41.83881]]]}},{"type":"Feature","properties":{"name":"Durango","county":"Dubuque","type":"city"},"geometry":{"type":"Polygon","coordinates":[[[-90.78016,42.56438],[-90.77717,42.56432],[-90.77653,42.56171],[-90.77544,42.56171],[-90.77542,42.56235],[-90.77048,42.56193],[-90.7707,42.56094],[-90.77181,42.56088],[-90.77399,42.55999],[-90.77801,42.56007],[-90.78019,42.56279],[-90.78016,42.56438]]]}},{"type":"Feature","properties":{"name":"Durant","county":"Cedar","type":"city"},"geometry":{"type":"Polygon","coordinates":[[[-90.93374,41.60137],[-90.93223,41.60298],[-90.93372,41.60326],[-90.93201,41.60336],[-90.93175,41.60557],[-90.93013,41.60626],[-90.92883,41.60592],[-90.91915,41.60589],[-90.91681,41.60717],[-90.91222,41.60674],[-90.91098,41.60459],[-90.90953,41.60435],[-90.90948,41.60586],[-90.90639,41.60584],[-90.90564,41.60426],[-90.90272,41.60448],[-90.90265,41.60738],[-90.89973,41.60736],[-90.89976,41.60421],[-90.8961,41.60419],[-90.89613,41.59938],[-90.88811,41.59932],[-90.8881,41.59799],[-90.89137,41.598],[-90.89136,41.59734],[-90.8998,41.5986],[-90.89986,41.59643],[-90.90245,41.59677],[-90.90254,41.59574],[-90.90521,41.59446],[-90.90825,41.59447],[-90.91032,41.59714],[-90.93379,41.59723],[-90.93374,41.60137]]]}},{"type":"Feature","properties":{"name":"Dyersville","county":"Dubuque","type":"city"},"geometry":{"type":"Polygon","coordinates":[[[-91.175,42.47113],[-91.16944,42.47162],[-91.16842,42.47279],[-91.16784,42.47141],[-91.15865,42.47145],[-91.15867,42.47501],[-91.15378,42.47489],[-91.1538,42.47852],[-91.1449,42.47852],[-91.14403,42.47498],[-91.14414,42.48219],[-91.15157,42.48216],[-91.15158,42.48396],[-91.1531,42.48395],[-91.15311,42.48543],[-91.17341,42.48514],[-91.17344,42.48628],[-91.16854,42.48632],[-91.16863,42.48937],[-91.17356,42.48933],[-91.17358,42.49408],[-91.16376,42.49212],[-91.16337,42.4909],[-91.16157,42.49009],[-91.15405,42.4895],[-91.1539,42.49069],[-91.1491,42.49016],[-91.14913,42.48919],[-91.1539,42.48949],[-91.15384,42.48578],[-91.14586,42.48586],[-91.14871,42.48559],[-91.14406,42.4844],[-91.14408,42.49312],[-91.12294,42.49326],[-91.1228,42.49482],[-91.12046,42.49485],[-91.12044,42.49325],[-91.113,42.49336],[-91.11431,42.4948],[-91.1144,42.49886],[-91.10951,42.49892],[-91.10951,42.4971],[-91.11341,42.49708],[-91.11339,42.49528],[-91.11098,42.4953],[-91.11163,42.49337],[-91.11107,42.49416],[-91.10952,42.49342],[-91.10455,42.49346],[-91.10457,42.49712],[-91.09972,42.49714],[-91.09966,42.49596],[-91.09778,42.49674],[-91.09695,42.49623],[-91.09305,42.4971],[-91.09304,42.49493],[-91.09002,42.49662],[-91.08481,42.4966],[-91.08327,42.49717],[-91.0723,42.49716],[-91.07239,42.50445],[-91.05015,42.50441],[-91.05014,42.49708],[-91.0516,42.49708],[-91.05014,42.49524],[-91.05015,42.48985],[-91.05508,42.48981],[-91.05606,42.49159],[-91.05608,42.49514],[-91.05754,42.49515],[-91.05754,42.49625],[-91.06004,42.49711],[-91.06495,42.49712],[-91.06495,42.49901],[-91.06014,42.49843],[-91.06215,42.49926],[-91.06496,42.50141],[-91.06496,42.50079],[-91.06991,42.50081],[-91.06987,42.49349],[-91.08975,42.49337],[-91.08976,42.49651],[-91.09458,42.49394],[-91.09459,42.46997],[-91.09753,42.46984],[-91.09762,42.46705],[-91.10374,42.46886],[-91.10744,42.46875],[-91.10742,42.46803],[-91.10341,42.46788],[-91.1036,42.46553],[-91.10154,42.46553],[-91.10019,42.46467],[-91.10068,42.46619],[-91.09516,42.46612],[-91.09511,42.45888],[-91.09755,42.4589],[-91.09751,42.45403],[-91.10037,42.45568],[-91.09922,42.45638],[-91.10262,42.4595],[-91.10727,42.45981],[-91.10737,42.46254],[-91.11142,42.46256],[-91.11249,42.46384],[-91.115,42.46435],[-91.11577,42.46334],[-91.11721,42.46433],[-91.12205,42.46435],[-91.12208,42.47126],[-91.14399,42.47126],[-91.144,42.47077],[-91.15042,42.47082],[-91.15036,42.46446],[-91.15532,42.46446],[-91.15533,42.46762],[-91.175,42.46766],[-91.175,42.47113]]]}},{"type":"Feature","properties":{"name":"Dysart","county":"Tama","type":"city"},"geometry":{"type":"Polygon","coordinates":[[[-92.3192,42.18122],[-92.31175,42.18121],[-92.31171,42.1789],[-92.30927,42.1789],[-92.3093,42.18121],[-92.29915,42.18124],[-92.29932,42.16312],[-92.31879,42.16304],[-92.3192,42.18122]]]}},{"type":"Feature","properties":{"name":"Eagle Grove","county":"Wright","type":"city"},"geometry":{"type":"Polygon","coordinates":[[[-93.92197,42.68069],[-93.90727,42.68071],[-93.90731,42.68672],[-93.90598,42.68672],[-93.90601,42.68801],[-93.90435,42.68079],[-93.88252,42.68098],[-93.88282,42.65194],[-93.90233,42.65186],[-93.90318,42.65047],[-93.9023,42.64847],[-93.90511,42.6496],[-93.90671,42.64824],[-93.91214,42.64821],[-93.91217,42.65002],[-93.90507,42.65003],[-93.9044,42.6507],[-93.90459,42.65186],[-93.92184,42.65183],[-93.92197,42.68069]]]}},{"type":"Feature","properties":{"name":"Earlham","county":"Madison","type":"city"},"geometry":{"type":"Polygon","coordinates":[[[-94.13208,41.50131],[-94.1306,41.50131],[-94.13063,41.50312],[-94.12345,41.50317],[-94.12306,41.49942],[-94.1208,41.49947],[-94.12076,41.49739],[-94.11393,41.49734],[-94.11394,41.49821],[-94.11741,41.49817],[-94.11742,41.50048],[-94.11378,41.50052],[-94.11249,41.49966],[-94.11249,41.49821],[-94.11376,41.49821],[-94.11373,41.4963],[-94.10893,41.49634],[-94.10887,41.49284],[-94.11107,41.49284],[-94.11103,41.48913],[-94.11862,41.48907],[-94.11853,41.48687],[-94.12738,41.48675],[-94.12735,41.48898],[-94.13219,41.48902],[-94.13208,41.50131]]]}},{"type":"Feature","properties":{"name":"Earling","county":"Shelby","type":"city"},"geometry":{"type":"Polygon","coordinates":[[[-95.43142,41.77635],[-95.4222,41.77656],[-95.4221,41.78387],[-95.41236,41.78394],[-95.41224,41.76928],[-95.42171,41.76939],[-95.42223,41.77295],[-95.43139,41.7728],[-95.43142,41.77635]]]}},{"type":"Feature","properties":{"name":"Earlville","county":"Delaware","type":"city"},"geometry":{"type":"Polygon","coordinates":[[[-91.27797,42.4836],[-91.27743,42.48771],[-91.26258,42.48791],[-91.26278,42.47771],[-91.26719,42.47757],[-91.26717,42.47644],[-91.26879,42.47766],[-91.27795,42.47757],[-91.27797,42.4836]]]}},{"type":"Feature","properties":{"name":"Early","county":"Sac","type":"city"},"geometry":{"type":"Polygon","coordinates":[[[-95.15774,42.46534],[-95.15277,42.46536],[-95.15276,42.46704],[-95.14799,42.46776],[-95.14801,42.46538],[-95.14604,42.46538],[-95.14609,42.45953],[-95.14807,42.45953],[-95.14807,42.45732],[-95.15705,42.45739],[-95.1574,42.4541],[-95.15378,42.45412],[-95.15374,42.45215],[-95.15779,42.45111],[-95.15774,42.46534]]]}},{"type":"Feature","properties":{"name":"East Amana","county":"Iowa","type":"community"},"geometry":{"type":"Polygon","coordinates":[[[-91.85713,41.81396],[-91.84703,41.81396],[-91.8467,41.80939],[-91.84725,41.80796],[-91.85594,41.8003],[-91.85713,41.81396]]]}},{"type":"Feature","properties":{"name":"East Peru","county":"Madison","type":"city"},"geometry":{"type":"Polygon","coordinates":[[[-93.94146,41.23246],[-93.91756,41.2325],[-93.91759,41.22162],[-93.94142,41.2216],[-93.94146,41.23246]]]}},{"type":"Feature","properties":{"name":"Eddyville","county":"Mahaska","type":"city"},"geometry":{"type":"Polygon","coordinates":[[[-92.64382,41.16138],[-92.64038,41.1614],[-92.64036,41.16522],[-92.6406,41.16522],[-92.64117,41.16867],[-92.64035,41.16867],[-92.6402,41.17502],[-92.63584,41.17473],[-92.63588,41.17231],[-92.63866,41.17232],[-92.63953,41.16906],[-92.63872,41.16706],[-92.63727,41.16758],[-92.63816,41.16867],[-92.63116,41.16869],[-92.63121,41.16425],[-92.63423,41.16371],[-92.63331,41.16307],[-92.62967,41.1628],[-92.62848,41.16129],[-92.6118,41.16149],[-92.61173,41.1572],[-92.61711,41.15734],[-92.61713,41.15827],[-92.62133,41.15824],[-92.61959,41.15393],[-92.61965,41.15204],[-92.62121,41.15256],[-92.63508,41.14901],[-92.63658,41.15166],[-92.63902,41.15717],[-92.64015,41.15778],[-92.64377,41.1609],[-92.64382,41.16138]]]}},{"type":"Feature","properties":{"name":"Edgewood","county":"Delaware","type":"city"},"geometry":{"type":"Polygon","coordinates":[[[-91.41101,42.63723],[-91.41084,42.65195],[-91.39364,42.65195],[-91.39376,42.64557],[-91.38884,42.64558],[-91.38884,42.64464],[-91.39278,42.64457],[-91.39379,42.6439],[-91.39357,42.63707],[-91.40378,42.63711],[-91.40389,42.63523],[-91.40886,42.63531],[-91.40878,42.63712],[-91.41101,42.63723]]]}},{"type":"Feature","properties":{"name":"Elberon","county":"Tama","type":"city"},"geometry":{"type":"Polygon","coordinates":[[[-92.32473,42.01091],[-92.30771,42.01097],[-92.30751,42.00014],[-92.32442,42.0001],[-92.32473,42.01091]]]}},{"type":"Feature","properties":{"name":"Eldon","county":"Wapello","type":"city"},"geometry":{"type":"Polygon","coordinates":[[[-92.23179,40.92944],[-92.22827,40.92955],[-92.22765,40.92862],[-92.22704,40.9249],[-92.21505,40.92493],[-92.21553,40.92656],[-92.21986,40.92674],[-92.21985,40.92857],[-92.21266,40.92858],[-92.21265,40.91768],[-92.2078,40.9177],[-92.20775,40.90575],[-92.21363,40.90573],[-92.21742,40.90964],[-92.22236,40.91337],[-92.22508,40.91582],[-92.23054,40.92291],[-92.23181,40.92603],[-92.23179,40.92944]]]}},{"type":"Feature","properties":{"name":"Eldora","county":"Hardin","type":"city"},"geometry":{"type":"Polygon","coordinates":[[[-93.12812,42.3644],[-93.11846,42.36416],[-93.11862,42.37504],[-93.08017,42.37516],[-93.08003,42.34634],[-93.11821,42.34618],[-93.11822,42.35339],[-93.12805,42.35356],[-93.12812,42.3644]]]}},{"type":"Feature","properties":{"name":"Eldridge","county":"Scott","type":"city"},"geometry":{"type":"Polygon","coordinates":[[[-90.62717,41.62932],[-90.61753,41.62924],[-90.6175,41.63653],[-90.60776,41.63646],[-90.6077,41.64375],[-90.60527,41.64375],[-90.60524,41.64739],[-90.60265,41.64739],[-90.60263,41.64986],[-90.59793,41.64987],[-90.59786,41.65833],[-90.60756,41.65832],[-90.60753,41.66242],[-90.59781,41.66244],[-90.59301,41.66196],[-90.58708,41.66199],[-90.58348,41.66264],[-90.58336,41.66563],[-90.57841,41.66564],[-90.57844,41.66199],[-90.5687,41.66199],[-90.56871,41.66559],[-90.56145,41.66561],[-90.56147,41.66201],[-90.54964,41.662],[-90.54936,41.66163],[-90.54949,41.61839],[-90.56889,41.61832],[-90.56889,41.6178],[-90.57062,41.62094],[-90.57218,41.61935],[-90.58074,41.61926],[-90.58072,41.61828],[-90.60719,41.61821],[-90.61551,41.61945],[-90.62713,41.62286],[-90.62717,41.62932]]]}},{"type":"Feature","properties":{"name":"Elgin","county":"Fayette","type":"city"},"geometry":{"type":"Polygon","coordinates":[[[-91.64944,42.958],[-91.64119,42.958],[-91.64146,42.96019],[-91.62945,42.96017],[-91.62825,42.96198],[-91.62608,42.96198],[-91.62608,42.96086],[-91.62389,42.96081],[-91.62347,42.95986],[-91.62423,42.95651],[-91.62373,42.95526],[-91.62143,42.95418],[-91.62144,42.95297],[-91.64087,42.95289],[-91.64092,42.94526],[-91.64203,42.94525],[-91.64515,42.94633],[-91.64486,42.94924],[-91.64583,42.94926],[-91.64559,42.95658],[-91.64944,42.958]]]}},{"type":"Feature","properties":{"name":"Elk Horn","county":"Shelby","type":"city"},"geometry":{"type":"Polygon","coordinates":[[[-95.06966,41.59542],[-95.06481,41.5954],[-95.06478,41.60215],[-95.05508,41.60216],[-95.05527,41.58453],[-95.06491,41.58454],[-95.06489,41.58816],[-95.06972,41.5882],[-95.06966,41.59542]]]}},{"type":"Feature","properties":{"name":"Elk Run Heights","county":"Black Hawk","type":"city"},"geometry":{"type":"Polygon","coordinates":[[[-92.26816,42.4691],[-92.26579,42.46909],[-92.26575,42.46869],[-92.26362,42.46864],[-92.26357,42.46798],[-92.26173,42.46932],[-92.26326,42.46959],[-92.26336,42.47271],[-92.26135,42.47272],[-92.26338,42.47338],[-92.26343,42.47698],[-92.2585,42.47627],[-92.25845,42.47369],[-92.25557,42.47536],[-92.25358,42.47536],[-92.2536,42.47629],[-92.25119,42.47627],[-92.25105,42.46967],[-92.23915,42.46578],[-92.23123,42.46413],[-92.23098,42.45738],[-92.23892,42.45752],[-92.23901,42.46111],[-92.24392,42.46111],[-92.24468,42.45751],[-92.25294,42.46473],[-92.25873,42.46458],[-92.25868,42.46064],[-92.26352,42.46066],[-92.26357,42.46698],[-92.26764,42.46756],[-92.26816,42.4691]]]}},{"type":"Feature","properties":{"name":"Elkader","county":"Clayton","type":"city"},"geometry":{"type":"Polygon","coordinates":[[[-91.42033,42.86048],[-91.41983,42.86143],[-91.41692,42.86099],[-91.41335,42.86167],[-91.41338,42.86343],[-91.40375,42.86316],[-91.40042,42.86465],[-91.40128,42.86788],[-91.39898,42.86784],[-91.40013,42.87037],[-91.39152,42.87019],[-91.39131,42.86445],[-91.39373,42.86395],[-91.39336,42.84832],[-91.39492,42.84838],[-91.39701,42.84586],[-91.39738,42.84847],[-91.39865,42.8485],[-91.40128,42.84753],[-91.40448,42.84509],[-91.40509,42.84656],[-91.40875,42.84654],[-91.40853,42.84775],[-91.40456,42.84859],[-91.41298,42.84893],[-91.41334,42.85809],[-91.41846,42.85874],[-91.42017,42.85843],[-91.42033,42.86048]]]}},{"type":"Feature","properties":{"name":"Elkhart","county":"Polk","type":"city"},"geometry":{"type":"Polygon","coordinates":[[[-93.54128,41.78775],[-93.53644,41.78775],[-93.53643,41.79135],[-93.54127,41.79136],[-93.54123,41.79862],[-93.52646,41.79864],[-93.52643,41.80227],[-93.52192,41.80227],[-93.52189,41.81309],[-93.5146,41.81307],[-93.51217,41.81221],[-93.51218,41.80952],[-93.51705,41.80953],[-93.51705,41.80592],[-93.51985,41.80593],[-93.51985,41.80745],[-93.52174,41.80748],[-93.52174,41.80227],[-93.51978,41.80228],[-93.52192,41.80024],[-93.52192,41.79882],[-93.50977,41.79863],[-93.50976,41.8041],[-93.5049,41.8041],[-93.50491,41.79862],[-93.50734,41.79863],[-93.50735,41.79133],[-93.51222,41.79135],[-93.51227,41.7841],[-93.53941,41.78412],[-93.54129,41.78551],[-93.54128,41.78775]]]}},{"type":"Feature","properties":{"name":"Elkport","county":"Clayton","type":"city"},"geometry":{"type":"Polygon","coordinates":[[[-91.27978,42.74324],[-91.27528,42.74324],[-91.27479,42.74692],[-91.2759,42.74939],[-91.27396,42.74985],[-91.27198,42.74327],[-91.27008,42.74328],[-91.26955,42.73804],[-91.27345,42.73783],[-91.27438,42.73925],[-91.27963,42.73727],[-91.28052,42.73759],[-91.27978,42.74324]]]}},{"type":"Feature","properties":{"name":"Elliott","county":"Montgomery","type":"city"},"geometry":{"type":"Polygon","coordinates":[[[-95.17019,41.15346],[-95.15572,41.1534],[-95.1557,41.14523],[-95.17025,41.14542],[-95.17019,41.15346]]]}},{"type":"Feature","properties":{"name":"Ellston","county":"Ringgold","type":"city"},"geometry":{"type":"Polygon","coordinates":[[[-94.11319,40.84369],[-94.10363,40.84367],[-94.10358,40.83644],[-94.11306,40.83647],[-94.11319,40.84369]]]}},{"type":"Feature","properties":{"name":"Ellsworth","county":"Hamilton","type":"city"},"geometry":{"type":"Polygon","coordinates":[[[-93.60099,42.30686],[-93.58997,42.30686],[-93.58631,42.30721],[-93.58631,42.31774],[-93.57,42.3178],[-93.56996,42.30687],[-93.58149,42.30686],[-93.58146,42.30326],[-93.60087,42.30323],[-93.60099,42.30686]]]}},{"type":"Feature","properties":{"name":"Elma","county":"Howard","type":"city"},"geometry":{"type":"Polygon","coordinates":[[[-92.45079,43.25282],[-92.42682,43.25309],[-92.42647,43.24922],[-92.42664,43.23857],[-92.45056,43.23811],[-92.45079,43.25282]]]}},{"type":"Feature","properties":{"name":"Ely","county":"Linn","type":"city"},"geometry":{"type":"Polygon","coordinates":[[[-91.60316,41.89348],[-91.59828,41.89343],[-91.59818,41.88981],[-91.59476,41.88979],[-91.59478,41.88765],[-91.5934,41.88613],[-91.5884,41.88611],[-91.58841,41.88246],[-91.58239,41.88242],[-91.58237,41.88606],[-91.57864,41.88604],[-91.57859,41.88059],[-91.57429,41.88056],[-91.57372,41.87875],[-91.5688,41.87871],[-91.56881,41.87503],[-91.57373,41.87508],[-91.57374,41.87145],[-91.56887,41.87139],[-91.56886,41.86684],[-91.57375,41.86688],[-91.57376,41.86779],[-91.58439,41.86789],[-91.58437,41.86542],[-91.58657,41.86544],[-91.5866,41.86791],[-91.58831,41.86793],[-91.58831,41.86431],[-91.59319,41.86433],[-91.59322,41.86989],[-91.59645,41.86992],[-91.59615,41.87254],[-91.5932,41.87253],[-91.59338,41.87523],[-91.59809,41.87525],[-91.59813,41.87997],[-91.59997,41.88002],[-91.60001,41.88254],[-91.60108,41.88256],[-91.60106,41.88463],[-91.5996,41.88462],[-91.59959,41.88552],[-91.59812,41.8855],[-91.59811,41.88619],[-91.60026,41.88983],[-91.6031,41.89266],[-91.60316,41.89348]]]}},{"type":"Feature","properties":{"name":"Emerson","county":"Mills","type":"city"},"geometry":{"type":"Polygon","coordinates":[[[-95.40836,41.02004],[-95.40588,41.02005],[-95.4036,41.02366],[-95.4036,41.02147],[-95.39818,41.02148],[-95.39803,41.01695],[-95.3962,41.01631],[-95.3989,41.01432],[-95.40637,41.01428],[-95.40663,41.01607],[-95.40832,41.01608],[-95.40836,41.02004]]]}},{"type":"Feature","properties":{"name":"Emmetsburg","county":"Palo Alto","type":"city"},"geometry":{"type":"Polygon","coordinates":[[[-94.70121,43.11195],[-94.70115,43.12814],[-94.67879,43.12823],[-94.67879,43.13725],[-94.67372,43.13726],[-94.6737,43.14087],[-94.66874,43.14087],[-94.66862,43.13603],[-94.67047,43.13624],[-94.67375,43.13548],[-94.67536,43.13406],[-94.6758,43.13135],[-94.67454,43.12971],[-94.67592,43.12804],[-94.67565,43.12692],[-94.67266,43.12645],[-94.6642,43.12649],[-94.66427,43.11922],[-94.65933,43.11922],[-94.65919,43.11203],[-94.65549,43.11203],[-94.6555,43.11104],[-94.66026,43.11106],[-94.66027,43.11203],[-94.66405,43.11204],[-94.66428,43.10249],[-94.65317,43.09748],[-94.6886,43.09743],[-94.68885,43.10477],[-94.69877,43.10474],[-94.6986,43.11018],[-94.70121,43.11195]]]}},{"type":"Feature","properties":{"name":"Epworth","county":"Dubuque","type":"city"},"geometry":{"type":"MultiPolygon","coordinates":[[[[-90.92579,42.43946],[-90.91869,42.44018],[-90.91866,42.43939],[-90.92579,42.43946]]],[[[-90.94635,42.45514],[-90.92212,42.45516],[-90.92214,42.45383],[-90.9173,42.45382],[-90.91736,42.44803],[-90.91243,42.44877],[-90.9125,42.4417],[-90.91867,42.44177],[-90.91884,42.44101],[-90.92318,42.44046],[-90.92711,42.44042],[-90.92716,42.43701],[-90.93194,42.43699],[-90.93189,42.44041],[-90.93683,42.44019],[-90.93705,42.43758],[-90.93845,42.43682],[-90.93685,42.43333],[-90.94196,42.43333],[-90.9417,42.4403],[-90.94656,42.4403],[-90.94635,42.45514]]]]}},{"type":"Feature","properties":{"name":"Essex","county":"Page","type":"city"},"geometry":{"type":"Polygon","coordinates":[[[-95.32775,40.83642],[-95.31816,40.83637],[-95.31819,40.83996],[-95.2895,40.8399],[-95.2895,40.82535],[-95.31807,40.8254],[-95.31813,40.83253],[-95.32764,40.83273],[-95.32775,40.83642]]]}},{"type":"Feature","properties":{"name":"Estherville","county":"Emmet","type":"city"},"geometry":{"type":"Polygon","coordinates":[[[-94.87141,43.40679],[-94.85688,43.40678],[-94.85691,43.41407],[-94.83862,43.41386],[-94.83676,43.41582],[-94.83792,43.41776],[-94.83522,43.41788],[-94.83569,43.42062],[-94.82688,43.42105],[-94.82689,43.42462],[-94.82407,43.42467],[-94.82772,43.41737],[-94.82921,43.41365],[-94.82739,43.4136],[-94.82722,43.41729],[-94.82658,43.4173],[-94.82663,43.41359],[-94.8169,43.41374],[-94.81675,43.40645],[-94.81194,43.40649],[-94.81187,43.40282],[-94.81327,43.40282],[-94.79995,43.40252],[-94.8001,43.3993],[-94.80667,43.39925],[-94.80655,43.38493],[-94.81151,43.38494],[-94.81155,43.38128],[-94.81328,43.38128],[-94.81389,43.38207],[-94.81501,43.38204],[-94.81649,43.38255],[-94.81647,43.38492],[-94.85669,43.38528],[-94.85677,43.39434],[-94.8595,43.3952],[-94.86412,43.39445],[-94.86421,43.39969],[-94.85684,43.39978],[-94.85684,43.40065],[-94.85955,43.40111],[-94.8595,43.40346],[-94.87136,43.4033],[-94.87141,43.40679]]]}},{"type":"Feature","properties":{"name":"Evansdale","county":"Black Hawk","type":"city"},"geometry":{"type":"Polygon","coordinates":[[[-92.30969,42.46415],[-92.3072,42.46708],[-92.30103,42.46717],[-92.3026,42.46796],[-92.29798,42.47014],[-92.2941,42.47362],[-92.29293,42.47602],[-92.29357,42.47845],[-92.29403,42.47889],[-92.29396,42.48339],[-92.26135,42.47272],[-92.26336,42.47271],[-92.26326,42.46959],[-92.26173,42.46932],[-92.26357,42.46798],[-92.26362,42.46864],[-92.26575,42.46869],[-92.26579,42.46909],[-92.26816,42.4691],[-92.26764,42.46756],[-92.26357,42.46698],[-92.26352,42.46066],[-92.25868,42.46064],[-92.25873,42.46458],[-92.25294,42.46473],[-92.2375,42.45143],[-92.23751,42.44922],[-92.2637,42.44918],[-92.26909,42.4545],[-92.27772,42.45943],[-92.28267,42.45936],[-92.28621,42.45875],[-92.28797,42.45802],[-92.29198,42.45399],[-92.29519,42.45338],[-92.30079,42.45449],[-92.30826,42.45814],[-92.30941,42.45944],[-92.30998,42.46092],[-92.30969,42.46415]]]}},{"type":"Feature","properties":{"name":"Everly","county":"Clay","type":"city"},"geometry":{"type":"Polygon","coordinates":[[[-95.33341,43.16188],[-95.33176,43.16251],[-95.3287,43.16226],[-95.32875,43.16933],[-95.30892,43.16925],[-95.309,43.15582],[-95.31374,43.15587],[-95.31385,43.15221],[-95.31876,43.15225],[-95.31879,43.15592],[-95.33162,43.15597],[-95.33165,43.16026],[-95.3334,43.16025],[-95.33341,43.16188]]]}},{"type":"Feature","properties":{"name":"Exira","county":"Audubon","type":"city"},"geometry":{"type":"Polygon","coordinates":[[[-94.89332,41.59834],[-94.89086,41.5981],[-94.8857,41.59836],[-94.88569,41.59669],[-94.87539,41.59657],[-94.8739,41.59685],[-94.8739,41.59598],[-94.87125,41.59634],[-94.87123,41.5958],[-94.86943,41.59575],[-94.86911,41.59555],[-94.86909,41.58742],[-94.87392,41.58681],[-94.87388,41.58386],[-94.88343,41.58406],[-94.88306,41.58744],[-94.89321,41.58735],[-94.89332,41.59834]]]}},{"type":"Feature","properties":{"name":"Exline","county":"Appanoose","type":"city"},"geometry":{"type":"Polygon","coordinates":[[[-92.85265,40.64187],[-92.85265,40.65635],[-92.83372,40.65633],[-92.83369,40.64188],[-92.85265,40.64187]]]}},{"type":"Feature","properties":{"name":"Fairbank","county":"Buchanan","type":"city"},"geometry":{"type":"Polygon","coordinates":[[[-92.06543,42.63826],[-92.06164,42.63825],[-92.06161,42.63962],[-92.05789,42.63959],[-92.05787,42.64212],[-92.05037,42.64211],[-92.04963,42.6458],[-92.04717,42.6458],[-92.04714,42.64681],[-92.04428,42.64683],[-92.04484,42.64602],[-92.04227,42.64601],[-92.04086,42.64692],[-92.0352,42.64717],[-92.0352,42.6425],[-92.03645,42.64214],[-92.04017,42.64213],[-92.04019,42.64089],[-92.04252,42.63993],[-92.04247,42.63822],[-92.04022,42.63821],[-92.04029,42.64031],[-92.03726,42.64123],[-92.03727,42.63793],[-92.04247,42.63793],[-92.04262,42.63455],[-92.04934,42.63456],[-92.04939,42.63135],[-92.05235,42.6314],[-92.05233,42.63457],[-92.05783,42.63459],[-92.05779,42.63823],[-92.0584,42.63747],[-92.06543,42.63734],[-92.06543,42.63826]]]}},{"type":"Feature","properties":{"name":"Fairfax","county":"Linn","type":"city"},"geometry":{"type":"Polygon","coordinates":[[[-91.79649,41.9194],[-91.79366,41.91957],[-91.79376,41.92372],[-91.78888,41.92378],[-91.78891,41.92551],[-91.79264,41.92549],[-91.79266,41.9265],[-91.79102,41.92743],[-91.79385,41.92741],[-91.79417,41.94564],[-91.77483,41.9457],[-91.77457,41.93481],[-91.76972,41.93475],[-91.76969,41.93308],[-91.7575,41.9382],[-91.75524,41.93816],[-91.75509,41.93098],[-91.75993,41.93102],[-91.75985,41.92739],[-91.77252,41.92748],[-91.77248,41.9264],[-91.77432,41.92639],[-91.77417,41.92218],[-91.76753,41.9222],[-91.76477,41.92072],[-91.77414,41.92042],[-91.76464,41.92043],[-91.76415,41.90928],[-91.77389,41.90934],[-91.77397,41.91293],[-91.7766,41.91289],[-91.77874,41.9102],[-91.77863,41.90561],[-91.78347,41.90561],[-91.78366,41.91292],[-91.78599,41.91287],[-91.79019,41.9117],[-91.79204,41.91069],[-91.79211,41.91287],[-91.79623,41.91284],[-91.79649,41.9194]]]}},{"type":"Feature","properties":{"name":"Fairfield","county":"Jefferson","type":"city"},"geometry":{"type":"Polygon","coordinates":[[[-92.00673,41.01728],[-91.99481,41.01731],[-91.99483,41.01345],[-91.98776,41.01292],[-91.98734,41.01419],[-91.98735,41.01733],[-91.97414,41.01738],[-91.97407,41.02104],[-91.97772,41.02103],[-91.97776,41.02466],[-91.9681,41.02469],[-91.9681,41.0235],[-91.9633,41.02728],[-91.96335,41.02873],[-91.96809,41.02938],[-91.96807,41.03204],[-91.95857,41.03205],[-91.95856,41.03055],[-91.95622,41.03212],[-91.95296,41.03211],[-91.95448,41.03141],[-91.95445,41.02574],[-91.95853,41.02572],[-91.95852,41.02474],[-91.95103,41.02488],[-91.94895,41.02342],[-91.94888,41.01734],[-91.94649,41.01731],[-91.94648,41.01632],[-91.94887,41.01632],[-91.9488,41.01038],[-91.93669,41.01067],[-91.93667,41.01378],[-91.93878,41.01384],[-91.93875,41.01623],[-91.9426,41.01626],[-91.94277,41.01831],[-91.9397,41.01911],[-91.93597,41.02469],[-91.93524,41.02468],[-91.93471,41.02292],[-91.9354,41.02291],[-91.93755,41.0195],[-91.93642,41.01674],[-91.93427,41.01731],[-91.92546,41.01724],[-91.9244,41.01614],[-91.92724,41.0166],[-91.92774,41.01513],[-91.9291,41.01506],[-91.92903,41.01021],[-91.93864,41.00995],[-91.93857,41.00416],[-91.94092,41.00491],[-91.94097,41.00291],[-91.94339,41.00293],[-91.94339,41.00135],[-91.94298,41.00087],[-91.9455,40.99854],[-91.94668,40.99566],[-91.94871,40.99568],[-91.94673,40.9921],[-91.9452,40.99067],[-91.94352,40.98971],[-91.94354,40.98835],[-91.9487,40.98838],[-91.94889,40.98518],[-91.95253,40.9849],[-91.95496,40.98522],[-91.95606,40.98468],[-91.95589,40.98348],[-91.94889,40.98384],[-91.9489,40.98112],[-91.9659,40.98069],[-91.96587,40.98238],[-91.96805,40.98244],[-91.96802,40.98389],[-91.96351,40.98442],[-91.968,40.98484],[-91.96939,40.98636],[-91.96844,40.98835],[-91.96309,40.98835],[-91.96309,40.98927],[-91.96792,40.98926],[-91.96792,40.98969],[-91.96392,40.98972],[-91.96452,40.99017],[-91.96452,40.99074],[-91.9631,40.99075],[-91.9631,40.99108],[-91.9679,40.99106],[-91.9679,40.99015],[-91.97389,40.99012],[-91.97387,40.9883],[-91.97342,40.98831],[-91.97284,40.98748],[-91.97284,40.98352],[-91.97469,40.98343],[-91.97399,40.9883],[-91.97491,40.98831],[-91.97493,40.98953],[-91.97654,40.98953],[-91.97756,40.99022],[-91.97755,40.98831],[-91.97843,40.9883],[-91.97843,40.9894],[-91.98064,40.98939],[-91.98064,40.99021],[-91.97749,40.99054],[-91.97843,40.99346],[-91.97753,40.99419],[-91.97757,40.99875],[-91.97968,40.99798],[-91.98053,40.99859],[-91.97761,41.00237],[-91.97941,41.00091],[-91.98117,41.0009],[-91.98237,41.00268],[-91.98241,40.99801],[-91.99435,40.99446],[-91.99445,41.00275],[-91.98974,41.00277],[-91.98977,41.00521],[-91.99049,41.00638],[-91.99685,41.00635],[-91.99686,41.00273],[-91.99746,41.00138],[-92.00169,41.00089],[-92.00165,40.99694],[-92.00285,40.99694],[-92.00491,40.9982],[-92.00526,41.00019],[-92.00643,41.00019],[-92.00647,41.00471],[-92.0043,41.00472],[-92.00431,41.00631],[-92.0017,41.00636],[-92.00196,41.01117],[-92.00287,41.01364],[-92.0017,41.01394],[-92.00415,41.01415],[-92.00673,41.01728]],[[-91.96791,40.99195],[-91.96311,40.99197],[-91.96311,40.99289],[-91.96791,40.99287],[-91.96791,40.99195]],[[-91.94876,41.00295],[-91.94536,41.00295],[-91.94483,41.00299],[-91.9464,41.00447],[-91.94692,41.00388],[-91.94763,41.00388],[-91.94763,41.00474],[-91.94877,41.00475],[-91.94876,41.00295]]]}},{"type":"Feature","properties":{"name":"Fairport","county":"Muscatine","type":"community"},"geometry":{"type":"Polygon","coordinates":[[[-90.94035,41.44493],[-90.93755,41.44561],[-90.93192,41.4447],[-90.93293,41.44591],[-90.90163,41.4459],[-90.90162,41.44659],[-90.8966,41.44321],[-90.89517,41.44321],[-90.89408,41.44072],[-90.89251,41.43934],[-90.89251,41.43905],[-90.89285,41.43818],[-90.89869,41.43576],[-90.90185,41.43512],[-90.90598,41.43375],[-90.91416,41.43249],[-90.92039,41.43221],[-90.92461,41.43139],[-90.92756,41.43153],[-90.93443,41.43243],[-90.93645,41.43514],[-90.93527,41.43796],[-90.93773,41.44252],[-90.94035,41.44493]]]}},{"type":"Feature","properties":{"name":"Farley","county":"Dubuque","type":"city"},"geometry":{"type":"Polygon","coordinates":[[[-91.0287,42.45051],[-91.02374,42.44901],[-91.02375,42.4497],[-91.0189,42.44822],[-91.01884,42.44846],[-91.02847,42.45144],[-91.02376,42.4507],[-91.02378,42.45531],[-91.01894,42.45527],[-91.01889,42.45166],[-90.99558,42.4514],[-90.99571,42.43698],[-90.99811,42.43698],[-90.99814,42.43335],[-91.01391,42.43339],[-91.01388,42.43702],[-91.01886,42.43708],[-91.01887,42.44034],[-91.02464,42.43988],[-91.02379,42.4433],[-91.01886,42.44326],[-91.01883,42.44566],[-91.02047,42.44733],[-91.0225,42.44803],[-91.02868,42.44806],[-91.0287,42.45051]]]}},{"type":"Feature","properties":{"name":"Farmersburg","county":"Clayton","type":"city"},"geometry":{"type":"Polygon","coordinates":[[[-91.37201,42.9648],[-91.36137,42.96478],[-91.3614,42.95385],[-91.37204,42.95392],[-91.37201,42.9648]]]}},{"type":"Feature","properties":{"name":"Farmington","county":"Van Buren","type":"city"},"geometry":{"type":"Polygon","coordinates":[[[-91.74668,40.64416],[-91.74085,40.64655],[-91.74006,40.64499],[-91.73813,40.64558],[-91.73589,40.64136],[-91.73402,40.64109],[-91.73132,40.63282],[-91.73699,40.63126],[-91.73814,40.63344],[-91.74116,40.63317],[-91.74668,40.64416]]]}},{"type":"Feature","properties":{"name":"Farnhamville","county":"Calhoun","type":"city"},"geometry":{"type":"Polygon","coordinates":[[[-94.41715,42.28134],[-94.39636,42.28152],[-94.3964,42.27789],[-94.39762,42.27789],[-94.39764,42.27355],[-94.40735,42.27345],[-94.40735,42.27059],[-94.41709,42.27063],[-94.41715,42.28134]]]}},{"type":"Feature","properties":{"name":"Farragut","county":"Fremont","type":"city"},"geometry":{"type":"Polygon","coordinates":[[[-95.48597,40.72508],[-95.47558,40.72509],[-95.47326,40.72472],[-95.47334,40.72325],[-95.47574,40.72247],[-95.47618,40.71479],[-95.48645,40.71485],[-95.48597,40.72508]]]}},{"type":"Feature","properties":{"name":"Fayette","county":"Fayette","type":"city"},"geometry":{"type":"Polygon","coordinates":[[[-91.81934,42.84294],[-91.81732,42.84475],[-91.81516,42.84551],[-91.81523,42.84714],[-91.81028,42.84724],[-91.81067,42.85475],[-91.80578,42.85485],[-91.80557,42.851],[-91.79813,42.85076],[-91.79794,42.84715],[-91.7905,42.84689],[-91.79043,42.84432],[-91.78782,42.84341],[-91.78735,42.84209],[-91.79038,42.84214],[-91.79018,42.83618],[-91.79499,42.83616],[-91.79484,42.83248],[-91.81486,42.83253],[-91.81509,42.841],[-91.81745,42.84157],[-91.81934,42.84294]]]}},{"type":"Feature","properties":{"name":"Fenton","county":"Kossuth","type":"city"},"geometry":{"type":"Polygon","coordinates":[[[-94.43349,43.22326],[-94.42328,43.2233],[-94.42337,43.21247],[-94.42937,43.21245],[-94.42932,43.21599],[-94.43328,43.21598],[-94.43349,43.22326]]]}},{"type":"Feature","properties":{"name":"Ferguson","county":"Marshall","type":"city"},"geometry":{"type":"Polygon","coordinates":[[[-92.86779,41.93487],[-92.86775,41.94223],[-92.85803,41.94248],[-92.85811,41.93497],[-92.86779,41.93487]]]}},{"type":"Feature","properties":{"name":"Fertile","county":"Worth","type":"city"},"geometry":{"type":"Polygon","coordinates":[[[-93.43316,43.26903],[-93.41335,43.26919],[-93.41323,43.25547],[-93.43313,43.25543],[-93.43316,43.26903]]]}},{"type":"Feature","properties":{"name":"Floris","county":"Davis","type":"city"},"geometry":{"type":"Polygon","coordinates":[[[-92.3398,40.87013],[-92.32559,40.87021],[-92.32547,40.85884],[-92.33973,40.85879],[-92.3398,40.87013]]]}},{"type":"Feature","properties":{"name":"Floyd","county":"Floyd","type":"city"},"geometry":{"type":"Polygon","coordinates":[[[-92.74712,43.12348],[-92.74701,43.13443],[-92.73725,43.13407],[-92.7351,43.13156],[-92.73224,43.13053],[-92.7322,43.12259],[-92.737,43.12258],[-92.73854,43.1212],[-92.74149,43.12345],[-92.74712,43.12348]]]}},{"type":"Feature","properties":{"name":"Fonda","county":"Pocahontas","type":"city"},"geometry":{"type":"Polygon","coordinates":[[[-94.85539,42.58902],[-94.83575,42.58885],[-94.83551,42.58038],[-94.83571,42.57439],[-94.85531,42.57453],[-94.85539,42.58902]]]}},{"type":"Feature","properties":{"name":"Fontanelle","county":"Adair","type":"city"},"geometry":{"type":"Polygon","coordinates":[[[-94.57107,41.29477],[-94.56429,41.29474],[-94.5637,41.29836],[-94.56135,41.29833],[-94.56138,41.29473],[-94.54693,41.29464],[-94.54686,41.28736],[-94.55656,41.28744],[-94.55657,41.2839],[-94.57081,41.28392],[-94.57107,41.29477]]]}},{"type":"Feature","properties":{"name":"Forest City","county":"Hancock","type":"city"},"geometry":{"type":"Polygon","coordinates":[[[-93.65625,43.26651],[-93.65137,43.26655],[-93.65158,43.27582],[-93.65125,43.27743],[-93.64419,43.2774],[-93.64422,43.27859],[-93.64167,43.27858],[-93.63987,43.27735],[-93.62186,43.27743],[-93.62186,43.27385],[-93.61778,43.27382],[-93.61693,43.27317],[-93.61693,43.27026],[-93.62329,43.27031],[-93.62327,43.26658],[-93.62179,43.25924],[-93.61739,43.25923],[-93.61695,43.25562],[-93.6218,43.25563],[-93.62194,43.24968],[-93.62167,43.24936],[-93.61981,43.24922],[-93.61722,43.24747],[-93.61724,43.24693],[-93.62273,43.24681],[-93.62544,43.24403],[-93.62441,43.24124],[-93.62333,43.23939],[-93.62062,43.23788],[-93.61996,43.23585],[-93.61729,43.23588],[-93.61718,43.22804],[-93.61583,43.22706],[-93.61602,43.22574],[-93.61569,43.22498],[-93.61874,43.22528],[-93.62122,43.22932],[-93.6225,43.23022],[-93.62561,43.23076],[-93.62572,43.23513],[-93.62976,43.23475],[-93.62934,43.23685],[-93.63449,43.23716],[-93.63516,43.23871],[-93.63174,43.2385],[-93.63016,43.23915],[-93.63017,43.24204],[-93.65604,43.24183],[-93.65625,43.26651]]]}},{"type":"Feature","properties":{"name":"Fort Atkinson","county":"Winneshiek","type":"city"},"geometry":{"type":"Polygon","coordinates":[[[-91.94096,43.14786],[-91.92971,43.14787],[-91.9307,43.14695],[-91.92686,43.14587],[-91.9275,43.14254],[-91.92929,43.14065],[-91.9332,43.14178],[-91.93285,43.13964],[-91.9342,43.14059],[-91.93985,43.14064],[-91.93965,43.14271],[-91.94154,43.14281],[-91.94096,43.14786]]]}},{"type":"Feature","properties":{"name":"Fort Dodge","county":"Webster","type":"city"},"geometry":{"type":"Polygon","coordinates":[[[-94.22464,42.51896],[-94.21708,42.51897],[-94.21707,42.51606],[-94.20901,42.51581],[-94.20901,42.51677],[-94.20727,42.51676],[-94.2073,42.52238],[-94.19642,42.52254],[-94.19488,42.52318],[-94.19383,42.5252],[-94.19269,42.53101],[-94.19197,42.53681],[-94.18361,42.53691],[-94.18363,42.5381],[-94.17814,42.53815],[-94.17818,42.54065],[-94.17499,42.54069],[-94.17501,42.54154],[-94.17819,42.54149],[-94.17717,42.54308],[-94.17339,42.54313],[-94.17341,42.54438],[-94.17079,42.54442],[-94.17086,42.55506],[-94.17279,42.55504],[-94.17275,42.55803],[-94.15839,42.55802],[-94.15845,42.5518],[-94.16335,42.55174],[-94.16341,42.5445],[-94.15852,42.54456],[-94.15849,42.54272],[-94.15604,42.54275],[-94.15607,42.54459],[-94.1509,42.54465],[-94.15089,42.54404],[-94.1495,42.54406],[-94.14949,42.54336],[-94.1487,42.54337],[-94.1487,42.54135],[-94.15384,42.54129],[-94.15413,42.54097],[-94.14965,42.54102],[-94.14963,42.53801],[-94.14866,42.53802],[-94.15496,42.53778],[-94.15681,42.53722],[-94.1388,42.53742],[-94.13886,42.51575],[-94.13392,42.51577],[-94.1338,42.5085],[-94.12872,42.50852],[-94.12874,42.50488],[-94.11414,42.50503],[-94.11414,42.50137],[-94.11903,42.50134],[-94.11901,42.49768],[-94.13076,42.49756],[-94.13073,42.49497],[-94.12877,42.49496],[-94.12873,42.48677],[-94.13303,42.48677],[-94.13074,42.48748],[-94.1301,42.48867],[-94.13076,42.49402],[-94.14235,42.494],[-94.1424,42.49154],[-94.14842,42.49154],[-94.14841,42.48976],[-94.1512,42.49128],[-94.15785,42.49127],[-94.15793,42.4859],[-94.16772,42.48587],[-94.16769,42.48257],[-94.17256,42.48419],[-94.17253,42.47958],[-94.19691,42.47969],[-94.1971,42.47248],[-94.20625,42.47256],[-94.20724,42.47448],[-94.20725,42.47966],[-94.20781,42.47965],[-94.20734,42.48426],[-94.21115,42.4818],[-94.21559,42.47971],[-94.21717,42.47973],[-94.21718,42.48329],[-94.22201,42.48332],[-94.22187,42.50788],[-94.21888,42.50912],[-94.22252,42.51338],[-94.224,42.51824],[-94.22464,42.51896]]]}},{"type":"Feature","properties":{"name":"Fort Madison","county":"Lee","type":"city"},"geometry":{"type":"Polygon","coordinates":[[[-91.44094,40.58147],[-91.435,40.58138],[-91.43624,40.58459],[-91.38224,40.60962],[-91.37346,40.60958],[-91.37322,40.62215],[-91.37695,40.6222],[-91.37703,40.61687],[-91.38289,40.61695],[-91.38271,40.62418],[-91.38989,40.62431],[-91.38993,40.62235],[-91.39161,40.62238],[-91.39226,40.62268],[-91.39158,40.62295],[-91.39155,40.62416],[-91.39479,40.62441],[-91.39624,40.62521],[-91.39427,40.62701],[-91.38985,40.62756],[-91.3899,40.62452],[-91.38868,40.62446],[-91.3876,40.62634],[-91.38625,40.62631],[-91.3863,40.6317],[-91.386,40.63024],[-91.38258,40.63009],[-91.38261,40.63266],[-91.37654,40.63393],[-91.37054,40.63462],[-91.37054,40.63717],[-91.37163,40.63723],[-91.37293,40.63665],[-91.3731,40.63871],[-91.35405,40.63823],[-91.35407,40.63583],[-91.34904,40.63749],[-91.34929,40.6383],[-91.33982,40.63831],[-91.34025,40.64059],[-91.33955,40.64484],[-91.33715,40.64549],[-91.33721,40.6419],[-91.33677,40.63828],[-91.32432,40.63816],[-91.32313,40.6397],[-91.32068,40.64116],[-91.32065,40.63993],[-91.31822,40.63991],[-91.32065,40.63904],[-91.32066,40.6381],[-91.31387,40.6381],[-91.31341,40.63924],[-91.31244,40.63809],[-91.30468,40.63821],[-91.30542,40.64599],[-91.30626,40.64522],[-91.31425,40.64529],[-91.31569,40.64877],[-91.31707,40.64909],[-91.31695,40.65011],[-91.3185,40.64822],[-91.31887,40.64671],[-91.32206,40.64676],[-91.3221,40.64538],[-91.32466,40.6454],[-91.3238,40.64805],[-91.32534,40.6498],[-91.32772,40.65075],[-91.33009,40.65235],[-91.32831,40.65268],[-91.32834,40.65497],[-91.33222,40.66728],[-91.32792,40.66722],[-91.32784,40.66535],[-91.32622,40.65995],[-91.3061,40.65973],[-91.30605,40.65609],[-91.30029,40.65605],[-91.29663,40.64955],[-91.29546,40.64983],[-91.29552,40.65041],[-91.29386,40.6504],[-91.2938,40.65238],[-91.29209,40.65237],[-91.29182,40.64765],[-91.29326,40.64766],[-91.29673,40.64648],[-91.29616,40.64406],[-91.29755,40.64282],[-91.30151,40.64284],[-91.30151,40.64195],[-91.29773,40.64174],[-91.30038,40.63798],[-91.2975,40.63797],[-91.29791,40.64033],[-91.29494,40.6403],[-91.29496,40.63795],[-91.28405,40.63791],[-91.28269,40.6382],[-91.28269,40.63888],[-91.28743,40.63878],[-91.2875,40.64149],[-91.28195,40.64149],[-91.27872,40.64252],[-91.27827,40.64344],[-91.27785,40.6434],[-91.27789,40.63967],[-91.27554,40.63967],[-91.27592,40.63792],[-91.25883,40.63799],[-91.25884,40.6373],[-91.25611,40.6372],[-91.25825,40.63667],[-91.26495,40.63389],[-91.27617,40.63224],[-91.30652,40.62623],[-91.33972,40.61349],[-91.34873,40.6097],[-91.35399,40.60655],[-91.35987,40.6018],[-91.37425,40.58259],[-91.37371,40.60532],[-91.37647,40.60367],[-91.38091,40.60278],[-91.38404,40.59967],[-91.38398,40.59512],[-91.39296,40.5953],[-91.39338,40.58075],[-91.39854,40.58087],[-91.402,40.57908],[-91.42553,40.57941],[-91.42424,40.58847],[-91.42229,40.58843],[-91.42228,40.59041],[-91.42514,40.58848],[-91.42579,40.58125],[-91.43142,40.58133],[-91.43149,40.57768],[-91.42632,40.5776],[-91.42767,40.57048],[-91.43085,40.5705],[-91.43163,40.57257],[-91.43158,40.57415],[-91.441,40.5743],[-91.44094,40.58147]],[[-91.42202,40.58842],[-91.41217,40.58829],[-91.41206,40.59188],[-91.41112,40.59188],[-91.40973,40.59041],[-91.40861,40.58974],[-91.40722,40.58955],[-91.40605,40.58893],[-91.40545,40.5882],[-91.40267,40.58816],[-91.40236,40.5998],[-91.42161,40.59105],[-91.42202,40.58842]],[[-91.30354,40.63818],[-91.30163,40.638],[-91.30156,40.64026],[-91.30353,40.64026],[-91.30354,40.63818]],[[-91.29918,40.6467],[-91.29673,40.64668],[-91.29673,40.64767],[-91.2989,40.64739],[-91.29918,40.6467]]]}},{"type":"Feature","properties":{"name":"Fostoria","county":"Clay","type":"city"},"geometry":{"type":"Polygon","coordinates":[[[-95.16029,43.23852],[-95.16021,43.24913],[-95.15029,43.24882],[-95.15031,43.23433],[-95.15316,43.23444],[-95.1532,43.23816],[-95.16029,43.23852]]]}},{"type":"Feature","properties":{"name":"Franklin","county":"Lee","type":"city"},"geometry":{"type":"Polygon","coordinates":[[[-91.51656,40.66913],[-91.50722,40.66911],[-91.50713,40.66444],[-91.51645,40.66446],[-91.51656,40.66913]]]}},{"type":"Feature","properties":{"name":"Fraser","county":"Boone","type":"city"},"geometry":{"type":"Polygon","coordinates":[[[-93.98438,42.11803],[-93.98407,42.13029],[-93.97455,42.13036],[-93.96979,42.13078],[-93.95602,42.13043],[-93.95601,42.12694],[-93.95534,42.12724],[-93.95602,42.12439],[-93.95564,42.12356],[-93.95545,42.11807],[-93.98438,42.11803]]]}},{"type":"Feature","properties":{"name":"Fredericksburg","county":"Chickasaw","type":"city"},"geometry":{"type":"Polygon","coordinates":[[[-92.20918,42.9623],[-92.20919,42.96512],[-92.20639,42.96512],[-92.20642,42.96691],[-92.20414,42.96691],[-92.20418,42.97236],[-92.19066,42.97249],[-92.19051,42.96522],[-92.18068,42.96523],[-92.18065,42.96152],[-92.19058,42.96159],[-92.19058,42.95788],[-92.20418,42.95783],[-92.20411,42.96148],[-92.20918,42.96146],[-92.20982,42.9623],[-92.20918,42.9623]]]}},{"type":"Feature","properties":{"name":"Frederika","county":"Bremer","type":"city"},"geometry":{"type":"Polygon","coordinates":[[[-92.31745,42.88658],[-92.29807,42.88746],[-92.29801,42.88016],[-92.30227,42.88019],[-92.30299,42.87837],[-92.30802,42.87841],[-92.308,42.88023],[-92.31259,42.88026],[-92.31257,42.8839],[-92.31745,42.88658]]]}},{"type":"Feature","properties":{"name":"Fredonia","county":"Louisa","type":"city"},"geometry":{"type":"Polygon","coordinates":[[[-91.34537,41.28258],[-91.34061,41.2846],[-91.34091,41.28652],[-91.33659,41.28788],[-91.33308,41.28792],[-91.33595,41.28681],[-91.33462,41.28458],[-91.33587,41.28456],[-91.33624,41.28172],[-91.34467,41.28161],[-91.34537,41.28258]]]}},{"type":"Feature","properties":{"name":"Fremont","county":"Mahaska","type":"city"},"geometry":{"type":"Polygon","coordinates":[[[-92.44529,41.21975],[-92.42477,41.21982],[-92.42382,41.21614],[-92.42383,41.21258],[-92.42002,41.21259],[-92.41999,41.20869],[-92.42477,41.2106],[-92.42475,41.20533],[-92.44398,41.20531],[-92.44529,41.21975]]]}},{"type":"Feature","properties":{"name":"Fruitland","county":"Muscatine","type":"city"},"geometry":{"type":"Polygon","coordinates":[[[-91.13994,41.3546],[-91.13837,41.35622],[-91.13828,41.35992],[-91.12284,41.35975],[-91.11905,41.36227],[-91.11543,41.36153],[-91.11544,41.35969],[-91.1192,41.35973],[-91.11969,41.33424],[-91.13856,41.33443],[-91.1384,41.35269],[-91.13999,41.3527],[-91.13994,41.3546]]]}},{"type":"Feature","properties":{"name":"Frytown","county":"Johnson","type":"community"},"geometry":{"type":"Polygon","coordinates":[[[-91.74484,41.57011],[-91.74009,41.57144],[-91.73863,41.57297],[-91.73836,41.57561],[-91.73419,41.57872],[-91.72874,41.58062],[-91.7242,41.57902],[-91.72335,41.57788],[-91.72333,41.56597],[-91.74484,41.56607],[-91.74484,41.57011]]]}},{"type":"Feature","properties":{"name":"Galt","county":"Wright","type":"city"},"geometry":{"type":"Polygon","coordinates":[[[-93.6119,42.69889],[-93.59729,42.69899],[-93.59736,42.68813],[-93.61202,42.68818],[-93.6119,42.69889]]]}},{"type":"Feature","properties":{"name":"Galva","county":"Ida","type":"city"},"geometry":{"type":"Polygon","coordinates":[[[-95.43192,42.50379],[-95.42711,42.50382],[-95.42721,42.51106],[-95.4074,42.51108],[-95.40716,42.49874],[-95.40533,42.49875],[-95.4053,42.49656],[-95.40744,42.49654],[-95.40745,42.50183],[-95.41722,42.50175],[-95.41719,42.50015],[-95.42212,42.50015],[-95.42215,42.50198],[-95.4271,42.50198],[-95.42708,42.50014],[-95.43189,42.50015],[-95.43192,42.50379]]]}},{"type":"Feature","properties":{"name":"Garber","county":"Clayton","type":"city"},"geometry":{"type":"Polygon","coordinates":[[[-91.26787,42.74881],[-91.26462,42.74828],[-91.26463,42.74594],[-91.26228,42.74409],[-91.25558,42.74771],[-91.2529,42.74767],[-91.25268,42.74633],[-91.25756,42.74375],[-91.25992,42.74041],[-91.26173,42.73968],[-91.26265,42.74126],[-91.26426,42.74127],[-91.26758,42.7424],[-91.26858,42.74443],[-91.26787,42.74881]]]}},{"type":"Feature","properties":{"name":"Garden City","county":"Hardin","type":"community"},"geometry":{"type":"Polygon","coordinates":[[[-93.40515,42.25278],[-93.3856,42.25262],[-93.38567,42.23824],[-93.40513,42.2383],[-93.40515,42.25278]]]}},{"type":"Feature","properties":{"name":"Garden Grove","county":"Decatur","type":"city"},"geometry":{"type":"Polygon","coordinates":[[[-93.61928,40.83064],[-93.59529,40.83066],[-93.59527,40.82271],[-93.6001,40.82157],[-93.60498,40.82153],[-93.605,40.82334],[-93.61921,40.82333],[-93.61928,40.83064]]]}},{"type":"Feature","properties":{"name":"Garnavillo","county":"Clayton","type":"city"},"geometry":{"type":"Polygon","coordinates":[[[-91.24603,42.87026],[-91.24352,42.87032],[-91.24351,42.87395],[-91.22608,42.87424],[-91.22596,42.86334],[-91.23097,42.86333],[-91.2309,42.8607],[-91.23132,42.86071],[-91.23194,42.86174],[-91.23315,42.86133],[-91.23213,42.85959],[-91.23599,42.85947],[-91.23851,42.85587],[-91.24211,42.8558],[-91.24106,42.85934],[-91.24108,42.86132],[-91.24587,42.8612],[-91.24603,42.87026]]]}},{"type":"Feature","properties":{"name":"Garner","county":"Hancock","type":"city"},"geometry":{"type":"Polygon","coordinates":[[[-93.61641,43.08967],[-93.6164,43.1064],[-93.61023,43.10639],[-93.61024,43.11216],[-93.60654,43.11218],[-93.60637,43.11585],[-93.60223,43.11566],[-93.6022,43.1134],[-93.60096,43.11218],[-93.58683,43.11218],[-93.5868,43.10733],[-93.58977,43.10662],[-93.58975,43.10493],[-93.59274,43.10492],[-93.5927,43.09775],[-93.59663,43.09776],[-93.59664,43.09683],[-93.59168,43.09686],[-93.59182,43.09047],[-93.59862,43.09047],[-93.59947,43.08322],[-93.60393,43.08315],[-93.60399,43.08228],[-93.60655,43.0823],[-93.60655,43.08363],[-93.60488,43.08364],[-93.60484,43.08682],[-93.60655,43.08682],[-93.60655,43.08723],[-93.61145,43.08682],[-93.61148,43.08966],[-93.61641,43.08967]]]}},{"type":"Feature","properties":{"name":"Garrison","county":"Benton","type":"city"},"geometry":{"type":"Polygon","coordinates":[[[-92.15113,42.14861],[-92.13878,42.14863],[-92.13818,42.1454],[-92.13821,42.14064],[-92.13961,42.1404],[-92.14377,42.1421],[-92.14377,42.14145],[-92.14863,42.14143],[-92.14947,42.14475],[-92.15121,42.14558],[-92.15113,42.14861]]]}},{"type":"Feature","properties":{"name":"Garwin","county":"Tama","type":"city"},"geometry":{"type":"Polygon","coordinates":[[[-92.6888,42.10077],[-92.66934,42.10073],[-92.66931,42.08625],[-92.68896,42.08621],[-92.6888,42.10077]]]}},{"type":"Feature","properties":{"name":"Geneva","county":"Franklin","type":"city"},"geometry":{"type":"Polygon","coordinates":[[[-93.13446,42.68195],[-93.1306,42.68194],[-93.12978,42.67977],[-93.12469,42.67978],[-93.12566,42.66889],[-93.13458,42.6689],[-93.13446,42.68195]]]}},{"type":"Feature","properties":{"name":"George","county":"Lyon","type":"city"},"geometry":{"type":"Polygon","coordinates":[[[-96.01856,43.33093],[-96.01819,43.35313],[-95.98843,43.35301],[-95.98876,43.33066],[-95.99872,43.33095],[-96.01856,43.33093]]]}},{"type":"Feature","properties":{"name":"Gibson","county":"Keokuk","type":"city"},"geometry":{"type":"Polygon","coordinates":[[[-92.39365,41.48112],[-92.39051,41.48198],[-92.39051,41.48114],[-92.3889,41.48117],[-92.38888,41.47868],[-92.39163,41.47923],[-92.39361,41.47801],[-92.39363,41.47913],[-92.39659,41.4811],[-92.39365,41.48112]]]}},{"type":"Feature","properties":{"name":"Gilbert","county":"Story","type":"city"},"geometry":{"type":"Polygon","coordinates":[[[-93.65923,42.11408],[-93.63983,42.11389],[-93.63987,42.11017],[-93.63499,42.11015],[-93.63505,42.09955],[-93.6399,42.09954],[-93.63991,42.09598],[-93.64942,42.09601],[-93.64938,42.10321],[-93.65435,42.10328],[-93.65432,42.10686],[-93.6592,42.10691],[-93.65923,42.11408]]]}},{"type":"Feature","properties":{"name":"Gilbertville","county":"Black Hawk","type":"city"},"geometry":{"type":"Polygon","coordinates":[[[-92.21914,42.42581],[-92.21828,42.42455],[-92.21219,42.42449],[-92.21125,42.42088],[-92.20845,42.42194],[-92.20994,42.42088],[-92.21009,42.4144],[-92.20933,42.4115],[-92.21401,42.41135],[-92.2161,42.41213],[-92.21703,42.41625],[-92.21909,42.4191],[-92.21914,42.42581]]]}},{"type":"Feature","properties":{"name":"Gillett Grove","county":"Clay","type":"city"},"geometry":{"type":"Polygon","coordinates":[[[-95.04324,43.02125],[-95.04153,43.02125],[-95.03989,43.01862],[-95.03824,43.01944],[-95.03824,43.02125],[-95.03332,43.02125],[-95.03334,43.01403],[-95.03235,43.01402],[-95.03235,43.01195],[-95.03334,43.01153],[-95.03334,43.01043],[-95.03588,43.01042],[-95.03651,43.01243],[-95.03934,43.01606],[-95.03971,43.01761],[-95.04165,43.01769],[-95.04324,43.02125]]]}},{"type":"Feature","properties":{"name":"Gilman","county":"Marshall","type":"city"},"geometry":{"type":"Polygon","coordinates":[[[-92.7951,41.88405],[-92.78052,41.88416],[-92.78057,41.87694],[-92.7824,41.87695],[-92.78238,41.8733],[-92.79519,41.8734],[-92.7951,41.88405]]]}},{"type":"Feature","properties":{"name":"Gilmore City","county":"Humboldt","type":"city"},"geometry":{"type":"Polygon","coordinates":[[[-94.45296,42.73242],[-94.44689,42.73242],[-94.44997,42.73633],[-94.44315,42.73633],[-94.44316,42.73364],[-94.4397,42.73294],[-94.43954,42.73242],[-94.42311,42.73238],[-94.42287,42.72092],[-94.43269,42.72094],[-94.43262,42.71734],[-94.44311,42.71743],[-94.44311,42.72464],[-94.44874,42.72474],[-94.44876,42.72836],[-94.45297,42.72844],[-94.45296,42.73242]]]}},{"type":"Feature","properties":{"name":"Gladbrook","county":"Tama","type":"city"},"geometry":{"type":"Polygon","coordinates":[[[-92.72817,42.18379],[-92.72333,42.18401],[-92.72487,42.18718],[-92.72509,42.18912],[-92.7234,42.18913],[-92.72343,42.19216],[-92.71125,42.19219],[-92.7112,42.18857],[-92.70396,42.18858],[-92.70479,42.18136],[-92.72507,42.18132],[-92.72509,42.18303],[-92.72817,42.18379]]]}},{"type":"Feature","properties":{"name":"Glenwood","county":"Mills","type":"city"},"geometry":{"type":"Polygon","coordinates":[[[-95.76563,41.04573],[-95.76506,41.04519],[-95.76105,41.04516],[-95.76107,41.04322],[-95.75979,41.04194],[-95.75633,41.04046],[-95.75635,41.03792],[-95.75145,41.03802],[-95.75148,41.04512],[-95.75629,41.04514],[-95.75631,41.04686],[-95.75655,41.04689],[-95.75625,41.05778],[-95.75383,41.05779],[-95.75382,41.0596],[-95.75114,41.06096],[-95.75035,41.0602],[-95.75035,41.06082],[-95.74477,41.06086],[-95.7448,41.05962],[-95.74024,41.05901],[-95.73944,41.05771],[-95.73725,41.05768],[-95.73724,41.05946],[-95.73428,41.05944],[-95.73427,41.05677],[-95.73057,41.05673],[-95.73169,41.05366],[-95.73032,41.05365],[-95.72769,41.05574],[-95.72769,41.05192],[-95.72722,41.0506],[-95.72405,41.05057],[-95.7241,41.04752],[-95.72381,41.04724],[-95.73411,41.04298],[-95.73296,41.04279],[-95.73071,41.04176],[-95.72787,41.04133],[-95.72773,41.03763],[-95.71858,41.03765],[-95.71856,41.03089],[-95.72783,41.03119],[-95.74426,41.0307],[-95.7467,41.03103],[-95.74708,41.03054],[-95.7489,41.03054],[-95.74899,41.03168],[-95.75228,41.03375],[-95.75158,41.03528],[-95.75402,41.03715],[-95.75664,41.03701],[-95.76438,41.04257],[-95.76383,41.04359],[-95.7659,41.04555],[-95.76563,41.04573]],[[-95.7511,41.05962],[-95.75086,41.05781],[-95.74885,41.05785],[-95.75028,41.06011],[-95.7511,41.05962]]]}},{"type":"Feature","properties":{"name":"Glidden","county":"Carroll","type":"city"},"geometry":{"type":"Polygon","coordinates":[[[-94.73596,42.06396],[-94.73352,42.064],[-94.73351,42.06535],[-94.73589,42.06529],[-94.73585,42.06758],[-94.73346,42.06762],[-94.73241,42.07124],[-94.73087,42.07126],[-94.73101,42.06584],[-94.72763,42.06589],[-94.71645,42.06405],[-94.71629,42.04954],[-94.73572,42.0495],[-94.73596,42.06396]]]}},{"type":"Feature","properties":{"name":"Goldfield","county":"Wright","type":"city"},"geometry":{"type":"Polygon","coordinates":[[[-93.93182,42.7424],[-93.90955,42.7425],[-93.9094,42.73523],[-93.89711,42.73524],[-93.89708,42.73163],[-93.89952,42.73162],[-93.89954,42.72959],[-93.90203,42.72959],[-93.90201,42.73161],[-93.90936,42.73162],[-93.90938,42.72966],[-93.91672,42.72926],[-93.9217,42.7297],[-93.93151,42.72976],[-93.93182,42.7424]]]}},{"type":"Feature","properties":{"name":"Goodell","county":"Hancock","type":"city"},"geometry":{"type":"Polygon","coordinates":[[[-93.62139,42.92665],[-93.61644,42.92665],[-93.61641,42.93027],[-93.61146,42.93028],[-93.61141,42.92665],[-93.60685,42.92665],[-93.60692,42.91939],[-93.62139,42.91941],[-93.62139,42.92665]]]}},{"type":"Feature","properties":{"name":"Goose Lake","county":"Clinton","type":"city"},"geometry":{"type":"Polygon","coordinates":[[[-90.39054,41.9677],[-90.38808,41.96812],[-90.3881,41.9714],[-90.37839,41.97142],[-90.37839,41.96953],[-90.37483,41.96941],[-90.3735,41.96854],[-90.37363,41.96477],[-90.37836,41.96542],[-90.37834,41.9642],[-90.38804,41.96412],[-90.38833,41.96693],[-90.39054,41.9677]]]}},{"type":"Feature","properties":{"name":"Gowrie","county":"Webster","type":"city"},"geometry":{"type":"Polygon","coordinates":[[[-94.30556,42.28245],[-94.30067,42.28252],[-94.30068,42.28615],[-94.29571,42.28603],[-94.29565,42.28966],[-94.29089,42.28954],[-94.29068,42.28591],[-94.28591,42.28579],[-94.28589,42.28216],[-94.27679,42.28209],[-94.27672,42.27572],[-94.26935,42.27493],[-94.26935,42.27397],[-94.27193,42.27397],[-94.27193,42.2713],[-94.28104,42.27117],[-94.28107,42.26783],[-94.28601,42.26783],[-94.28599,42.27131],[-94.30083,42.27162],[-94.30085,42.27535],[-94.30554,42.27522],[-94.30556,42.28245]]]}},{"type":"Feature","properties":{"name":"Graettinger","county":"Palo Alto","type":"city"},"geometry":{"type":"Polygon","coordinates":[[[-94.75796,43.24168],[-94.7538,43.24178],[-94.75218,43.24274],[-94.75455,43.24591],[-94.75162,43.24538],[-94.74327,43.24548],[-94.74358,43.23098],[-94.74853,43.23089],[-94.74854,43.22736],[-94.75347,43.22728],[-94.75343,43.2308],[-94.75832,43.2307],[-94.75796,43.24168]]]}},{"type":"Feature","properties":{"name":"Graf","county":"Dubuque","type":"city"},"geometry":{"type":"Polygon","coordinates":[[[-90.87808,42.4961],[-90.87315,42.49628],[-90.86824,42.49559],[-90.86991,42.49246],[-90.86823,42.49135],[-90.87315,42.49059],[-90.87314,42.49245],[-90.87809,42.49242],[-90.87808,42.4961]]]}},{"type":"Feature","properties":{"name":"Grafton","county":"Worth","type":"city"},"geometry":{"type":"Polygon","coordinates":[[[-93.0738,43.33504],[-93.06882,43.3351],[-93.06529,43.33634],[-93.06382,43.33515],[-93.06381,43.32604],[-93.07375,43.32596],[-93.0738,43.33504]]]}},{"type":"Feature","properties":{"name":"Grand Junction","county":"Greene","type":"city"},"geometry":{"type":"Polygon","coordinates":[[[-94.25202,42.03458],[-94.24236,42.03465],[-94.24235,42.03828],[-94.23973,42.03829],[-94.2397,42.04191],[-94.23262,42.04192],[-94.23263,42.03945],[-94.22801,42.03944],[-94.22801,42.0358],[-94.2229,42.03463],[-94.22288,42.03311],[-94.22413,42.03305],[-94.2245,42.0298],[-94.23253,42.02983],[-94.23248,42.02517],[-94.23968,42.02535],[-94.23966,42.02254],[-94.24215,42.02252],[-94.24223,42.02981],[-94.25201,42.02977],[-94.25202,42.03458]]]}},{"type":"Feature","properties":{"name":"Grand Mound","county":"Clinton","type":"city"},"geometry":{"type":"Polygon","coordinates":[[[-90.66524,41.81468],[-90.66515,41.83282],[-90.63617,41.83285],[-90.63617,41.81469],[-90.66524,41.81468]]]}},{"type":"Feature","properties":{"name":"Grand River","county":"Decatur","type":"city"},"geometry":{"type":"Polygon","coordinates":[[[-93.96819,40.82142],[-93.95748,40.82141],[-93.95738,40.81695],[-93.96178,40.81682],[-93.968,40.8159],[-93.96819,40.82142]]]}},{"type":"Feature","properties":{"name":"Grandview","county":"Louisa","type":"city"},"geometry":{"type":"Polygon","coordinates":[[[-91.19697,41.27718],[-91.19692,41.27988],[-91.19538,41.27986],[-91.19539,41.27723],[-91.19217,41.27726],[-91.19212,41.28005],[-91.18258,41.28001],[-91.18215,41.27583],[-91.18261,41.27281],[-91.184,41.27281],[-91.184,41.27455],[-91.18942,41.27452],[-91.19219,41.27381],[-91.19217,41.27691],[-91.19697,41.27718]]]}},{"type":"Feature","properties":{"name":"Granger","county":"Dallas","type":"city"},"geometry":{"type":"Polygon","coordinates":[[[-93.84383,41.77134],[-93.84177,41.77132],[-93.84177,41.77288],[-93.84383,41.77288],[-93.84383,41.77687],[-93.83407,41.77687],[-93.83407,41.77191],[-93.82922,41.77193],[-93.82922,41.77011],[-93.82337,41.76983],[-93.82337,41.76832],[-93.81475,41.76833],[-93.81467,41.76111],[-93.80948,41.76115],[-93.80948,41.75755],[-93.8045,41.75756],[-93.80448,41.75392],[-93.80736,41.75391],[-93.80731,41.7486],[-93.79837,41.7466],[-93.79865,41.74638],[-93.80408,41.74743],[-93.81029,41.7495],[-93.81458,41.75211],[-93.81687,41.75241],[-93.81686,41.75106],[-93.82048,41.75102],[-93.8211,41.73919],[-93.82108,41.74019],[-93.82438,41.74218],[-93.82439,41.74648],[-93.82096,41.74649],[-93.82082,41.75172],[-93.82438,41.75173],[-93.82438,41.75398],[-93.82519,41.75602],[-93.82484,41.75713],[-93.82649,41.75832],[-93.82843,41.75682],[-93.83048,41.75826],[-93.82852,41.75978],[-93.83609,41.76475],[-93.8346,41.76657],[-93.83407,41.76828],[-93.84357,41.76831],[-93.84383,41.77134]]]}},{"type":"Feature","properties":{"name":"Grant","county":"Montgomery","type":"city"},"geometry":{"type":"Polygon","coordinates":[[[-94.99426,41.14832],[-94.97525,41.14824],[-94.97526,41.1374],[-94.99425,41.13748],[-94.99426,41.14832]]]}},{"type":"Feature","properties":{"name":"Granville","county":"Sioux","type":"city"},"geometry":{"type":"Polygon","coordinates":[[[-95.88111,42.98928],[-95.86972,42.98924],[-95.8696,42.98197],[-95.87295,42.98195],[-95.87959,42.98085],[-95.87966,42.9872],[-95.88147,42.98733],[-95.88111,42.98928]]]}},{"type":"Feature","properties":{"name":"Gravity","county":"Taylor","type":"city"},"geometry":{"type":"Polygon","coordinates":[[[-94.74775,40.76636],[-94.74017,40.76642],[-94.73893,40.76392],[-94.73897,40.75562],[-94.74349,40.75559],[-94.74631,40.75451],[-94.74761,40.7576],[-94.74775,40.76636]]]}},{"type":"Feature","properties":{"name":"Gray","county":"Audubon","type":"city"},"geometry":{"type":"Polygon","coordinates":[[[-94.9955,41.84902],[-94.9762,41.84887],[-94.97622,41.8344],[-94.99557,41.83449],[-94.9955,41.84902]]]}},{"type":"Feature","properties":{"name":"Greeley","county":"Delaware","type":"city"},"geometry":{"type":"Polygon","coordinates":[[[-91.34651,42.59031],[-91.33683,42.59041],[-91.33692,42.57948],[-91.34667,42.5794],[-91.34651,42.59031]]]}},{"type":"Feature","properties":{"name":"Green Mountain","county":"Marshall","type":"community"},"geometry":{"type":"Polygon","coordinates":[[[-92.82836,42.10746],[-92.81088,42.10745],[-92.81089,42.09639],[-92.82836,42.0964],[-92.82836,42.10746]]]}},{"type":"Feature","properties":{"name":"Greene","county":"Butler","type":"city"},"geometry":{"type":"Polygon","coordinates":[[[-92.8199,42.89622],[-92.81497,42.89618],[-92.81463,42.90108],[-92.81004,42.90163],[-92.81036,42.90499],[-92.80819,42.90353],[-92.80568,42.90353],[-92.80732,42.90455],[-92.80886,42.9073],[-92.80521,42.90731],[-92.80521,42.90902],[-92.80275,42.909],[-92.8027,42.90632],[-92.80022,42.9063],[-92.80022,42.90535],[-92.80383,42.90534],[-92.80385,42.90383],[-92.80222,42.90356],[-92.79287,42.90358],[-92.79287,42.88918],[-92.81497,42.88894],[-92.81496,42.89422],[-92.81991,42.89426],[-92.8199,42.89622]]]}},{"type":"Feature","properties":{"name":"Greenfield","county":"Adair","type":"city"},"geometry":{"type":"Polygon","coordinates":[[[-94.47065,41.31619],[-94.4579,41.31628],[-94.45781,41.31898],[-94.453,41.31898],[-94.45303,41.3181],[-94.4506,41.31809],[-94.45065,41.31624],[-94.4483,41.31616],[-94.44836,41.29446],[-94.47054,41.29449],[-94.47065,41.31619]]]}},{"type":"Feature","properties":{"name":"Greenville","county":"Clay","type":"city"},"geometry":{"type":"Polygon","coordinates":[[[-95.15003,43.02005],[-95.14235,43.02005],[-95.14216,43.01392],[-95.14995,43.01393],[-95.15003,43.02005]]]}},{"type":"Feature","properties":{"name":"Grimes","county":"Polk","type":"city"},"geometry":{"type":"Polygon","coordinates":[[[-93.84588,41.69559],[-93.81927,41.69566],[-93.81924,41.68841],[-93.81441,41.68843],[-93.81445,41.67658],[-93.80911,41.67656],[-93.80909,41.69457],[-93.81293,41.69452],[-93.81442,41.69361],[-93.81443,41.69568],[-93.80425,41.69565],[-93.80432,41.70296],[-93.81445,41.70292],[-93.81451,41.71017],[-93.80925,41.71019],[-93.8093,41.71749],[-93.79967,41.71746],[-93.79966,41.71384],[-93.80433,41.71383],[-93.80417,41.70929],[-93.80281,41.71021],[-93.79462,41.71023],[-93.79463,41.71386],[-93.78977,41.71388],[-93.78971,41.71046],[-93.78822,41.71087],[-93.78839,41.71024],[-93.78002,41.71024],[-93.77995,41.70291],[-93.76546,41.7029],[-93.76538,41.69312],[-93.76304,41.68835],[-93.76548,41.68835],[-93.76559,41.66571],[-93.75588,41.66568],[-93.75593,41.65844],[-93.76257,41.65847],[-93.76258,41.65279],[-93.77141,41.65108],[-93.79924,41.65119],[-93.79918,41.63673],[-93.80886,41.63665],[-93.80891,41.63318],[-93.81433,41.63298],[-93.81434,41.64385],[-93.80403,41.64392],[-93.80411,41.65116],[-93.8072,41.65115],[-93.80722,41.653],[-93.81442,41.65297],[-93.81446,41.67294],[-93.81931,41.67285],[-93.81929,41.68014],[-93.83376,41.67988],[-93.83374,41.6848],[-93.83551,41.6848],[-93.83552,41.68357],[-93.8458,41.68359],[-93.84588,41.69559]]]}},{"type":"Feature","properties":{"name":"Grinnell","county":"Poweshiek","type":"city"},"geometry":{"type":"Polygon","coordinates":[[[-92.74889,41.74696],[-92.74674,41.74738],[-92.74187,41.74753],[-92.74192,41.75343],[-92.74073,41.75401],[-92.74072,41.76201],[-92.71755,41.76172],[-92.71796,41.75706],[-92.70799,41.75702],[-92.70797,41.76065],[-92.70314,41.76064],[-92.70315,41.74974],[-92.70206,41.74974],[-92.70207,41.74609],[-92.70269,41.74609],[-92.70188,41.74454],[-92.70192,41.7409],[-92.70797,41.7403],[-92.70796,41.73157],[-92.71281,41.73159],[-92.71274,41.72889],[-92.71765,41.72891],[-92.71765,41.728],[-92.71276,41.72797],[-92.71276,41.72605],[-92.71509,41.72655],[-92.71766,41.72657],[-92.71765,41.72797],[-92.72163,41.72798],[-92.72152,41.72431],[-92.71767,41.72428],[-92.71769,41.7218],[-92.72146,41.72182],[-92.7214,41.71954],[-92.7177,41.71955],[-92.71769,41.71603],[-92.71287,41.71701],[-92.71276,41.70981],[-92.72115,41.70984],[-92.72061,41.70254],[-92.72488,41.70258],[-92.7249,41.69897],[-92.72065,41.69895],[-92.72106,41.6964],[-92.72286,41.69648],[-92.72687,41.69814],[-92.72711,41.6881],[-92.72249,41.68808],[-92.72262,41.68138],[-92.72721,41.68139],[-92.72737,41.69816],[-92.73155,41.69649],[-92.74178,41.69582],[-92.74177,41.69897],[-92.73045,41.69897],[-92.73048,41.70261],[-92.7289,41.70259],[-92.72891,41.7044],[-92.73734,41.70987],[-92.74178,41.70987],[-92.74179,41.71278],[-92.74431,41.71441],[-92.74299,41.71556],[-92.73424,41.70988],[-92.72747,41.70988],[-92.72795,41.71715],[-92.72776,41.71999],[-92.73152,41.71999],[-92.73152,41.7229],[-92.72757,41.7229],[-92.72758,41.72545],[-92.73556,41.72553],[-92.73556,41.72803],[-92.73694,41.72803],[-92.73694,41.73887],[-92.74577,41.73888],[-92.74582,41.74333],[-92.74864,41.7438],[-92.74889,41.74696]]]}},{"type":"Feature","properties":{"name":"Griswold","county":"Cass","type":"city"},"geometry":{"type":"Polygon","coordinates":[[[-95.1483,41.23473],[-95.14673,41.23568],[-95.14675,41.2389],[-95.13806,41.23949],[-95.1371,41.24181],[-95.13242,41.24184],[-95.13245,41.22806],[-95.14068,41.22808],[-95.13962,41.2323],[-95.1414,41.2323],[-95.14166,41.22922],[-95.14687,41.22804],[-95.14685,41.23015],[-95.14824,41.2317],[-95.1483,41.23473]]]}},{"type":"Feature","properties":{"name":"Grundy Center","county":"Grundy","type":"city"},"geometry":{"type":"Polygon","coordinates":[[[-92.79753,42.36521],[-92.79264,42.36521],[-92.79267,42.36882],[-92.78779,42.36882],[-92.7878,42.37244],[-92.76606,42.37235],[-92.76608,42.37406],[-92.76829,42.37405],[-92.7683,42.37587],[-92.75865,42.37611],[-92.75869,42.3725],[-92.75381,42.3726],[-92.75401,42.36177],[-92.75607,42.36268],[-92.75607,42.36167],[-92.75862,42.36149],[-92.7586,42.35909],[-92.75618,42.35905],[-92.75616,42.3608],[-92.75387,42.36001],[-92.75385,42.35818],[-92.75861,42.35667],[-92.75861,42.35441],[-92.77315,42.35348],[-92.77592,42.3535],[-92.77804,42.35433],[-92.79255,42.35437],[-92.79258,42.35799],[-92.79746,42.35799],[-92.79753,42.36521]]]}},{"type":"Feature","properties":{"name":"Gruver","county":"Emmet","type":"city"},"geometry":{"type":"Polygon","coordinates":[[[-94.70854,43.39488],[-94.69863,43.39495],[-94.69857,43.39128],[-94.70846,43.39119],[-94.70854,43.39488]]]}},{"type":"Feature","properties":{"name":"Guernsey","county":"Poweshiek","type":"city"},"geometry":{"type":"Polygon","coordinates":[[[-92.35337,41.65595],[-92.33891,41.65604],[-92.33858,41.64515],[-92.35317,41.64509],[-92.35337,41.65595]]]}},{"type":"Feature","properties":{"name":"Guthrie Center","county":"Guthrie","type":"city"},"geometry":{"type":"Polygon","coordinates":[[[-94.5174,41.68097],[-94.51615,41.68097],[-94.51612,41.68459],[-94.50837,41.68476],[-94.51117,41.68914],[-94.50084,41.6894],[-94.50083,41.68819],[-94.48317,41.68813],[-94.483,41.68096],[-94.47855,41.68126],[-94.47826,41.67777],[-94.48308,41.67775],[-94.48298,41.67365],[-94.48784,41.67371],[-94.48786,41.66657],[-94.51261,41.66654],[-94.51258,41.67472],[-94.51738,41.67348],[-94.5174,41.68097]]]}},{"type":"Feature","properties":{"name":"Guttenberg","county":"Clayton","type":"city"},"geometry":{"type":"Polygon","coordinates":[[[-91.11837,42.81215],[-91.1065,42.8119],[-91.10586,42.81115],[-91.10795,42.80763],[-91.10511,42.80384],[-91.10402,42.80149],[-91.10166,42.79836],[-91.10026,42.79295],[-91.09813,42.78872],[-91.09594,42.78671],[-91.09458,42.78229],[-91.09427,42.77777],[-91.09171,42.77463],[-91.09187,42.77237],[-91.09298,42.77171],[-91.09207,42.76876],[-91.11121,42.76832],[-91.10967,42.76989],[-91.10768,42.7705],[-91.10752,42.77589],[-91.11251,42.77593],[-91.11249,42.79472],[-91.1156,42.79405],[-91.11599,42.79635],[-91.11327,42.79626],[-91.11374,42.7975],[-91.11742,42.79762],[-91.11741,42.80968],[-91.11837,42.81215]]]}},{"type":"Feature","properties":{"name":"Halbur","county":"Carroll","type":"city"},"geometry":{"type":"Polygon","coordinates":[[[-94.97616,42.00806],[-94.97458,42.00804],[-94.96944,42.01038],[-94.96806,42.01036],[-94.96808,42.00796],[-94.96591,42.00794],[-94.966,42.00438],[-94.97086,42.00442],[-94.97437,42.00395],[-94.97439,41.99692],[-94.97622,41.99687],[-94.97616,42.00806]]]}},{"type":"Feature","properties":{"name":"Hamburg","county":"Fremont","type":"city"},"geometry":{"type":"Polygon","coordinates":[[[-95.66813,40.59895],[-95.66709,40.59894],[-95.66698,40.60055],[-95.66684,40.59797],[-95.66209,40.59784],[-95.66127,40.60022],[-95.6635,40.60047],[-95.66338,40.60776],[-95.65892,40.60773],[-95.65877,40.61494],[-95.65488,40.61489],[-95.65417,40.61592],[-95.65405,40.61845],[-95.65148,40.61845],[-95.65162,40.62156],[-95.64943,40.62154],[-95.64945,40.61939],[-95.64449,40.61934],[-95.64449,40.61843],[-95.6495,40.61837],[-95.64955,40.61482],[-95.64448,40.61481],[-95.64439,40.6089],[-95.64602,40.60862],[-95.6468,40.60381],[-95.64756,40.60155],[-95.64887,40.60191],[-95.64963,40.60033],[-95.65458,40.60037],[-95.65639,40.59542],[-95.65643,40.5932],[-95.65861,40.5932],[-95.65865,40.59128],[-95.66156,40.59286],[-95.66588,40.596],[-95.66582,40.5979],[-95.66688,40.59794],[-95.66704,40.59831],[-95.66814,40.59832],[-95.66813,40.59895]]]}},{"type":"Feature","properties":{"name":"Hamilton","county":"Marion","type":"city"},"geometry":{"type":"Polygon","coordinates":[[[-92.9131,41.16817],[-92.9083,41.16818],[-92.9084,41.17549],[-92.90353,41.17548],[-92.90318,41.17912],[-92.89863,41.17908],[-92.89862,41.16459],[-92.91305,41.16452],[-92.9131,41.16817]]]}},{"type":"Feature","properties":{"name":"Hampton","county":"Franklin","type":"city"},"geometry":{"type":"Polygon","coordinates":[[[-93.23198,42.71614],[-93.23193,42.73093],[-93.22217,42.73092],[-93.22186,42.75261],[-93.21441,42.75262],[-93.21488,42.7549],[-93.21503,42.75979],[-93.18277,42.75982],[-93.18283,42.73091],[-93.21728,42.73092],[-93.21734,42.72429],[-93.22225,42.72429],[-93.22231,42.71614],[-93.23198,42.71614]]]}},{"type":"Feature","properties":{"name":"Hancock","county":"Pottawattamie","type":"city"},"geometry":{"type":"Polygon","coordinates":[[[-95.37094,41.38264],[-95.37093,41.39729],[-95.36611,41.39728],[-95.3661,41.40092],[-95.35649,41.40087],[-95.35646,41.39111],[-95.3546,41.3911],[-95.35419,41.38999],[-95.35644,41.39],[-95.35649,41.3864],[-95.36613,41.38639],[-95.36616,41.38278],[-95.37094,41.38264]]]}},{"type":"Feature","properties":{"name":"Hanlontown","county":"Worth","type":"city"},"geometry":{"type":"Polygon","coordinates":[[[-93.38854,43.28814],[-93.36924,43.28824],[-93.36928,43.27378],[-93.38857,43.2737],[-93.38854,43.28814]]]}},{"type":"Feature","properties":{"name":"Hansell","county":"Franklin","type":"city"},"geometry":{"type":"Polygon","coordinates":[[[-93.10692,42.76339],[-93.10122,42.76337],[-93.10131,42.75214],[-93.10701,42.75216],[-93.10692,42.76339]]]}},{"type":"Feature","properties":{"name":"Harcourt","county":"Webster","type":"city"},"geometry":{"type":"Polygon","coordinates":[[[-94.18435,42.26785],[-94.16465,42.26775],[-94.16464,42.25328],[-94.18427,42.25331],[-94.18435,42.26785]]]}},{"type":"Feature","properties":{"name":"Hardy","county":"Humboldt","type":"city"},"geometry":{"type":"Polygon","coordinates":[[[-94.06011,42.81492],[-94.05247,42.81491],[-94.05252,42.81646],[-94.05021,42.8165],[-94.05035,42.81485],[-94.04523,42.81492],[-94.04519,42.80408],[-94.05506,42.80409],[-94.05504,42.81133],[-94.06005,42.81133],[-94.06011,42.81492]]]}},{"type":"Feature","properties":{"name":"Harlan","county":"Shelby","type":"city"},"geometry":{"type":"Polygon","coordinates":[[[-95.34455,41.66763],[-95.32319,41.66754],[-95.32318,41.66884],[-95.31973,41.66753],[-95.3106,41.66747],[-95.31012,41.63976],[-95.30982,41.63862],[-95.30775,41.63858],[-95.30794,41.63119],[-95.31055,41.63125],[-95.31055,41.62998],[-95.31299,41.63002],[-95.31302,41.63139],[-95.34252,41.63142],[-95.34267,41.64596],[-95.34487,41.64592],[-95.34455,41.66763]]]}},{"type":"Feature","properties":{"name":"Harper","county":"Keokuk","type":"city"},"geometry":{"type":"Polygon","coordinates":[[[-92.05323,41.3663],[-92.04848,41.36635],[-92.04834,41.3616],[-92.05091,41.36125],[-92.05312,41.36018],[-92.05323,41.3663]]]}},{"type":"Feature","properties":{"name":"Harpers Ferry","county":"Allamakee","type":"city"},"geometry":{"type":"Polygon","coordinates":[[[-91.16357,43.19115],[-91.16242,43.19432],[-91.16132,43.19335],[-91.16108,43.19665],[-91.15903,43.19901],[-91.15645,43.20376],[-91.15647,43.20702],[-91.14719,43.20708],[-91.1451,43.20875],[-91.14235,43.20707],[-91.13868,43.20704],[-91.14396,43.20195],[-91.14844,43.19826],[-91.15708,43.19317],[-91.15863,43.19143],[-91.16139,43.1907],[-91.16337,43.18886],[-91.16357,43.19115]]]}},{"type":"Feature","properties":{"name":"Harris","county":"Osceola","type":"city"},"geometry":{"type":"Polygon","coordinates":[[[-95.44724,43.4379],[-95.44718,43.45235],[-95.42732,43.45235],[-95.42719,43.43784],[-95.44724,43.4379]]]}},{"type":"Feature","properties":{"name":"Hartford","county":"Warren","type":"city"},"geometry":{"type":"Polygon","coordinates":[[[-93.41489,41.46498],[-93.39597,41.46498],[-93.38601,41.45799],[-93.38598,41.45488],[-93.39076,41.45429],[-93.39086,41.46044],[-93.39436,41.46288],[-93.39572,41.46287],[-93.3955,41.45051],[-93.41467,41.45053],[-93.41489,41.46498]]]}},{"type":"Feature","properties":{"name":"Hartley","county":"O'Brien","type":"city"},"geometry":{"type":"Polygon","coordinates":[[[-95.49402,43.18492],[-95.48685,43.18491],[-95.48685,43.18668],[-95.46708,43.18657],[-95.46707,43.18477],[-95.46252,43.18476],[-95.46243,43.17703],[-95.46702,43.17737],[-95.467,43.17042],[-95.48677,43.17051],[-95.48684,43.17875],[-95.48928,43.17894],[-95.48929,43.18112],[-95.48749,43.18053],[-95.4875,43.18188],[-95.49401,43.18186],[-95.49402,43.18492]]]}},{"type":"Feature","properties":{"name":"Hartwick","county":"Poweshiek","type":"city"},"geometry":{"type":"Polygon","coordinates":[[[-92.34749,41.79025],[-92.3427,41.79028],[-92.34319,41.78079],[-92.34755,41.78079],[-92.34749,41.79025]]]}},{"type":"Feature","properties":{"name":"Harvey","county":"Marion","type":"city"},"geometry":{"type":"Polygon","coordinates":[[[-92.92905,41.31725],[-92.92924,41.32075],[-92.92776,41.32203],[-92.92704,41.3232],[-92.92721,41.32377],[-92.9289,41.32427],[-92.92893,41.3247],[-92.92647,41.32626],[-92.92535,41.32814],[-92.92409,41.32814],[-92.92438,41.32657],[-92.91915,41.32372],[-92.91634,41.32171],[-92.91253,41.31679],[-92.91921,41.31378],[-92.91911,41.31009],[-92.92882,41.31],[-92.92902,41.31618],[-92.93179,41.31723],[-92.92905,41.31725]]]}},{"type":"Feature","properties":{"name":"Hastings","county":"Mills","type":"city"},"geometry":{"type":"Polygon","coordinates":[[[-95.50063,41.02547],[-95.49921,41.02569],[-95.49918,41.03066],[-95.48943,41.03085],[-95.48952,41.01992],[-95.50061,41.01988],[-95.50063,41.02547]]]}},{"type":"Feature","properties":{"name":"Havelock","county":"Pocahontas","type":"city"},"geometry":{"type":"Polygon","coordinates":[[[-94.70835,42.83844],[-94.69366,42.83844],[-94.69369,42.8276],[-94.70838,42.82761],[-94.70835,42.83844]]]}},{"type":"Feature","properties":{"name":"Haverhill","county":"Marshall","type":"city"},"geometry":{"type":"Polygon","coordinates":[[[-92.96561,41.94574],[-92.96275,41.94577],[-92.96079,41.94691],[-92.9588,41.94579],[-92.95589,41.94583],[-92.95581,41.94208],[-92.96553,41.94211],[-92.96561,41.94574]]]}},{"type":"Feature","properties":{"name":"Hawarden","county":"Sioux","type":"city"},"geometry":{"type":"Polygon","coordinates":[[[-96.50021,42.99762],[-96.49782,42.99814],[-96.4967,42.99881],[-96.49434,43.00182],[-96.49269,43.00509],[-96.49167,43.00971],[-96.49442,43.01455],[-96.49557,43.01568],[-96.49481,43.01858],[-96.47017,43.01863],[-96.47028,42.99678],[-96.46535,42.99677],[-96.46536,42.99471],[-96.46096,42.99324],[-96.46093,42.99143],[-96.46463,42.99332],[-96.4703,42.99297],[-96.4703,42.98949],[-96.48031,42.98948],[-96.48036,42.98584],[-96.48535,42.98569],[-96.48036,42.98512],[-96.48039,42.98211],[-96.48896,42.98198],[-96.48885,42.98558],[-96.49032,42.98556],[-96.49022,42.98927],[-96.5001,42.98923],[-96.50021,42.99762]]]}},{"type":"Feature","properties":{"name":"Hawkeye","county":"Fayette","type":"city"},"geometry":{"type":"Polygon","coordinates":[[[-91.95993,42.94204],[-91.95833,42.94115],[-91.95836,42.94305],[-91.94083,42.94298],[-91.94048,42.93573],[-91.94348,42.93576],[-91.94344,42.93208],[-91.95836,42.93213],[-91.95834,42.93574],[-91.96,42.93575],[-91.95993,42.94204]]]}},{"type":"Feature","properties":{"name":"Hayesville","county":"Keokuk","type":"city"},"geometry":{"type":"Polygon","coordinates":[[[-92.25261,41.26839],[-92.24299,41.26844],[-92.24296,41.26121],[-92.25255,41.26116],[-92.25261,41.26839]]]}},{"type":"Feature","properties":{"name":"Hayfield","county":"Hancock","type":"community"},"geometry":{"type":"Polygon","coordinates":[[[-93.7108,43.184],[-93.68028,43.18404],[-93.68212,43.18147],[-93.6835,43.1779],[-93.68453,43.17746],[-93.6844,43.174],[-93.68672,43.16945],[-93.6953,43.1696],[-93.69523,43.17676],[-93.71052,43.17669],[-93.7108,43.184]]]}},{"type":"Feature","properties":{"name":"Hazleton","county":"Buchanan","type":"city"},"geometry":{"type":"Polygon","coordinates":[[[-91.91395,42.62469],[-91.89925,42.62479],[-91.8993,42.623],[-91.89433,42.62286],[-91.89436,42.61769],[-91.89627,42.61859],[-91.89932,42.6183],[-91.89956,42.60944],[-91.91417,42.61015],[-91.91395,42.62469]]]}},{"type":"Feature","properties":{"name":"Hedrick","county":"Keokuk","type":"city"},"geometry":{"type":"Polygon","coordinates":[[[-92.31987,41.18034],[-92.29594,41.18044],[-92.29593,41.1623],[-92.31986,41.16224],[-92.31987,41.18034]]]}},{"type":"Feature","properties":{"name":"Henderson","county":"Mills","type":"city"},"geometry":{"type":"Polygon","coordinates":[[[-95.4342,41.13728],[-95.4333,41.14258],[-95.42877,41.14244],[-95.42759,41.14322],[-95.42595,41.13914],[-95.42759,41.13929],[-95.42765,41.13721],[-95.4342,41.13728]]]}},{"type":"Feature","properties":{"name":"Hiawatha","county":"Linn","type":"city"},"geometry":{"type":"Polygon","coordinates":[[[-91.71651,42.08099],[-91.70663,42.08079],[-91.70666,42.0844],[-91.70189,42.0843],[-91.70208,42.08794],[-91.70665,42.08804],[-91.70665,42.08911],[-91.70914,42.08918],[-91.70912,42.09175],[-91.70794,42.09171],[-91.70666,42.09289],[-91.70673,42.10266],[-91.70258,42.10251],[-91.70168,42.10029],[-91.70148,42.09614],[-91.70393,42.09526],[-91.70394,42.0924],[-91.7014,42.09248],[-91.70127,42.08793],[-91.70021,42.08067],[-91.70048,42.07818],[-91.69997,42.07704],[-91.70055,42.07615],[-91.70009,42.07343],[-91.70063,42.06969],[-91.70024,42.06612],[-91.69696,42.06607],[-91.69702,42.06284],[-91.68735,42.06321],[-91.68743,42.05876],[-91.67282,42.05871],[-91.67279,42.06136],[-91.66966,42.06136],[-91.66961,42.06273],[-91.67278,42.06275],[-91.67279,42.06597],[-91.66789,42.06362],[-91.66792,42.05871],[-91.66638,42.0587],[-91.66828,42.05526],[-91.66734,42.05472],[-91.66734,42.05434],[-91.66495,42.0537],[-91.66306,42.05369],[-91.66305,42.05159],[-91.66668,42.0514],[-91.66664,42.04778],[-91.66803,42.04597],[-91.66803,42.04236],[-91.66629,42.04235],[-91.66632,42.03825],[-91.66696,42.03476],[-91.70785,42.03486],[-91.71125,42.03602],[-91.71119,42.03997],[-91.71203,42.0426],[-91.7099,42.04256],[-91.70971,42.04069],[-91.7035,42.04063],[-91.70251,42.04243],[-91.70228,42.0443],[-91.71193,42.04434],[-91.71176,42.04799],[-91.70221,42.04792],[-91.70196,42.05888],[-91.69711,42.05881],[-91.69702,42.0624],[-91.70503,42.06252],[-91.70558,42.06288],[-91.70524,42.06619],[-91.71643,42.06635],[-91.71644,42.07364],[-91.71275,42.07359],[-91.71281,42.07235],[-91.71072,42.0717],[-91.70671,42.07161],[-91.70663,42.07609],[-91.71647,42.07641],[-91.71651,42.08099]]]}},{"type":"Feature","properties":{"name":"High Amana","county":"Iowa","type":"community"},"geometry":{"type":"Polygon","coordinates":[[[-91.94858,41.79884],[-91.94712,41.80436],[-91.94464,41.80415],[-91.944,41.80611],[-91.93298,41.80528],[-91.93473,41.80119],[-91.93822,41.80192],[-91.93936,41.79491],[-91.94599,41.79658],[-91.94857,41.7965],[-91.94858,41.79884]]]}},{"type":"Feature","properties":{"name":"Hills","county":"Johnson","type":"city"},"geometry":{"type":"Polygon","coordinates":[[[-91.54382,41.55009],[-91.54275,41.55369],[-91.54159,41.55355],[-91.54155,41.55818],[-91.53698,41.5582],[-91.53714,41.56338],[-91.54151,41.56336],[-91.54147,41.56912],[-91.53715,41.56914],[-91.53722,41.57343],[-91.54144,41.57337],[-91.54142,41.57641],[-91.53911,41.57601],[-91.53727,41.57646],[-91.537,41.58378],[-91.53685,41.57357],[-91.53102,41.57363],[-91.531,41.5724],[-91.53356,41.57237],[-91.53358,41.57347],[-91.53685,41.57342],[-91.53665,41.56069],[-91.5287,41.5603],[-91.5297,41.55929],[-91.52975,41.5584],[-91.52934,41.55662],[-91.52796,41.55471],[-91.52544,41.55299],[-91.52228,41.55153],[-91.52656,41.55102],[-91.53427,41.55098],[-91.53424,41.54826],[-91.53251,41.54826],[-91.5325,41.54667],[-91.53422,41.54666],[-91.53426,41.54368],[-91.53641,41.54365],[-91.53682,41.54736],[-91.54066,41.54736],[-91.54067,41.54965],[-91.54162,41.54965],[-91.54182,41.54732],[-91.5429,41.54363],[-91.54507,41.54364],[-91.54382,41.55009]]]}},{"type":"Feature","properties":{"name":"Hillsboro","county":"Henry","type":"city"},"geometry":{"type":"Polygon","coordinates":[[[-91.71867,40.84263],[-91.7039,40.84258],[-91.70396,40.83172],[-91.71871,40.83176],[-91.71867,40.84263]]]}},{"type":"Feature","properties":{"name":"Hinton","county":"Plymouth","type":"city"},"geometry":{"type":"Polygon","coordinates":[[[-96.30893,42.62207],[-96.29711,42.6229],[-96.29715,42.62662],[-96.30274,42.62662],[-96.30188,42.62764],[-96.30175,42.63373],[-96.28988,42.63371],[-96.29085,42.63015],[-96.28737,42.63014],[-96.28743,42.62293],[-96.2931,42.62297],[-96.29659,42.61185],[-96.30589,42.6121],[-96.30545,42.61603],[-96.30633,42.61748],[-96.30456,42.61874],[-96.30893,42.62207]]]}},{"type":"Feature","properties":{"name":"Holiday Lake","county":"Poweshiek","type":"community"},"geometry":{"type":"Polygon","coordinates":[[[-92.47456,41.8283],[-92.47147,41.82823],[-92.47011,41.82642],[-92.46133,41.82816],[-92.45763,41.82772],[-92.45513,41.82666],[-92.4474,41.82548],[-92.43923,41.82672],[-92.43093,41.82706],[-92.43135,41.82176],[-92.43461,41.81075],[-92.43605,41.80845],[-92.43803,41.80719],[-92.44505,41.80535],[-92.4501,41.8054],[-92.45584,41.80724],[-92.45939,41.80778],[-92.46497,41.8078],[-92.46506,41.81022],[-92.46726,41.81141],[-92.46994,41.81139],[-92.47374,41.81333],[-92.47472,41.81563],[-92.47456,41.8283]]]}},{"type":"Feature","properties":{"name":"Holland","county":"Grundy","type":"city"},"geometry":{"type":"Polygon","coordinates":[[[-92.80352,42.39653],[-92.80347,42.40397],[-92.79421,42.40398],[-92.79422,42.39624],[-92.80182,42.39621],[-92.80352,42.39653]]]}},{"type":"Feature","properties":{"name":"Holstein","county":"Ida","type":"city"},"geometry":{"type":"Polygon","coordinates":[[[-95.55601,42.48824],[-95.55455,42.48929],[-95.55455,42.4965],[-95.54601,42.49652],[-95.54602,42.49833],[-95.54481,42.49834],[-95.54485,42.50373],[-95.53917,42.50376],[-95.53905,42.50023],[-95.54355,42.49783],[-95.54351,42.49652],[-95.53502,42.49656],[-95.53499,42.4879],[-95.53257,42.48792],[-95.53256,42.48929],[-95.53011,42.48931],[-95.53012,42.48748],[-95.53499,42.48745],[-95.53257,42.48699],[-95.53261,42.475],[-95.53653,42.475],[-95.53654,42.47231],[-95.54642,42.47231],[-95.54628,42.47501],[-95.54406,42.475],[-95.54484,42.47572],[-95.5448,42.48091],[-95.54536,42.48196],[-95.55459,42.48204],[-95.55455,42.4886],[-95.55601,42.48824]]]}},{"type":"Feature","properties":{"name":"Holy Cross","county":"Dubuque","type":"city"},"geometry":{"type":"Polygon","coordinates":[[[-91.00197,42.60379],[-90.99905,42.60374],[-91.00115,42.60515],[-91.00134,42.60629],[-90.99876,42.60628],[-90.99874,42.60793],[-90.99635,42.6079],[-90.99637,42.60654],[-90.99406,42.60626],[-90.99429,42.60374],[-90.99152,42.60371],[-90.9914,42.59528],[-90.99522,42.59532],[-90.99518,42.59378],[-90.99759,42.59535],[-90.99768,42.59904],[-91.00129,42.59911],[-91.00197,42.60379]]]}},{"type":"Feature","properties":{"name":"Homestead","county":"Iowa","type":"community"},"geometry":{"type":"Polygon","coordinates":[[[-91.8899,41.75557],[-91.88973,41.76382],[-91.88938,41.76547],[-91.87867,41.76296],[-91.87649,41.76415],[-91.87166,41.7656],[-91.87005,41.76655],[-91.86681,41.76995],[-91.86151,41.76981],[-91.85604,41.76761],[-91.85626,41.75527],[-91.8899,41.75557]]]}},{"type":"Feature","properties":{"name":"Hopkinton","county":"Delaware","type":"city"},"geometry":{"type":"Polygon","coordinates":[[[-91.25993,42.33785],[-91.25802,42.3377],[-91.25379,42.34409],[-91.25404,42.3448],[-91.25678,42.3456],[-91.25679,42.34684],[-91.25394,42.34684],[-91.25165,42.34908],[-91.23847,42.34947],[-91.23852,42.34408],[-91.24052,42.34486],[-91.24196,42.34412],[-91.24344,42.34197],[-91.24201,42.34082],[-91.24353,42.33904],[-91.24357,42.3362],[-91.24577,42.33619],[-91.24707,42.33732],[-91.24629,42.33961],[-91.25088,42.33964],[-91.25503,42.33721],[-91.25431,42.33561],[-91.25596,42.33462],[-91.25674,42.33311],[-91.26187,42.33503],[-91.25993,42.33785]]]}},{"type":"Feature","properties":{"name":"Hornick","county":"Woodbury","type":"city"},"geometry":{"type":"Polygon","coordinates":[[[-96.1021,42.23423],[-96.09243,42.23416],[-96.09239,42.22646],[-96.09544,42.22659],[-96.09077,42.22268],[-96.09719,42.22278],[-96.09724,42.22675],[-96.10214,42.22713],[-96.1021,42.23423]]]}},{"type":"Feature","properties":{"name":"Hospers","county":"Sioux","type":"city"},"geometry":{"type":"Polygon","coordinates":[[[-95.90944,43.07639],[-95.90494,43.0764],[-95.90323,43.08382],[-95.90112,43.08381],[-95.901,43.08059],[-95.89746,43.07228],[-95.89721,43.07057],[-95.89776,43.06722],[-95.89902,43.06472],[-95.8995,43.06741],[-95.90439,43.06736],[-95.90437,43.06193],[-95.90758,43.06191],[-95.90757,43.05949],[-95.90927,43.05948],[-95.90928,43.0646],[-95.90447,43.06461],[-95.90448,43.06735],[-95.90928,43.06729],[-95.90944,43.07639]]]}},{"type":"Feature","properties":{"name":"Houghton","county":"Lee","type":"city"},"geometry":{"type":"Polygon","coordinates":[[[-91.62217,40.78468],[-91.61259,40.78468],[-91.61256,40.78608],[-91.59995,40.78606],[-91.59995,40.78277],[-91.60291,40.78278],[-91.60292,40.78127],[-91.609,40.78127],[-91.61051,40.78087],[-91.61051,40.78195],[-91.62215,40.78195],[-91.62217,40.78468]]]}},{"type":"Feature","properties":{"name":"Hubbard","county":"Hardin","type":"city"},"geometry":{"type":"Polygon","coordinates":[[[-93.3136,42.31767],[-93.29506,42.31756],[-93.2951,42.308],[-93.28686,42.30743],[-93.28661,42.29587],[-93.31351,42.29597],[-93.3136,42.31767]]]}},{"type":"Feature","properties":{"name":"Hudson","county":"Black Hawk","type":"city"},"geometry":{"type":"Polygon","coordinates":[[[-92.47589,42.46507],[-92.43674,42.46424],[-92.43669,42.43198],[-92.4171,42.43205],[-92.41708,42.42115],[-92.42689,42.42113],[-92.4269,42.42294],[-92.43162,42.42293],[-92.43664,42.41666],[-92.43661,42.41385],[-92.44171,42.41384],[-92.44331,42.41295],[-92.4433,42.40654],[-92.44147,42.40654],[-92.44153,42.39929],[-92.44944,42.39928],[-92.45169,42.39867],[-92.45182,42.39928],[-92.45516,42.39564],[-92.45601,42.39605],[-92.456,42.39495],[-92.46196,42.39501],[-92.46197,42.39925],[-92.46586,42.40109],[-92.46586,42.40287],[-92.47551,42.4028],[-92.47557,42.40646],[-92.47072,42.40648],[-92.47086,42.42828],[-92.4757,42.42825],[-92.47572,42.43188],[-92.47087,42.43191],[-92.47096,42.44288],[-92.46616,42.4429],[-92.46618,42.45017],[-92.47096,42.45014],[-92.47099,42.45501],[-92.4661,42.45504],[-92.46613,42.45746],[-92.46846,42.45746],[-92.46845,42.45611],[-92.47101,42.45611],[-92.47102,42.45745],[-92.47303,42.45745],[-92.47308,42.45562],[-92.47587,42.45347],[-92.47589,42.46507]]]}},{"type":"Feature","properties":{"name":"Hull","county":"Sioux","type":"city"},"geometry":{"type":"Polygon","coordinates":[[[-96.15253,43.18578],[-96.14754,43.18577],[-96.14759,43.19302],[-96.14332,43.19303],[-96.14357,43.1961],[-96.14259,43.19664],[-96.14012,43.19664],[-96.14007,43.19302],[-96.13867,43.19301],[-96.1391,43.19504],[-96.13761,43.19504],[-96.13765,43.20028],[-96.13064,43.20031],[-96.13065,43.19673],[-96.12282,43.19669],[-96.12485,43.19591],[-96.12484,43.19469],[-96.12211,43.1947],[-96.1221,43.19306],[-96.11785,43.19307],[-96.11785,43.18577],[-96.12319,43.18576],[-96.12319,43.18411],[-96.12937,43.18411],[-96.12846,43.18208],[-96.13037,43.18208],[-96.13035,43.18411],[-96.13264,43.18411],[-96.13272,43.17856],[-96.1377,43.17857],[-96.13762,43.18289],[-96.15256,43.18287],[-96.15253,43.18578]]]}},{"type":"Feature","properties":{"name":"Humboldt","county":"Humboldt","type":"city"},"geometry":{"type":"Polygon","coordinates":[[[-94.24751,42.73902],[-94.24668,42.73902],[-94.24668,42.74623],[-94.24182,42.74622],[-94.24181,42.73901],[-94.2395,42.739],[-94.23942,42.74262],[-94.23686,42.74261],[-94.23689,42.74619],[-94.2222,42.74614],[-94.22222,42.73892],[-94.20796,42.73892],[-94.20759,42.73869],[-94.20713,42.69873],[-94.21462,42.69871],[-94.21787,42.69986],[-94.21743,42.70224],[-94.23659,42.70222],[-94.2367,42.72377],[-94.23639,42.72532],[-94.23471,42.72531],[-94.23477,42.72727],[-94.2379,42.72773],[-94.24026,42.72709],[-94.24209,42.72501],[-94.24581,42.72475],[-94.24668,42.72606],[-94.24662,42.73197],[-94.24174,42.73193],[-94.24176,42.73571],[-94.24675,42.73572],[-94.24751,42.73902]]]}},{"type":"Feature","properties":{"name":"Humeston","county":"Wayne","type":"city"},"geometry":{"type":"Polygon","coordinates":[[[-93.50297,40.86444],[-93.50018,40.86407],[-93.5013,40.86664],[-93.50131,40.87007],[-93.49379,40.87005],[-93.49468,40.86852],[-93.4947,40.86344],[-93.48992,40.86343],[-93.48988,40.85354],[-93.4994,40.85376],[-93.49939,40.85556],[-93.50418,40.85558],[-93.50297,40.86444]]]}},{"type":"Feature","properties":{"name":"Hutchins","county":"Hancock","type":"community"},"geometry":{"type":"Polygon","coordinates":[[[-93.89353,43.09123],[-93.88133,43.09202],[-93.88151,43.08478],[-93.88396,43.08293],[-93.88735,43.08293],[-93.88734,43.08336],[-93.89261,43.08567],[-93.89133,43.08678],[-93.89189,43.089],[-93.89353,43.09123]]]}},{"type":"Feature","properties":{"name":"Huxley","county":"Story","type":"city"},"geometry":{"type":"Polygon","coordinates":[[[-93.62018,41.91056],[-93.61034,41.91052],[-93.61028,41.90689],[-93.60909,41.90689],[-93.60916,41.9086],[-93.60668,41.91045],[-93.60066,41.91046],[-93.60075,41.91415],[-93.6046,41.91415],[-93.60465,41.91612],[-93.602,41.91691],[-93.60201,41.91778],[-93.59826,41.91774],[-93.59832,41.91571],[-93.60036,41.91463],[-93.60051,41.90861],[-93.59801,41.90861],[-93.59802,41.90677],[-93.59701,41.90816],[-93.59561,41.90806],[-93.59562,41.90999],[-93.59076,41.90992],[-93.59074,41.90678],[-93.5956,41.90678],[-93.5956,41.905],[-93.59268,41.90457],[-93.5927,41.90322],[-93.59439,41.90322],[-93.59393,41.90146],[-93.59075,41.9015],[-93.59075,41.89364],[-93.58712,41.89598],[-93.58088,41.896],[-93.58088,41.90337],[-93.57641,41.90672],[-93.57519,41.90412],[-93.56579,41.90429],[-93.5658,41.9029],[-93.56061,41.90326],[-93.56062,41.89968],[-93.57057,41.89959],[-93.57041,41.88141],[-93.56405,41.88139],[-93.56405,41.88065],[-93.56066,41.88102],[-93.56068,41.87781],[-93.56642,41.87781],[-93.56642,41.87688],[-93.56958,41.87687],[-93.56889,41.8778],[-93.57835,41.87778],[-93.57943,41.8788],[-93.58089,41.87778],[-93.58088,41.887],[-93.57949,41.887],[-93.57949,41.88871],[-93.58089,41.88869],[-93.58089,41.89236],[-93.60051,41.89106],[-93.60045,41.88635],[-93.60155,41.88513],[-93.61043,41.8851],[-93.61051,41.88852],[-93.61186,41.89002],[-93.61512,41.88978],[-93.61397,41.89045],[-93.61394,41.89236],[-93.61083,41.89236],[-93.61079,41.89961],[-93.62012,41.89965],[-93.62018,41.91056]]]}},{"type":"Feature","properties":{"name":"Ida Grove","county":"Ida","type":"city"},"geometry":{"type":"Polygon","coordinates":[[[-95.49786,42.34633],[-95.49323,42.34714],[-95.48943,42.34744],[-95.48521,42.34731],[-95.48519,42.34907],[-95.4842,42.34937],[-95.48235,42.34798],[-95.47821,42.34858],[-95.47821,42.35601],[-95.45861,42.35583],[-95.45864,42.33953],[-95.45605,42.33798],[-95.4551,42.33666],[-95.45876,42.3367],[-95.45878,42.33398],[-95.46852,42.33403],[-95.46874,42.3269],[-95.47348,42.32692],[-95.4734,42.33781],[-95.49158,42.33783],[-95.49157,42.33915],[-95.49299,42.33982],[-95.49299,42.34147],[-95.49789,42.34147],[-95.49786,42.34633]]]}},{"type":"Feature","properties":{"name":"Imogene","county":"Fremont","type":"city"},"geometry":{"type":"Polygon","coordinates":[[[-95.43693,40.87997],[-95.43223,40.88001],[-95.43215,40.88346],[-95.4226,40.8835],[-95.42269,40.87268],[-95.43694,40.87274],[-95.43693,40.87997]]]}},{"type":"Feature","properties":{"name":"Independence","county":"Buchanan","type":"city"},"geometry":{"type":"Polygon","coordinates":[[[-91.95339,42.45752],[-91.95022,42.45762],[-91.94917,42.4586],[-91.94928,42.46797],[-91.94866,42.46798],[-91.94835,42.46717],[-91.94621,42.46718],[-91.94605,42.45769],[-91.93914,42.45767],[-91.93908,42.45405],[-91.92996,42.4541],[-91.92995,42.45309],[-91.92575,42.45266],[-91.92566,42.45414],[-91.90089,42.45433],[-91.90005,42.45324],[-91.90004,42.45807],[-91.9051,42.45802],[-91.90508,42.46586],[-91.91001,42.4658],[-91.90991,42.45796],[-91.91961,42.45784],[-91.91965,42.4614],[-91.92142,42.46136],[-91.92226,42.46486],[-91.92228,42.46834],[-91.92119,42.46836],[-91.92121,42.47021],[-91.91397,42.47028],[-91.91401,42.4721],[-91.90405,42.47223],[-91.90406,42.47405],[-91.90692,42.47755],[-91.90241,42.47762],[-91.90242,42.47634],[-91.90038,42.47638],[-91.90034,42.47588],[-91.89928,42.48316],[-91.89438,42.48315],[-91.89434,42.4796],[-91.89175,42.47962],[-91.89175,42.48259],[-91.88941,42.48265],[-91.88945,42.48567],[-91.88701,42.4857],[-91.887,42.48339],[-91.88457,42.48334],[-91.88454,42.4873],[-91.88698,42.48726],[-91.88695,42.48848],[-91.88452,42.48851],[-91.87974,42.49123],[-91.87959,42.48323],[-91.87215,42.48321],[-91.87213,42.4797],[-91.86969,42.47971],[-91.87464,42.47887],[-91.87464,42.47485],[-91.87314,42.47485],[-91.87314,42.47604],[-91.8697,42.47606],[-91.86973,42.47058],[-91.86618,42.47059],[-91.86621,42.46878],[-91.8688,42.46879],[-91.86879,42.46957],[-91.86973,42.46957],[-91.86975,42.4688],[-91.8705,42.4688],[-91.87072,42.45833],[-91.88767,42.4582],[-91.88845,42.45661],[-91.88845,42.45483],[-91.88017,42.4548],[-91.88019,42.45641],[-91.87545,42.45625],[-91.87542,42.45101],[-91.88035,42.45096],[-91.8805,42.44374],[-91.88051,42.44518],[-91.88524,42.44513],[-91.88523,42.4437],[-91.89263,42.44364],[-91.89265,42.44549],[-91.89019,42.44548],[-91.89029,42.44691],[-91.89265,42.4469],[-91.89268,42.44815],[-91.89031,42.44782],[-91.89031,42.44878],[-91.9141,42.44837],[-91.91671,42.44876],[-91.91955,42.44968],[-91.92374,42.44798],[-91.92934,42.44757],[-91.92924,42.44325],[-91.95319,42.44302],[-91.95323,42.44666],[-91.94909,42.44677],[-91.94925,42.45207],[-91.9533,42.45196],[-91.95339,42.45752]]]}},{"type":"Feature","properties":{"name":"Indianola","county":"Warren","type":"city"},"geometry":{"type":"Polygon","coordinates":[[[-93.6112,41.35643],[-93.60639,41.35644],[-93.60648,41.3625],[-93.59922,41.36246],[-93.59931,41.36981],[-93.60654,41.36985],[-93.60658,41.37352],[-93.60087,41.3735],[-93.60084,41.37229],[-93.59704,41.37332],[-93.5969,41.36979],[-93.58722,41.36963],[-93.58731,41.3842],[-93.57769,41.38413],[-93.57776,41.39145],[-93.5598,41.39091],[-93.5606,41.38977],[-93.55881,41.38977],[-93.55883,41.39489],[-93.56123,41.39492],[-93.56125,41.40229],[-93.55895,41.40227],[-93.55837,41.40174],[-93.55814,41.39478],[-93.5501,41.39462],[-93.55072,41.39286],[-93.54906,41.38881],[-93.54673,41.3848],[-93.54555,41.3817],[-93.53727,41.38151],[-93.5373,41.37968],[-93.53485,41.37963],[-93.53486,41.37236],[-93.53001,41.37226],[-93.53,41.36138],[-93.5227,41.3612],[-93.52271,41.35764],[-93.52032,41.35757],[-93.52037,41.35027],[-93.5494,41.35078],[-93.54931,41.33237],[-93.55835,41.33273],[-93.55831,41.33465],[-93.56795,41.33466],[-93.56795,41.34008],[-93.5872,41.34034],[-93.58718,41.34397],[-93.5968,41.34408],[-93.59678,41.34527],[-93.60165,41.34533],[-93.60168,41.34411],[-93.60647,41.34419],[-93.60645,41.34739],[-93.60487,41.34737],[-93.60477,41.35146],[-93.61111,41.35152],[-93.6112,41.35643]]]}},{"type":"Feature","properties":{"name":"Inwood","county":"Lyon","type":"city"},"geometry":{"type":"Polygon","coordinates":[[[-96.44806,43.31667],[-96.42004,43.31641],[-96.42101,43.30186],[-96.43083,43.30195],[-96.43089,43.29865],[-96.43117,43.29866],[-96.4315,43.29984],[-96.43224,43.30085],[-96.43345,43.30086],[-96.43342,43.30199],[-96.44852,43.30217],[-96.44806,43.31667]]]}},{"type":"Feature","properties":{"name":"Ionia","county":"Chickasaw","type":"city"},"geometry":{"type":"Polygon","coordinates":[[[-92.4658,43.04129],[-92.45099,43.04139],[-92.45094,43.03046],[-92.46581,43.03041],[-92.4658,43.04129]]]}},{"type":"Feature","properties":{"name":"Iowa City","county":"Johnson","type":"city"},"geometry":{"type":"Polygon","coordinates":[[[-91.61832,41.65718],[-91.60977,41.65714],[-91.60955,41.66647],[-91.61528,41.67034],[-91.60918,41.67031],[-91.60473,41.66939],[-91.59882,41.66921],[-91.59991,41.67021],[-91.59984,41.672],[-91.59864,41.67198],[-91.5986,41.67376],[-91.59205,41.67381],[-91.58984,41.67812],[-91.58227,41.67416],[-91.58311,41.67268],[-91.57842,41.67027],[-91.57833,41.67215],[-91.56869,41.66715],[-91.56579,41.66905],[-91.55937,41.66642],[-91.55932,41.66803],[-91.5621,41.66951],[-91.56466,41.67513],[-91.56346,41.67648],[-91.55554,41.68004],[-91.55529,41.68099],[-91.55745,41.68604],[-91.55844,41.69274],[-91.55737,41.69445],[-91.55478,41.69572],[-91.54736,41.69402],[-91.54665,41.69112],[-91.54398,41.68893],[-91.54564,41.68771],[-91.5457,41.68595],[-91.5341,41.68751],[-91.51193,41.68714],[-91.51204,41.69299],[-91.51151,41.69334],[-91.51156,41.69591],[-91.50239,41.69585],[-91.5024,41.69661],[-91.49274,41.69662],[-91.49267,41.69559],[-91.49539,41.69297],[-91.48184,41.69297],[-91.48161,41.68553],[-91.48183,41.66911],[-91.47739,41.67001],[-91.47743,41.66747],[-91.47928,41.66749],[-91.47902,41.66353],[-91.47707,41.66407],[-91.47713,41.66318],[-91.47532,41.66311],[-91.47526,41.664],[-91.47264,41.6639],[-91.4726,41.66749],[-91.47501,41.66759],[-91.47499,41.67099],[-91.46772,41.67104],[-91.46779,41.66744],[-91.47065,41.66747],[-91.47072,41.66387],[-91.46305,41.66377],[-91.46311,41.65382],[-91.46429,41.65384],[-91.46432,41.65204],[-91.46313,41.65203],[-91.4632,41.64786],[-91.46517,41.64788],[-91.46598,41.64654],[-91.46609,41.64605],[-91.46547,41.64523],[-91.46542,41.64402],[-91.46805,41.64404],[-91.46801,41.6472],[-91.47079,41.64809],[-91.47002,41.64944],[-91.47088,41.64972],[-91.47083,41.65389],[-91.47273,41.65391],[-91.47281,41.64873],[-91.47613,41.64971],[-91.47953,41.64976],[-91.47954,41.64679],[-91.48287,41.64679],[-91.48285,41.6372],[-91.47296,41.63324],[-91.47295,41.63506],[-91.46331,41.63483],[-91.46335,41.62907],[-91.46675,41.63043],[-91.46688,41.62863],[-91.46586,41.62766],[-91.46755,41.62772],[-91.46771,41.62415],[-91.47299,41.62437],[-91.47299,41.63021],[-91.47543,41.63021],[-91.47545,41.62798],[-91.47967,41.62798],[-91.48086,41.62745],[-91.48897,41.63093],[-91.48901,41.62898],[-91.49011,41.62899],[-91.49015,41.6206],[-91.49256,41.62057],[-91.49258,41.61693],[-91.49742,41.61688],[-91.49748,41.61322],[-91.50235,41.61316],[-91.50235,41.60588],[-91.50679,41.60587],[-91.50679,41.60417],[-91.50578,41.59857],[-91.50602,41.59857],[-91.50703,41.60416],[-91.50703,41.60587],[-91.51192,41.60586],[-91.5119,41.62047],[-91.50387,41.62047],[-91.50324,41.6197],[-91.50221,41.62051],[-91.50217,41.62771],[-91.51181,41.62774],[-91.51188,41.62114],[-91.51573,41.62112],[-91.51632,41.62178],[-91.5155,41.62309],[-91.51449,41.62309],[-91.51447,41.62773],[-91.5269,41.6277],[-91.52261,41.6199],[-91.52618,41.6192],[-91.53358,41.61928],[-91.53373,41.62138],[-91.53547,41.62139],[-91.53719,41.62347],[-91.53643,41.6251],[-91.53331,41.62752],[-91.5336,41.62776],[-91.53704,41.62517],[-91.53768,41.62407],[-91.54092,41.62409],[-91.54112,41.61592],[-91.53814,41.61591],[-91.53793,41.61316],[-91.54249,41.61319],[-91.54405,41.61914],[-91.54426,41.62344],[-91.5462,41.6234],[-91.54622,41.62389],[-91.54423,41.62394],[-91.54333,41.62945],[-91.54251,41.63068],[-91.54472,41.63132],[-91.5492,41.63133],[-91.54908,41.63572],[-91.55189,41.63748],[-91.55318,41.63761],[-91.55984,41.63587],[-91.55994,41.63297],[-91.55731,41.63231],[-91.55515,41.6324],[-91.55519,41.63142],[-91.56495,41.63163],[-91.56157,41.62776],[-91.56982,41.62787],[-91.56976,41.62995],[-91.57057,41.63139],[-91.57477,41.62901],[-91.57451,41.63428],[-91.57198,41.63689],[-91.57311,41.63877],[-91.57429,41.63916],[-91.57424,41.64095],[-91.57636,41.64245],[-91.6029,41.64266],[-91.60902,41.64002],[-91.60889,41.64267],[-91.61036,41.64267],[-91.60988,41.65355],[-91.61842,41.65357],[-91.61832,41.65718]],[[-91.56445,41.64963],[-91.56165,41.65047],[-91.55948,41.65045],[-91.55952,41.65239],[-91.55693,41.65222],[-91.55474,41.65334],[-91.55471,41.65508],[-91.55017,41.65508],[-91.55777,41.66058],[-91.55956,41.6606],[-91.55968,41.65688],[-91.56208,41.65687],[-91.56247,41.65543],[-91.56454,41.65567],[-91.56445,41.64963]],[[-91.46942,41.65067],[-91.46758,41.65073],[-91.46759,41.65201],[-91.46814,41.65201],[-91.46942,41.65067]]]}},{"type":"Feature","properties":{"name":"Iowa Falls","county":"Hardin","type":"city"},"geometry":{"type":"Polygon","coordinates":[[[-93.29905,42.52472],[-93.2966,42.52407],[-93.29665,42.52849],[-93.28206,42.52904],[-93.28198,42.53619],[-93.26228,42.53586],[-93.24206,42.53637],[-93.24202,42.50727],[-93.25878,42.50709],[-93.25878,42.49976],[-93.25675,42.49963],[-93.25403,42.49644],[-93.2553,42.49521],[-93.25502,42.4941],[-93.26242,42.49435],[-93.26243,42.49254],[-93.26987,42.49262],[-93.26984,42.49606],[-93.27239,42.49627],[-93.27236,42.49794],[-93.2673,42.49792],[-93.26728,42.49977],[-93.26239,42.49979],[-93.26238,42.50339],[-93.27232,42.50351],[-93.27227,42.50713],[-93.27722,42.50719],[-93.27724,42.50354],[-93.29212,42.50337],[-93.28625,42.50713],[-93.28214,42.50722],[-93.28318,42.51506],[-93.29158,42.51474],[-93.29181,42.51744],[-93.29671,42.51759],[-93.29676,42.5217],[-93.29877,42.52396],[-93.29983,42.5242],[-93.29905,42.52472]]]}},{"type":"Feature","properties":{"name":"Ireton","county":"Sioux","type":"city"},"geometry":{"type":"Polygon","coordinates":[[[-96.33166,42.98224],[-96.31263,42.98209],[-96.31262,42.97777],[-96.30902,42.97671],[-96.30901,42.97474],[-96.30807,42.97473],[-96.30957,42.97331],[-96.31259,42.97398],[-96.31257,42.96751],[-96.33173,42.96768],[-96.33166,42.98224]]]}},{"type":"Feature","properties":{"name":"Irvington","county":"Kossuth","type":"community"},"geometry":{"type":"Polygon","coordinates":[[[-94.2075,43.0169],[-94.20485,43.01693],[-94.20401,43.01784],[-94.19999,43.01809],[-94.19656,43.02146],[-94.1974,43.02196],[-94.19528,43.02264],[-94.19498,43.02376],[-94.18803,43.02383],[-94.18828,43.00304],[-94.19115,43.0053],[-94.19315,43.00487],[-94.19325,42.99991],[-94.19394,42.99887],[-94.19621,43.00286],[-94.19768,43.00355],[-94.19774,43.00586],[-94.19861,43.00663],[-94.20033,43.00581],[-94.20005,43.0033],[-94.20266,43.006],[-94.20403,43.00827],[-94.20488,43.01092],[-94.20619,43.01306],[-94.20606,43.01475],[-94.2075,43.0169]]]}},{"type":"Feature","properties":{"name":"Irwin","county":"Shelby","type":"city"},"geometry":{"type":"Polygon","coordinates":[[[-95.21411,41.79543],[-95.20928,41.79541],[-95.20927,41.79705],[-95.20691,41.79705],[-95.20691,41.7954],[-95.19936,41.79542],[-95.19938,41.78456],[-95.21421,41.78459],[-95.21411,41.79543]]]}},{"type":"Feature","properties":{"name":"Jackson Junction","county":"Winneshiek","type":"city"},"geometry":{"type":"Polygon","coordinates":[[[-92.07206,43.11906],[-92.02248,43.11892],[-92.02282,43.08273],[-92.06743,43.08273],[-92.06721,43.09359],[-92.06216,43.09356],[-92.06204,43.09718],[-92.07212,43.09725],[-92.07206,43.11906]]]}},{"type":"Feature","properties":{"name":"Jacksonville","county":"Shelby","type":"community"},"geometry":{"type":"Polygon","coordinates":[[[-95.15879,41.64523],[-95.15267,41.64517],[-95.15145,41.64613],[-95.1521,41.64852],[-95.14951,41.64848],[-95.14714,41.64509],[-95.14941,41.64468],[-95.15011,41.64149],[-95.15167,41.64262],[-95.15587,41.64387],[-95.15879,41.64523]]]}},{"type":"Feature","properties":{"name":"Jamaica","county":"Guthrie","type":"city"},"geometry":{"type":"Polygon","coordinates":[[[-94.31417,41.849],[-94.29974,41.84896],[-94.29977,41.84171],[-94.31418,41.84175],[-94.31417,41.849]]]}},{"type":"Feature","properties":{"name":"Janesville","county":"Bremer","type":"city"},"geometry":{"type":"Polygon","coordinates":[[[-92.47541,42.65315],[-92.47395,42.65315],[-92.47428,42.65434],[-92.47036,42.65433],[-92.46953,42.65586],[-92.46665,42.65425],[-92.46215,42.65349],[-92.45573,42.65314],[-92.45586,42.65677],[-92.45094,42.65677],[-92.4509,42.64937],[-92.44597,42.64951],[-92.44851,42.64894],[-92.45061,42.64588],[-92.45088,42.64226],[-92.45147,42.64226],[-92.45081,42.64157],[-92.45074,42.63545],[-92.45557,42.63542],[-92.45579,42.63902],[-92.4712,42.63892],[-92.47116,42.6379],[-92.47459,42.63788],[-92.4751,42.6353],[-92.47541,42.65315]]]}},{"type":"Feature","properties":{"name":"Jefferson","county":"Greene","type":"city"},"geometry":{"type":"Polygon","coordinates":[[[-94.41638,42.01848],[-94.41159,42.01893],[-94.41138,42.01297],[-94.4066,42.01299],[-94.40691,42.02232],[-94.39724,42.02227],[-94.3979,42.03451],[-94.3876,42.03447],[-94.38762,42.03825],[-94.35851,42.03822],[-94.35788,42.00085],[-94.36761,42.00081],[-94.36755,41.99368],[-94.37893,41.99367],[-94.37979,41.99218],[-94.38162,41.99326],[-94.38274,41.99685],[-94.38293,42.00079],[-94.39657,42.0007],[-94.39664,42.00801],[-94.39968,42.0089],[-94.40409,42.00866],[-94.4064,42.00789],[-94.40656,42.01153],[-94.41617,42.01158],[-94.41638,42.01848]]]}},{"type":"Feature","properties":{"name":"Jesup","county":"Buchanan","type":"city"},"geometry":{"type":"Polygon","coordinates":[[[-92.08171,42.48276],[-92.07122,42.48273],[-92.07123,42.48415],[-92.0653,42.48418],[-92.06529,42.48272],[-92.05174,42.48266],[-92.0515,42.47511],[-92.04686,42.47522],[-92.04656,42.47038],[-92.0498,42.46814],[-92.0511,42.46815],[-92.05106,42.46699],[-92.05457,42.46725],[-92.05588,42.46479],[-92.05589,42.46598],[-92.05714,42.46598],[-92.05716,42.46709],[-92.05592,42.46712],[-92.05593,42.46764],[-92.05769,42.46822],[-92.06419,42.46822],[-92.06419,42.46415],[-92.074,42.4641],[-92.07397,42.4682],[-92.08145,42.46819],[-92.08171,42.48276]]]}},{"type":"Feature","properties":{"name":"Jewell Junction","county":"Hamilton","type":"city"},"geometry":{"type":"Polygon","coordinates":[[[-93.65962,42.32506],[-93.62041,42.32501],[-93.62055,42.29599],[-93.65955,42.29612],[-93.65962,42.32506]]]}},{"type":"Feature","properties":{"name":"Johnston","county":"Polk","type":"city"},"geometry":{"type":"Polygon","coordinates":[[[-93.78511,41.72846],[-93.78403,41.7284],[-93.78214,41.72745],[-93.77505,41.72513],[-93.77237,41.72479],[-93.77236,41.72788],[-93.77399,41.72921],[-93.77149,41.72991],[-93.77045,41.72924],[-93.76981,41.73072],[-93.76078,41.73071],[-93.76076,41.73221],[-93.7663,41.73278],[-93.77075,41.73201],[-93.77551,41.73203],[-93.77563,41.73356],[-93.77548,41.73523],[-93.77366,41.7389],[-93.77554,41.74033],[-93.77542,41.74661],[-93.76564,41.74666],[-93.76576,41.75393],[-93.7609,41.75362],[-93.76088,41.75024],[-93.7582,41.74833],[-93.76456,41.74298],[-93.75593,41.743],[-93.75579,41.712],[-93.74604,41.71196],[-93.74604,41.71014],[-93.74121,41.71014],[-93.74123,41.69926],[-93.74607,41.69926],[-93.74609,41.69563],[-93.7389,41.69562],[-93.7364,41.69518],[-93.7364,41.68837],[-93.72673,41.68834],[-93.72671,41.69563],[-93.71704,41.69563],[-93.71702,41.70235],[-93.71733,41.70287],[-93.73638,41.70289],[-93.73633,41.71904],[-93.72635,41.71337],[-93.72396,41.71171],[-93.72152,41.70925],[-93.71999,41.70696],[-93.72122,41.7094],[-93.72366,41.71187],[-93.72612,41.71359],[-93.73632,41.71939],[-93.73637,41.732],[-93.71715,41.73188],[-93.71801,41.72629],[-93.71885,41.72517],[-93.71849,41.7247],[-93.71707,41.72462],[-93.71716,41.72096],[-93.714,41.72095],[-93.71382,41.71737],[-93.70835,41.71663],[-93.70738,41.71525],[-93.70737,41.7136],[-93.71124,41.7136],[-93.71124,41.71149],[-93.70889,41.71149],[-93.70888,41.71014],[-93.70735,41.71014],[-93.70735,41.70651],[-93.70358,41.70649],[-93.70359,41.70289],[-93.69772,41.70289],[-93.69779,41.7239],[-93.69514,41.72295],[-93.69135,41.72364],[-93.6897,41.72248],[-93.68941,41.72145],[-93.69094,41.7182],[-93.69336,41.71539],[-93.69256,41.71212],[-93.69123,41.71155],[-93.68764,41.71184],[-93.68225,41.71367],[-93.67976,41.71362],[-93.67871,41.7127],[-93.67755,41.70621],[-93.67549,41.70405],[-93.67423,41.70003],[-93.67541,41.69526],[-93.68139,41.6931],[-93.68124,41.69205],[-93.67877,41.69031],[-93.68301,41.69029],[-93.68274,41.68958],[-93.68647,41.68956],[-93.68648,41.68845],[-93.68529,41.68847],[-93.68531,41.68572],[-93.68459,41.68653],[-93.68164,41.68549],[-93.68164,41.68849],[-93.6779,41.68839],[-93.67902,41.6878],[-93.67964,41.68705],[-93.67677,41.68462],[-93.67153,41.68273],[-93.66879,41.68046],[-93.67594,41.68052],[-93.675,41.67754],[-93.67334,41.67688],[-93.67336,41.6726],[-93.67075,41.67257],[-93.67074,41.66962],[-93.6674,41.6696],[-93.66687,41.66569],[-93.67023,41.66407],[-93.67063,41.66285],[-93.66991,41.66171],[-93.66612,41.6598],[-93.66455,41.65736],[-93.66715,41.65268],[-93.68203,41.65334],[-93.68715,41.65413],[-93.68746,41.65344],[-93.68944,41.65604],[-93.68821,41.65401],[-93.69753,41.6539],[-93.69758,41.65303],[-93.70254,41.65302],[-93.70253,41.65518],[-93.70416,41.65727],[-93.70602,41.6582],[-93.70702,41.65836],[-93.71831,41.65833],[-93.71831,41.65472],[-93.7219,41.65472],[-93.72192,41.6532],[-93.73157,41.65292],[-93.73645,41.6533],[-93.73644,41.65653],[-93.74618,41.65658],[-93.74619,41.65839],[-93.75593,41.65844],[-93.75588,41.66568],[-93.76559,41.66571],[-93.76548,41.68835],[-93.76304,41.68835],[-93.76538,41.69312],[-93.76545,41.7085],[-93.76306,41.70852],[-93.76308,41.71019],[-93.76066,41.71046],[-93.76064,41.71129],[-93.77039,41.71227],[-93.77444,41.7106],[-93.77444,41.71027],[-93.77501,41.71026],[-93.77504,41.71851],[-93.7789,41.71749],[-93.78292,41.71751],[-93.78294,41.71981],[-93.78504,41.71981],[-93.78505,41.72123],[-93.78019,41.72131],[-93.78021,41.72503],[-93.78507,41.72502],[-93.78511,41.72846]],[[-93.76993,41.72391],[-93.76561,41.72391],[-93.76561,41.72481],[-93.76995,41.72479],[-93.76993,41.72391]],[[-93.73347,41.65833],[-93.73161,41.65833],[-93.73158,41.65472],[-93.72278,41.65472],[-93.72363,41.65765],[-93.722,41.65834],[-93.72697,41.65834],[-93.72696,41.65954],[-93.73346,41.65917],[-93.73347,41.65833]]]}},{"type":"Feature","properties":{"name":"Joice","county":"Worth","type":"city"},"geometry":{"type":"Polygon","coordinates":[[[-93.468,43.37206],[-93.44814,43.372],[-93.44827,43.35747],[-93.4433,43.35744],[-93.4434,43.35015],[-93.44834,43.35747],[-93.46808,43.35753],[-93.468,43.37206]]]}},{"type":"Feature","properties":{"name":"Jolley","county":"Calhoun","type":"city"},"geometry":{"type":"Polygon","coordinates":[[[-94.72204,42.4816],[-94.71731,42.4818],[-94.71734,42.47921],[-94.71494,42.47919],[-94.71498,42.47745],[-94.72211,42.47747],[-94.72204,42.4816]]]}},{"type":"Feature","properties":{"name":"Kalona","county":"Washington","type":"city"},"geometry":{"type":"Polygon","coordinates":[[[-91.71891,41.49679],[-91.6853,41.49658],[-91.68542,41.47847],[-91.70953,41.47856],[-91.70954,41.47498],[-91.71446,41.47507],[-91.71446,41.47865],[-91.71681,41.47869],[-91.71662,41.48952],[-91.71906,41.48953],[-91.71891,41.49679]]]}},{"type":"Feature","properties":{"name":"Kamrar","county":"Hamilton","type":"city"},"geometry":{"type":"Polygon","coordinates":[[[-93.7381,42.39752],[-93.73403,42.39432],[-93.72326,42.39433],[-93.72325,42.39804],[-93.71829,42.39801],[-93.71834,42.38338],[-93.73801,42.38345],[-93.7381,42.39752]]]}},{"type":"Feature","properties":{"name":"Kanawha","county":"Hancock","type":"city"},"geometry":{"type":"Polygon","coordinates":[[[-93.81289,42.93789],[-93.80454,42.93784],[-93.80454,42.93668],[-93.80145,42.93667],[-93.80304,42.93783],[-93.80298,42.94505],[-93.78344,42.94511],[-93.78338,42.93781],[-93.77362,42.93799],[-93.7735,42.93075],[-93.78333,42.9306],[-93.78327,42.92342],[-93.80303,42.92329],[-93.803,42.93051],[-93.81295,42.93056],[-93.81289,42.93789]]]}},{"type":"Feature","properties":{"name":"Kellerton","county":"Ringgold","type":"city"},"geometry":{"type":"Polygon","coordinates":[[[-94.05797,40.71068],[-94.05365,40.7107],[-94.05324,40.71429],[-94.05554,40.71429],[-94.05556,40.71787],[-94.04367,40.71789],[-94.04369,40.70344],[-94.05786,40.70346],[-94.05797,40.71068]]]}},{"type":"Feature","properties":{"name":"Kelley","county":"Story","type":"city"},"geometry":{"type":"Polygon","coordinates":[[[-93.6779,41.95045],[-93.67302,41.95044],[-93.67299,41.95765],[-93.6584,41.95762],[-93.65843,41.95038],[-93.65356,41.95038],[-93.65376,41.94705],[-93.65859,41.94706],[-93.65882,41.9434],[-93.66862,41.94342],[-93.66827,41.94891],[-93.67616,41.94893],[-93.67629,41.94696],[-93.67812,41.94696],[-93.6779,41.95045]]]}},{"type":"Feature","properties":{"name":"Kellogg","county":"Jasper","type":"city"},"geometry":{"type":"Polygon","coordinates":[[[-92.91448,41.72082],[-92.90774,41.7208],[-92.90774,41.72446],[-92.90287,41.72442],[-92.90288,41.71858],[-92.90198,41.71799],[-92.90155,41.71717],[-92.90085,41.71718],[-92.90082,41.71621],[-92.90144,41.71536],[-92.9015,41.71254],[-92.90295,41.71314],[-92.90774,41.71312],[-92.91254,41.71357],[-92.9126,41.71728],[-92.91463,41.71839],[-92.91448,41.72082]]]}},{"type":"Feature","properties":{"name":"Kensett","county":"Worth","type":"city"},"geometry":{"type":"Polygon","coordinates":[[[-93.22071,43.3607],[-93.20069,43.3606],[-93.20078,43.3461],[-93.22084,43.34616],[-93.22071,43.3607]]]}},{"type":"Feature","properties":{"name":"Kent","county":"Union","type":"community"},"geometry":{"type":"Polygon","coordinates":[[[-94.47046,40.9572],[-94.45177,40.95733],[-94.45172,40.95007],[-94.47045,40.94994],[-94.47046,40.9572]]]}},{"type":"Feature","properties":{"name":"Kent Estates","county":"Muscatine","type":"community"},"geometry":{"type":"Polygon","coordinates":[[[-91.09323,41.46518],[-91.07414,41.46493],[-91.07383,41.47951],[-91.01999,41.47876],[-91.02221,41.47324],[-91.02636,41.46838],[-91.03384,41.46848],[-91.03466,41.46632],[-91.03332,41.46363],[-91.03565,41.46364],[-91.03995,41.46441],[-91.04012,41.45353],[-91.07917,41.45417],[-91.08897,41.45368],[-91.09013,41.45553],[-91.09323,41.46518]]]}},{"type":"Feature","properties":{"name":"Keokuk","county":"Lee","type":"city"},"geometry":{"type":"Polygon","coordinates":[[[-91.43761,40.39037],[-91.43631,40.39035],[-91.43588,40.39281],[-91.42753,40.39273],[-91.4266,40.39685],[-91.42652,40.4],[-91.4284,40.40001],[-91.42836,40.40148],[-91.42651,40.40147],[-91.42635,40.41084],[-91.4314,40.4109],[-91.43199,40.41215],[-91.43378,40.41241],[-91.43377,40.41454],[-91.43545,40.41818],[-91.42622,40.41805],[-91.42576,40.44082],[-91.41625,40.44064],[-91.41632,40.43623],[-91.3938,40.43588],[-91.39432,40.43809],[-91.38127,40.43812],[-91.38097,40.43539],[-91.37762,40.42634],[-91.37372,40.41789],[-91.37245,40.41148],[-91.37255,40.4012],[-91.37292,40.39911],[-91.37575,40.39188],[-91.37842,40.38967],[-91.38196,40.38763],[-91.38836,40.38493],[-91.397,40.38313],[-91.41301,40.38228],[-91.41569,40.38138],[-91.41942,40.37826],[-91.42232,40.38094],[-91.42566,40.38249],[-91.43624,40.38505],[-91.43595,40.38708],[-91.43813,40.38753],[-91.43761,40.39037]]]}},{"type":"Feature","properties":{"name":"Keomah Village","county":"Mahaska","type":"city"},"geometry":{"type":"Polygon","coordinates":[[[-92.5382,41.28662],[-92.53775,41.28897],[-92.53604,41.28865],[-92.53748,41.29055],[-92.53699,41.29219],[-92.53588,41.29292],[-92.53598,41.28209],[-92.53776,41.28209],[-92.5382,41.28662]]]}},{"type":"Feature","properties":{"name":"Keosauqua","county":"Van Buren","type":"city"},"geometry":{"type":"Polygon","coordinates":[[[-91.97242,40.74384],[-91.9484,40.74376],[-91.94843,40.72554],[-91.97225,40.72555],[-91.97242,40.74384]]]}},{"type":"Feature","properties":{"name":"Keota","county":"Keokuk","type":"city"},"geometry":{"type":"Polygon","coordinates":[[[-91.96602,41.37029],[-91.9467,41.37021],[-91.94671,41.36659],[-91.93689,41.36661],[-91.93683,41.36321],[-91.94424,41.36324],[-91.94421,41.36398],[-91.94669,41.36426],[-91.94675,41.35932],[-91.95156,41.35933],[-91.95161,41.35568],[-91.95397,41.35571],[-91.9539,41.35934],[-91.95642,41.35934],[-91.9564,41.36298],[-91.96608,41.363],[-91.96602,41.37029]]]}},{"type":"Feature","properties":{"name":"Keswick","county":"Keokuk","type":"city"},"geometry":{"type":"Polygon","coordinates":[[[-92.24426,41.45994],[-92.23456,41.45996],[-92.23454,41.45742],[-92.23334,41.45634],[-92.22971,41.45633],[-92.22963,41.45301],[-92.23454,41.45271],[-92.23452,41.44911],[-92.24422,41.44909],[-92.24426,41.45994]]]}},{"type":"Feature","properties":{"name":"Keystone","county":"Benton","type":"city"},"geometry":{"type":"Polygon","coordinates":[[[-92.20457,42.00097],[-92.20415,42.00436],[-92.19225,42.00415],[-92.19175,41.99797],[-92.1903,41.99714],[-92.19025,41.99428],[-92.19216,41.99489],[-92.20453,41.99527],[-92.20455,41.99743],[-92.20721,41.99968],[-92.20457,42.00097]]]}},{"type":"Feature","properties":{"name":"Kimballton","county":"Audubon","type":"city"},"geometry":{"type":"Polygon","coordinates":[[[-95.08255,41.63477],[-95.06799,41.6348],[-95.06759,41.62025],[-95.07246,41.62025],[-95.07237,41.61664],[-95.0772,41.61659],[-95.07745,41.62381],[-95.0823,41.62377],[-95.08255,41.63477]]]}},{"type":"Feature","properties":{"name":"Kingsley","county":"Plymouth","type":"city"},"geometry":{"type":"Polygon","coordinates":[[[-95.98227,42.58657],[-95.97789,42.58671],[-95.97787,42.59748],[-95.96714,42.59734],[-95.96408,42.59784],[-95.95725,42.59718],[-95.95761,42.57546],[-95.9663,42.57515],[-95.96742,42.57557],[-95.97606,42.57564],[-95.97599,42.57428],[-95.97804,42.5743],[-95.9779,42.58519],[-95.98221,42.58507],[-95.98227,42.58657]]]}},{"type":"Feature","properties":{"name":"Kingston","county":"Des Moines","type":"community"},"geometry":{"type":"Polygon","coordinates":[[[-91.06913,40.98604],[-91.04056,40.98595],[-91.03947,40.9848],[-91.03613,40.98351],[-91.02733,40.98341],[-91.02604,40.98282],[-91.02607,40.97154],[-91.03856,40.97165],[-91.04181,40.97067],[-91.04181,40.9702],[-91.04426,40.9695],[-91.04682,40.9709],[-91.05044,40.9748],[-91.05286,40.97601],[-91.05649,40.9768],[-91.06394,40.97752],[-91.06704,40.97851],[-91.06918,40.97862],[-91.06913,40.98604]]]}},{"type":"Feature","properties":{"name":"Kinross","county":"Keokuk","type":"city"},"geometry":{"type":"Polygon","coordinates":[[[-91.98965,41.4645],[-91.98482,41.46454],[-91.98495,41.45361],[-91.98978,41.45359],[-91.98965,41.4645]]]}},{"type":"Feature","properties":{"name":"Kirkman","county":"Shelby","type":"city"},"geometry":{"type":"Polygon","coordinates":[[[-95.27197,41.73229],[-95.26217,41.73225],[-95.26218,41.72487],[-95.27193,41.72491],[-95.27197,41.73229]]]}},{"type":"Feature","properties":{"name":"Kirkville","county":"Wapello","type":"city"},"geometry":{"type":"Polygon","coordinates":[[[-92.51079,41.14769],[-92.49635,41.14775],[-92.49638,41.13684],[-92.51073,41.13681],[-92.51079,41.14769]]]}},{"type":"Feature","properties":{"name":"Kiron","county":"Crawford","type":"city"},"geometry":{"type":"Polygon","coordinates":[[[-95.33045,42.20029],[-95.32828,42.2003],[-95.3283,42.19776],[-95.32546,42.19776],[-95.32546,42.19668],[-95.32337,42.19669],[-95.32359,42.18942],[-95.3296,42.1894],[-95.3296,42.19452],[-95.33045,42.20029]]]}},{"type":"Feature","properties":{"name":"Klemme","county":"Hancock","type":"city"},"geometry":{"type":"Polygon","coordinates":[[[-93.60627,43.01686],[-93.59633,43.01687],[-93.5965,43.00239],[-93.60633,43.00243],[-93.60627,43.01686]]]}},{"type":"Feature","properties":{"name":"Knierim","county":"Calhoun","type":"city"},"geometry":{"type":"Polygon","coordinates":[[[-94.4655,42.46363],[-94.44616,42.46357],[-94.44614,42.44904],[-94.46562,42.44914],[-94.4655,42.46363]]]}},{"type":"Feature","properties":{"name":"Knoxville","county":"Marion","type":"city"},"geometry":{"type":"Polygon","coordinates":[[[-93.13107,41.32793],[-93.12431,41.32794],[-93.12386,41.32436],[-93.11916,41.32434],[-93.11916,41.32798],[-93.12297,41.33031],[-93.12391,41.3313],[-93.12396,41.33843],[-93.11435,41.33844],[-93.11432,41.33664],[-93.11045,41.33663],[-93.10956,41.33845],[-93.10468,41.33847],[-93.10468,41.33482],[-93.09971,41.33481],[-93.09985,41.32798],[-93.08177,41.32822],[-93.08188,41.32092],[-93.06253,41.32081],[-93.06254,41.31997],[-93.06037,41.31996],[-93.06036,41.32089],[-93.05761,41.32088],[-93.05766,41.31725],[-93.05462,41.31729],[-93.06159,41.31558],[-93.0625,41.31618],[-93.0625,41.3159],[-93.06525,41.31616],[-93.06529,41.3147],[-93.06641,41.3145],[-93.0698,41.31464],[-93.07559,41.31591],[-93.07938,41.31776],[-93.07975,41.31737],[-93.08172,41.31671],[-93.08165,41.31362],[-93.08729,41.31358],[-93.08649,41.31323],[-93.08633,41.31188],[-93.08705,41.31097],[-93.08904,41.31096],[-93.08903,41.31005],[-93.08442,41.31003],[-93.08217,41.30896],[-93.08899,41.30817],[-93.09347,41.3082],[-93.09404,41.30943],[-93.09504,41.30988],[-93.10468,41.30985],[-93.10467,41.30621],[-93.0999,41.30621],[-93.09994,41.29884],[-93.10953,41.299],[-93.10981,41.29182],[-93.11104,41.29178],[-93.11302,41.29534],[-93.11412,41.29534],[-93.11414,41.29773],[-93.11491,41.29895],[-93.1189,41.29895],[-93.11919,41.32078],[-93.12862,41.32081],[-93.12863,41.32453],[-93.13103,41.3247],[-93.13107,41.32793]]]}},{"type":"Feature","properties":{"name":"La Motte","county":"Jackson","type":"city"},"geometry":{"type":"Polygon","coordinates":[[[-90.63216,42.30037],[-90.62806,42.30195],[-90.62428,42.29854],[-90.62325,42.2983],[-90.61485,42.2983],[-90.61496,42.29464],[-90.61425,42.29121],[-90.61493,42.2904],[-90.61598,42.29086],[-90.61655,42.29023],[-90.61839,42.29107],[-90.62751,42.29117],[-90.62744,42.29414],[-90.62841,42.29461],[-90.63205,42.29474],[-90.63216,42.30037]]]}},{"type":"Feature","properties":{"name":"La Porte City","county":"Black Hawk","type":"city"},"geometry":{"type":"Polygon","coordinates":[[[-92.20669,42.3265],[-92.17644,42.32627],[-92.17664,42.30098],[-92.20582,42.30106],[-92.20588,42.32583],[-92.20669,42.3265]]]}},{"type":"Feature","properties":{"name":"Lacona","county":"Warren","type":"city"},"geometry":{"type":"Polygon","coordinates":[[[-93.39009,41.19493],[-93.38059,41.19498],[-93.38057,41.19046],[-93.37981,41.18953],[-93.38052,41.18602],[-93.38046,41.1835],[-93.3851,41.18593],[-93.39005,41.18592],[-93.39009,41.19493]]]}},{"type":"Feature","properties":{"name":"Ladora","county":"Iowa","type":"city"},"geometry":{"type":"Polygon","coordinates":[[[-92.192,41.75909],[-92.1794,41.75905],[-92.17944,41.75354],[-92.18215,41.75359],[-92.1822,41.75212],[-92.19195,41.75222],[-92.192,41.75909]]]}},{"type":"Feature","properties":{"name":"Lake City","county":"Calhoun","type":"city"},"geometry":{"type":"Polygon","coordinates":[[[-94.75969,42.27847],[-94.74512,42.27813],[-94.74509,42.28038],[-94.74192,42.28038],[-94.74192,42.28175],[-94.70701,42.28187],[-94.70706,42.25286],[-94.74478,42.25284],[-94.74506,42.26008],[-94.75963,42.26033],[-94.75969,42.27847]]]}},{"type":"Feature","properties":{"name":"Lake Mills","county":"Winnebago","type":"city"},"geometry":{"type":"Polygon","coordinates":[[[-93.55226,43.42645],[-93.54748,43.42648],[-93.54749,43.43031],[-93.51756,43.43018],[-93.51761,43.40102],[-93.53775,43.40116],[-93.53769,43.40418],[-93.53875,43.40662],[-93.5426,43.40657],[-93.54246,43.41567],[-93.54566,43.41563],[-93.5466,43.41891],[-93.54591,43.41925],[-93.54749,43.41923],[-93.54747,43.42286],[-93.55242,43.42263],[-93.55226,43.42645]]]}},{"type":"Feature","properties":{"name":"Lake Panorama","county":"Guthrie","type":"community"},"geometry":{"type":"Polygon","coordinates":[[[-94.44395,41.74152],[-94.44118,41.74177],[-94.43592,41.74323],[-94.4326,41.74224],[-94.43011,41.74063],[-94.43027,41.74543],[-94.39997,41.74552],[-94.39462,41.74516],[-94.39499,41.74153],[-94.39395,41.73954],[-94.39444,41.73573],[-94.39513,41.73346],[-94.39653,41.73066],[-94.39654,41.72785],[-94.3959,41.72744],[-94.38668,41.72756],[-94.38663,41.71675],[-94.36491,41.71714],[-94.36346,41.71631],[-94.36274,41.71511],[-94.36261,41.70129],[-94.37464,41.70092],[-94.37464,41.69892],[-94.37703,41.69891],[-94.37696,41.69134],[-94.37578,41.69138],[-94.38297,41.68907],[-94.3879,41.68789],[-94.38975,41.68809],[-94.38816,41.68921],[-94.39076,41.69395],[-94.39042,41.69478],[-94.39662,41.69479],[-94.39665,41.6996],[-94.40261,41.6996],[-94.40726,41.70021],[-94.4073,41.70216],[-94.4158,41.70215],[-94.41582,41.71011],[-94.41755,41.7124],[-94.42071,41.71393],[-94.42159,41.71645],[-94.4298,41.71638],[-94.42979,41.72816],[-94.43353,41.72767],[-94.4368,41.72916],[-94.43766,41.72996],[-94.43969,41.72967],[-94.44199,41.73481],[-94.44188,41.73766],[-94.44336,41.73762],[-94.44363,41.73988],[-94.44461,41.73992],[-94.44395,41.74152]]]}},{"type":"Feature","properties":{"name":"Lake Park","county":"Dickinson","type":"city"},"geometry":{"type":"Polygon","coordinates":[[[-95.36494,43.43877],[-95.36299,43.4391],[-95.36009,43.43744],[-95.35184,43.44049],[-95.34995,43.4422],[-95.34853,43.44061],[-95.34481,43.44098],[-95.34368,43.43761],[-95.34413,43.4361],[-95.34266,43.43402],[-95.34041,43.43314],[-95.33922,43.4319],[-95.33772,43.43214],[-95.33793,43.43377],[-95.33212,43.4351],[-95.32886,43.43648],[-95.32722,43.43773],[-95.32629,43.43945],[-95.32785,43.44426],[-95.32716,43.44994],[-95.32842,43.45157],[-95.33286,43.45355],[-95.33283,43.45633],[-95.33384,43.45601],[-95.33387,43.4594],[-95.30885,43.45941],[-95.30906,43.44494],[-95.32385,43.44493],[-95.32377,43.43049],[-95.34085,43.43049],[-95.34119,43.43313],[-95.34797,43.43315],[-95.34799,43.43799],[-95.35191,43.43964],[-95.35356,43.43828],[-95.35365,43.43648],[-95.35571,43.43643],[-95.35576,43.43765],[-95.35945,43.43603],[-95.36468,43.43727],[-95.36494,43.43877]]]}},{"type":"Feature","properties":{"name":"Lake View","county":"Sac","type":"city"},"geometry":{"type":"MultiPolygon","coordinates":[[[[-95.01803,42.3147],[-95.01493,42.31469],[-95.01491,42.31315],[-95.01311,42.31316],[-95.01309,42.31103],[-95.01482,42.31103],[-95.01484,42.31205],[-95.01801,42.31222],[-95.01803,42.3147]]],[[[-95.06215,42.31493],[-95.03279,42.31478],[-95.03278,42.30387],[-95.02103,42.30385],[-95.01926,42.30513],[-95.01673,42.30545],[-95.01677,42.30771],[-95.013,42.30772],[-95.01308,42.31087],[-95.00832,42.31083],[-95.00827,42.30743],[-95.01149,42.30756],[-95.01291,42.3069],[-95.01315,42.30505],[-95.01448,42.30442],[-95.01871,42.30413],[-95.0264,42.2996],[-95.02854,42.29871],[-95.02995,42.30118],[-95.03264,42.30165],[-95.03268,42.2968],[-95.03434,42.29681],[-95.03323,42.29478],[-95.03085,42.2932],[-95.02829,42.29329],[-95.02392,42.29487],[-95.01983,42.29352],[-95.01649,42.29306],[-95.01316,42.29158],[-95.00883,42.29352],[-95.00773,42.29669],[-95.00621,42.29947],[-95.00601,42.29859],[-95.00661,42.29667],[-95.00599,42.29667],[-95.00752,42.29345],[-95.00372,42.29347],[-95.00374,42.28984],[-95.01334,42.2898],[-95.01332,42.29106],[-95.01625,42.29178],[-95.02303,42.29165],[-95.02305,42.29325],[-95.03274,42.29239],[-95.03297,42.29396],[-95.03446,42.29549],[-95.0349,42.29672],[-95.06192,42.29683],[-95.06215,42.31493]]]]}},{"type":"Feature","properties":{"name":"Lakeside","county":"Buena Vista","type":"city"},"geometry":{"type":"Polygon","coordinates":[[[-95.1908,42.61032],[-95.19046,42.61202],[-95.18596,42.61441],[-95.18146,42.61409],[-95.17877,42.61596],[-95.17569,42.62039],[-95.1754,42.6243],[-95.17251,42.62431],[-95.17121,42.62223],[-95.17132,42.61552],[-95.17763,42.61554],[-95.18102,42.61286],[-95.18498,42.61323],[-95.1875,42.61234],[-95.1872,42.61032],[-95.1908,42.61032]]]}},{"type":"Feature","properties":{"name":"Lakota","county":"Kossuth","type":"city"},"geometry":{"type":"Polygon","coordinates":[[[-94.10863,43.38165],[-94.10367,43.38006],[-94.10368,43.38565],[-94.08884,43.38561],[-94.08878,43.37115],[-94.09382,43.37116],[-94.09383,43.37208],[-94.09913,43.3725],[-94.10066,43.37118],[-94.10372,43.37119],[-94.10369,43.3795],[-94.10863,43.38165]]]}},{"type":"Feature","properties":{"name":"Lambs Grove","county":"Jasper","type":"city"},"geometry":{"type":"Polygon","coordinates":[[[-93.08452,41.70133],[-93.08144,41.70098],[-93.0814,41.70273],[-93.07537,41.70272],[-93.07491,41.70009],[-93.07509,41.69916],[-93.08445,41.69916],[-93.08452,41.70133]]]}},{"type":"Feature","properties":{"name":"Lamoni","county":"Decatur","type":"city"},"geometry":{"type":"Polygon","coordinates":[[[-93.95793,40.6092],[-93.95791,40.63098],[-93.91997,40.63091],[-93.91998,40.62365],[-93.90037,40.6236],[-93.90088,40.62723],[-93.90107,40.62443],[-93.90329,40.62443],[-93.90281,40.62729],[-93.9029,40.63816],[-93.90106,40.63816],[-93.90105,40.63086],[-93.89925,40.63086],[-93.89924,40.62865],[-93.89771,40.62866],[-93.89742,40.6255],[-93.89594,40.62503],[-93.89197,40.62494],[-93.89351,40.62303],[-93.89459,40.62037],[-93.89602,40.62037],[-93.89603,40.61814],[-93.89733,40.61679],[-93.90726,40.61626],[-93.90723,40.61182],[-93.91659,40.61208],[-93.91662,40.60912],[-93.91791,40.60912],[-93.9179,40.61163],[-93.91993,40.61162],[-93.91991,40.60912],[-93.95793,40.6092]]]}},{"type":"Feature","properties":{"name":"Lamont","county":"Buchanan","type":"city"},"geometry":{"type":"Polygon","coordinates":[[[-91.64752,42.60475],[-91.64358,42.60474],[-91.64026,42.60383],[-91.63276,42.6039],[-91.63309,42.59295],[-91.64779,42.59287],[-91.64752,42.60475]]]}},{"type":"Feature","properties":{"name":"Lanesboro","county":"Carroll","type":"city"},"geometry":{"type":"Polygon","coordinates":[[[-94.70204,42.18824],[-94.68251,42.1882],[-94.68247,42.17732],[-94.70203,42.17735],[-94.70204,42.18824]]]}},{"type":"Feature","properties":{"name":"Lansing","county":"Allamakee","type":"city"},"geometry":{"type":"Polygon","coordinates":[[[-91.25537,43.36135],[-91.25134,43.3606],[-91.2513,43.35875],[-91.24854,43.36085],[-91.23875,43.36101],[-91.23933,43.36294],[-91.23737,43.36214],[-91.22834,43.36217],[-91.22818,43.36605],[-91.21952,43.36653],[-91.22307,43.37011],[-91.22665,43.37302],[-91.22436,43.37503],[-91.22039,43.37222],[-91.21491,43.36727],[-91.21477,43.36587],[-91.20715,43.3534],[-91.21293,43.34854],[-91.21411,43.34671],[-91.21521,43.34851],[-91.21048,43.35202],[-91.21306,43.35368],[-91.21304,43.35552],[-91.23821,43.35567],[-91.23822,43.35959],[-91.2422,43.35959],[-91.24218,43.35805],[-91.24914,43.35801],[-91.25321,43.35732],[-91.25284,43.35882],[-91.25601,43.35885],[-91.25537,43.36135]]]}},{"type":"Feature","properties":{"name":"Larchwood","county":"Lyon","type":"city"},"geometry":{"type":"Polygon","coordinates":[[[-96.44687,43.46207],[-96.4299,43.46197],[-96.42982,43.45802],[-96.42238,43.45807],[-96.42231,43.45476],[-96.42427,43.45474],[-96.42421,43.45073],[-96.42578,43.4507],[-96.42577,43.44908],[-96.42959,43.4505],[-96.4295,43.44743],[-96.44687,43.44758],[-96.44687,43.46207]]]}},{"type":"Feature","properties":{"name":"Larrabee","county":"Cherokee","type":"city"},"geometry":{"type":"Polygon","coordinates":[[[-95.54726,42.86564],[-95.54353,42.86558],[-95.54157,42.8583],[-95.54441,42.85833],[-95.54559,42.85732],[-95.54719,42.85838],[-95.54726,42.86564]]]}},{"type":"Feature","properties":{"name":"Latimer","county":"Franklin","type":"city"},"geometry":{"type":"Polygon","coordinates":[[[-93.38007,42.75272],[-93.37995,42.77448],[-93.35023,42.77452],[-93.35026,42.75279],[-93.37004,42.75283],[-93.37001,42.74558],[-93.37495,42.74554],[-93.37495,42.75277],[-93.38007,42.75272]]]}},{"type":"Feature","properties":{"name":"Laurel","county":"Marshall","type":"city"},"geometry":{"type":"Polygon","coordinates":[[[-92.9271,41.88764],[-92.91736,41.88755],[-92.91752,41.8804],[-92.92717,41.8804],[-92.9271,41.88764]]]}},{"type":"Feature","properties":{"name":"Laurens","county":"Pocahontas","type":"city"},"geometry":{"type":"Polygon","coordinates":[[[-94.85624,42.84879],[-94.85623,42.85278],[-94.85758,42.85323],[-94.85622,42.85378],[-94.85176,42.85382],[-94.85172,42.85488],[-94.84837,42.85482],[-94.84842,42.85353],[-94.8463,42.85349],[-94.84628,42.85459],[-94.84134,42.85211],[-94.84135,42.84979],[-94.83912,42.84977],[-94.83812,42.84669],[-94.83863,42.84207],[-94.8418,42.83832],[-94.84161,42.84056],[-94.84605,42.84061],[-94.84476,42.84136],[-94.84477,42.84263],[-94.84827,42.84269],[-94.84831,42.84087],[-94.85145,42.84273],[-94.85612,42.84275],[-94.85617,42.84531],[-94.8615,42.84909],[-94.85624,42.84879]]]}},{"type":"Feature","properties":{"name":"Lawler","county":"Chickasaw","type":"city"},"geometry":{"type":"Polygon","coordinates":[[[-92.16567,43.07776],[-92.1411,43.07767],[-92.14085,43.06679],[-92.14851,43.06683],[-92.14848,43.065],[-92.1507,43.06632],[-92.15569,43.06527],[-92.15569,43.06682],[-92.16557,43.0668],[-92.16567,43.07776]]]}},{"type":"Feature","properties":{"name":"Lawton","county":"Woodbury","type":"city"},"geometry":{"type":"Polygon","coordinates":[[[-96.19389,42.4699],[-96.19367,42.48241],[-96.17405,42.48243],[-96.174,42.47521],[-96.17889,42.47516],[-96.1813,42.4746],[-96.18134,42.47243],[-96.18385,42.47243],[-96.18384,42.46979],[-96.19389,42.4699]]]}},{"type":"Feature","properties":{"name":"Le Claire","county":"Scott","type":"city"},"geometry":{"type":"Polygon","coordinates":[[[-90.40585,41.59032],[-90.4011,41.59033],[-90.40112,41.5969],[-90.39627,41.59695],[-90.39136,41.59618],[-90.39137,41.59761],[-90.39321,41.59762],[-90.39393,41.59882],[-90.39311,41.60489],[-90.39024,41.60491],[-90.39029,41.59762],[-90.37777,41.5976],[-90.37862,41.60462],[-90.37838,41.60493],[-90.37449,41.6049],[-90.3744,41.61221],[-90.36759,41.61211],[-90.3575,41.61294],[-90.35383,41.61215],[-90.34577,41.61389],[-90.34498,41.61169],[-90.34068,41.6114],[-90.33953,41.59863],[-90.34107,41.59246],[-90.34556,41.59242],[-90.34847,41.58975],[-90.36007,41.58474],[-90.37083,41.58183],[-90.37551,41.58147],[-90.38043,41.58063],[-90.38053,41.58133],[-90.38593,41.58093],[-90.39323,41.58213],[-90.39305,41.5848],[-90.39238,41.58672],[-90.39818,41.58728],[-90.39821,41.58488],[-90.39623,41.58487],[-90.39679,41.5836],[-90.39816,41.58305],[-90.40395,41.58308],[-90.404,41.5893],[-90.40584,41.5893],[-90.40585,41.59032]]]}},{"type":"Feature","properties":{"name":"Le Grand","county":"Marshall","type":"city"},"geometry":{"type":"Polygon","coordinates":[[[-92.78658,42.00721],[-92.78514,42.00721],[-92.78521,42.01384],[-92.76612,42.01403],[-92.76607,42.0095],[-92.76066,42.00949],[-92.76066,42.0065],[-92.76604,42.00665],[-92.76611,41.99955],[-92.76979,41.99954],[-92.76977,41.99866],[-92.77297,41.99953],[-92.7853,41.99949],[-92.78511,42.00666],[-92.78658,42.00667],[-92.78658,42.00721]]]}},{"type":"Feature","properties":{"name":"Le Mars","county":"Plymouth","type":"city"},"geometry":{"type":"Polygon","coordinates":[[[-96.22831,42.76427],[-96.2135,42.7641],[-96.21352,42.77126],[-96.20901,42.77128],[-96.20901,42.7683],[-96.20696,42.76418],[-96.20149,42.76441],[-96.19863,42.7659],[-96.19666,42.7681],[-96.19675,42.76997],[-96.19853,42.76991],[-96.1997,42.77144],[-96.19948,42.78229],[-96.1947,42.78234],[-96.19454,42.78598],[-96.18969,42.78599],[-96.18954,42.79323],[-96.19077,42.7943],[-96.19062,42.80046],[-96.18919,42.80046],[-96.18915,42.80233],[-96.15962,42.80235],[-96.15528,42.80758],[-96.15505,42.80911],[-96.15278,42.80916],[-96.15269,42.81106],[-96.15492,42.81104],[-96.15486,42.81212],[-96.15254,42.8125],[-96.14497,42.81242],[-96.14357,42.81184],[-96.14246,42.80962],[-96.14106,42.80969],[-96.14056,42.81117],[-96.13774,42.8112],[-96.1363,42.8098],[-96.13495,42.80989],[-96.13499,42.80469],[-96.14046,42.80521],[-96.14513,42.80255],[-96.14518,42.79685],[-96.14271,42.79685],[-96.14305,42.77882],[-96.14158,42.7788],[-96.1417,42.77569],[-96.14307,42.7757],[-96.14309,42.77145],[-96.14562,42.77145],[-96.14561,42.7661],[-96.15055,42.76611],[-96.15056,42.76419],[-96.1555,42.7642],[-96.15551,42.76207],[-96.16049,42.76209],[-96.16049,42.76422],[-96.16553,42.76423],[-96.16546,42.77139],[-96.17046,42.7714],[-96.17047,42.76785],[-96.17549,42.76786],[-96.17549,42.76968],[-96.1787,42.76967],[-96.17872,42.76667],[-96.17549,42.7666],[-96.17544,42.7606],[-96.19513,42.76038],[-96.19992,42.76058],[-96.20011,42.75333],[-96.19528,42.75334],[-96.19533,42.75153],[-96.19777,42.75152],[-96.19781,42.74973],[-96.21108,42.74967],[-96.21339,42.7499],[-96.21349,42.75688],[-96.21841,42.75694],[-96.21843,42.76057],[-96.22829,42.76065],[-96.22831,42.76427]],[[-96.21349,42.75688],[-96.20986,42.75691],[-96.20996,42.76052],[-96.21066,42.76222],[-96.21187,42.76362],[-96.2135,42.76363],[-96.21349,42.75688]]]}},{"type":"Feature","properties":{"name":"Le Roy","county":"Decatur","type":"city"},"geometry":{"type":"Polygon","coordinates":[[[-93.59981,40.8816],[-93.58542,40.88152],[-93.58549,40.87414],[-93.59987,40.87433],[-93.59981,40.8816]]]}},{"type":"Feature","properties":{"name":"Leando","county":"Van Buren","type":"community"},"geometry":{"type":"Polygon","coordinates":[[[-92.10003,40.83951],[-92.09895,40.84048],[-92.08381,40.83409],[-92.07828,40.83272],[-92.06725,40.82764],[-92.0643,40.82556],[-92.06424,40.81294],[-92.09931,40.81325],[-92.09869,40.81372],[-92.09872,40.81723],[-92.0969,40.8195],[-92.09284,40.81975],[-92.09292,40.82372],[-92.09453,40.82758],[-92.09314,40.82795],[-92.09184,40.82968],[-92.09328,40.83137],[-92.10018,40.83132],[-92.10003,40.83951]]]}},{"type":"Feature","properties":{"name":"Ledyard","county":"Kossuth","type":"city"},"geometry":{"type":"Polygon","coordinates":[[[-94.16814,43.42172],[-94.16318,43.42357],[-94.16316,43.42546],[-94.1582,43.42545],[-94.1582,43.42422],[-94.15325,43.42423],[-94.15327,43.41819],[-94.14829,43.4182],[-94.14829,43.41458],[-94.15823,43.41463],[-94.15825,43.41819],[-94.16067,43.41819],[-94.16067,43.4146],[-94.16824,43.41455],[-94.16814,43.42172]]]}},{"type":"Feature","properties":{"name":"Lehigh","county":"Webster","type":"city"},"geometry":{"type":"Polygon","coordinates":[[[-94.06767,42.3467],[-94.06771,42.36836],[-94.03952,42.36835],[-94.03896,42.35403],[-94.03902,42.34685],[-94.06767,42.3467]]]}},{"type":"Feature","properties":{"name":"Leighton","county":"Mahaska","type":"city"},"geometry":{"type":"Polygon","coordinates":[[[-92.78947,41.34081],[-92.7847,41.34083],[-92.78472,41.34264],[-92.78253,41.34264],[-92.78406,41.34224],[-92.7841,41.33924],[-92.78472,41.33548],[-92.78945,41.33745],[-92.78947,41.34081]]]}},{"type":"Feature","properties":{"name":"Leland","county":"Winnebago","type":"city"},"geometry":{"type":"Polygon","coordinates":[[[-93.64674,43.32808],[-93.64129,43.32824],[-93.63928,43.33353],[-93.63891,43.33531],[-93.64151,43.3353],[-93.64153,43.33717],[-93.64677,43.33708],[-93.64665,43.34236],[-93.624,43.3424],[-93.62397,43.33717],[-93.62518,43.33416],[-93.62685,43.33169],[-93.62703,43.32084],[-93.64678,43.32086],[-93.64674,43.32808]]]}},{"type":"Feature","properties":{"name":"Lenox","county":"Taylor","type":"city"},"geometry":{"type":"Polygon","coordinates":[[[-94.57507,40.88891],[-94.56518,40.88918],[-94.56524,40.88631],[-94.56042,40.8863],[-94.56058,40.89266],[-94.55598,40.89258],[-94.55623,40.89541],[-94.55762,40.89696],[-94.55626,40.89941],[-94.55627,40.90299],[-94.54673,40.90299],[-94.54651,40.89579],[-94.55029,40.89581],[-94.55034,40.89313],[-94.55155,40.89265],[-94.55116,40.88524],[-94.54628,40.88514],[-94.54646,40.87068],[-94.56279,40.87103],[-94.56293,40.86565],[-94.56547,40.86564],[-94.5653,40.87828],[-94.57495,40.87806],[-94.57507,40.88891]]]}},{"type":"Feature","properties":{"name":"Leon","county":"Decatur","type":"city"},"geometry":{"type":"Polygon","coordinates":[[[-93.77199,40.72884],[-93.77138,40.75409],[-93.73838,40.75386],[-93.73847,40.74043],[-93.73719,40.73951],[-93.7385,40.73881],[-93.73886,40.72475],[-93.74342,40.72475],[-93.74516,40.72575],[-93.74715,40.72791],[-93.77199,40.72884]]]}},{"type":"Feature","properties":{"name":"Lester","county":"Lyon","type":"city"},"geometry":{"type":"Polygon","coordinates":[[[-96.34964,43.44755],[-96.31337,43.44761],[-96.31323,43.43303],[-96.3495,43.43306],[-96.34964,43.44755]]]}},{"type":"Feature","properties":{"name":"Letts","county":"Louisa","type":"city"},"geometry":{"type":"Polygon","coordinates":[[[-91.24392,41.3354],[-91.22994,41.33517],[-91.22992,41.33125],[-91.22468,41.33118],[-91.22468,41.32756],[-91.22887,41.32765],[-91.22912,41.32594],[-91.23421,41.32599],[-91.23424,41.32048],[-91.23499,41.32049],[-91.2358,41.324],[-91.23904,41.32409],[-91.23905,41.32761],[-91.24389,41.32751],[-91.24392,41.3354]]]}},{"type":"Feature","properties":{"name":"Lewis","county":"Cass","type":"city"},"geometry":{"type":"Polygon","coordinates":[[[-95.09388,41.31008],[-95.07464,41.31001],[-95.07458,41.30273],[-95.09387,41.30277],[-95.09388,41.31008]]]}},{"type":"Feature","properties":{"name":"Libertyville","county":"Jefferson","type":"city"},"geometry":{"type":"Polygon","coordinates":[[[-92.0593,40.96186],[-92.04003,40.96188],[-92.03996,40.9546],[-92.05915,40.95458],[-92.0593,40.96186]]]}},{"type":"Feature","properties":{"name":"Lidderdale","county":"Carroll","type":"city"},"geometry":{"type":"Polygon","coordinates":[[[-94.79843,42.1109],[-94.79819,42.1341],[-94.76914,42.13405],[-94.76901,42.11075],[-94.79843,42.1109]]]}},{"type":"Feature","properties":{"name":"Lime Springs","county":"Howard","type":"city"},"geometry":{"type":"Polygon","coordinates":[[[-92.29856,43.45079],[-92.28843,43.45069],[-92.28837,43.45812],[-92.27336,43.45801],[-92.27341,43.44356],[-92.29857,43.44351],[-92.29856,43.45079]]]}},{"type":"Feature","properties":{"name":"Lincoln","county":"Tama","type":"city"},"geometry":{"type":"Polygon","coordinates":[[[-92.69964,42.2682],[-92.68506,42.26799],[-92.68501,42.25725],[-92.69959,42.25733],[-92.69964,42.2682]]]}},{"type":"Feature","properties":{"name":"Linden","county":"Dallas","type":"city"},"geometry":{"type":"Polygon","coordinates":[[[-94.27992,41.63735],[-94.2799,41.64966],[-94.27715,41.64818],[-94.25999,41.64802],[-94.25995,41.63715],[-94.27992,41.63735]]]}},{"type":"Feature","properties":{"name":"Lineville","county":"Wayne","type":"city"},"geometry":{"type":"Polygon","coordinates":[[[-93.53272,40.59166],[-93.52795,40.59167],[-93.52791,40.59521],[-93.51833,40.59513],[-93.51835,40.59157],[-93.51361,40.59161],[-93.51363,40.58041],[-93.53273,40.58038],[-93.53272,40.59166]]]}},{"type":"Feature","properties":{"name":"Linn Grove","county":"Buena Vista","type":"city"},"geometry":{"type":"Polygon","coordinates":[[[-95.24969,42.89307],[-95.2472,42.8943],[-95.24839,42.89898],[-95.23476,42.89921],[-95.23463,42.89093],[-95.23813,42.89084],[-95.23825,42.88629],[-95.24979,42.88609],[-95.24969,42.89307]]]}},{"type":"Feature","properties":{"name":"Lisbon","county":"Linn","type":"city"},"geometry":{"type":"Polygon","coordinates":[[[-91.40507,41.91054],[-91.40489,41.93234],[-91.38059,41.93254],[-91.38059,41.92528],[-91.38019,41.92374],[-91.37784,41.92292],[-91.37823,41.92106],[-91.37573,41.9214],[-91.37548,41.9181],[-91.38065,41.918],[-91.38063,41.91507],[-91.3779,41.9151],[-91.37791,41.91261],[-91.38063,41.91354],[-91.38062,41.91052],[-91.38243,41.91052],[-91.38302,41.90888],[-91.38065,41.90891],[-91.38066,41.90481],[-91.38582,41.90474],[-91.38587,41.90338],[-91.38766,41.90439],[-91.38817,41.90882],[-91.38675,41.91067],[-91.40507,41.91054]],[[-91.38789,41.9076],[-91.38617,41.9076],[-91.38616,41.90879],[-91.38809,41.90876],[-91.38789,41.9076]]]}},{"type":"Feature","properties":{"name":"Liscomb","county":"Marshall","type":"city"},"geometry":{"type":"Polygon","coordinates":[[[-93.01622,42.19846],[-92.9966,42.19855],[-92.99633,42.18408],[-93.01611,42.18398],[-93.01622,42.19846]]]}},{"type":"Feature","properties":{"name":"Little Cedar","county":"Mitchell","type":"community"},"geometry":{"type":"Polygon","coordinates":[[[-92.7328,43.38561],[-92.72689,43.38563],[-92.72372,43.3861],[-92.71977,43.3858],[-92.72077,43.38356],[-92.71956,43.38262],[-92.72039,43.37964],[-92.71757,43.37949],[-92.71566,43.3786],[-92.71786,43.37708],[-92.71844,43.37468],[-92.73268,43.37473],[-92.7328,43.38561]]]}},{"type":"Feature","properties":{"name":"Little Rock","county":"Lyon","type":"city"},"geometry":{"type":"Polygon","coordinates":[[[-95.89034,43.45448],[-95.87042,43.45437],[-95.87052,43.43987],[-95.88047,43.43985],[-95.88048,43.4389],[-95.88324,43.43983],[-95.89042,43.43987],[-95.89034,43.45448]]]}},{"type":"Feature","properties":{"name":"Little Sioux","county":"Harrison","type":"city"},"geometry":{"type":"Polygon","coordinates":[[[-96.04068,41.80584],[-96.04056,41.81094],[-96.03441,41.80834],[-96.0292,41.80861],[-96.02604,41.81036],[-96.02295,41.81305],[-96.01987,41.81304],[-96.01989,41.80959],[-96.01617,41.80944],[-96.01618,41.8057],[-96.04068,41.80584]]]}},{"type":"Feature","properties":{"name":"Livermore","county":"Humboldt","type":"city"},"geometry":{"type":"Polygon","coordinates":[[[-94.19433,42.86924],[-94.19319,42.87127],[-94.18921,42.87126],[-94.1892,42.87372],[-94.17844,42.87379],[-94.17852,42.87028],[-94.17365,42.87032],[-94.1737,42.86304],[-94.19326,42.86298],[-94.19337,42.86809],[-94.19433,42.86924]]]}},{"type":"Feature","properties":{"name":"Lockridge","county":"Jefferson","type":"city"},"geometry":{"type":"Polygon","coordinates":[[[-91.77564,40.99547],[-91.75647,40.99627],[-91.75647,40.99885],[-91.7421,40.99896],[-91.74206,40.98818],[-91.75657,40.98781],[-91.75648,40.99506],[-91.77564,40.99547]]]}},{"type":"Feature","properties":{"name":"Logan","county":"Harrison","type":"city"},"geometry":{"type":"MultiPolygon","coordinates":[[[[-95.80204,41.64983],[-95.79094,41.64981],[-95.78995,41.65163],[-95.79228,41.6516],[-95.79228,41.65341],[-95.7892,41.65341],[-95.78953,41.65442],[-95.79213,41.65849],[-95.78508,41.65845],[-95.78545,41.65044],[-95.78742,41.64979],[-95.78022,41.64955],[-95.78166,41.64852],[-95.78208,41.64647],[-95.78311,41.64496],[-95.78237,41.64249],[-95.78329,41.64003],[-95.7864,41.6385],[-95.78706,41.63743],[-95.78891,41.63652],[-95.79038,41.63651],[-95.79166,41.63556],[-95.79467,41.63702],[-95.79649,41.63532],[-95.79954,41.63535],[-95.79949,41.64551],[-95.80138,41.6474],[-95.80204,41.64983]]],[[[-95.80632,41.65056],[-95.80198,41.65067],[-95.80204,41.64983],[-95.80634,41.64987],[-95.80632,41.65056]]]]}},{"type":"Feature","properties":{"name":"Lohrville","county":"Calhoun","type":"city"},"geometry":{"type":"Polygon","coordinates":[[[-94.56687,42.27801],[-94.54284,42.278],[-94.53578,42.26928],[-94.53282,42.26928],[-94.53278,42.26364],[-94.5375,42.2636],[-94.53723,42.25637],[-94.56583,42.25639],[-94.56687,42.27801]]]}},{"type":"Feature","properties":{"name":"Lone Rock","county":"Kossuth","type":"city"},"geometry":{"type":"Polygon","coordinates":[[[-94.32948,43.22293],[-94.32529,43.22281],[-94.32458,43.2231],[-94.32458,43.22276],[-94.32104,43.22278],[-94.32111,43.21887],[-94.32945,43.21891],[-94.32948,43.22293]]]}},{"type":"Feature","properties":{"name":"Lone Tree","county":"Johnson","type":"city"},"geometry":{"type":"Polygon","coordinates":[[[-91.43967,41.47871],[-91.43553,41.47886],[-91.43502,41.49624],[-91.43041,41.49618],[-91.43044,41.49253],[-91.42569,41.49247],[-91.42568,41.49509],[-91.42504,41.49399],[-91.42332,41.49399],[-91.42329,41.49247],[-91.41582,41.49237],[-91.41597,41.4815],[-91.42085,41.48153],[-91.42091,41.4769],[-91.42575,41.47693],[-91.42574,41.47792],[-91.43542,41.47801],[-91.44026,41.47671],[-91.43967,41.47871]]]}},{"type":"Feature","properties":{"name":"Long Grove","county":"Scott","type":"city"},"geometry":{"type":"MultiPolygon","coordinates":[[[[-90.56553,41.69229],[-90.56467,41.69498],[-90.5636,41.69499],[-90.56361,41.68769],[-90.56601,41.68769],[-90.56553,41.69229]]],[[[-90.59391,41.69593],[-90.5911,41.69625],[-90.59128,41.69713],[-90.59382,41.69712],[-90.59381,41.69867],[-90.58785,41.69869],[-90.58671,41.69901],[-90.58773,41.70124],[-90.58284,41.70122],[-90.58283,41.7037],[-90.58164,41.70369],[-90.58161,41.70598],[-90.57812,41.70596],[-90.57813,41.69763],[-90.57978,41.69763],[-90.58052,41.69499],[-90.57329,41.69498],[-90.57329,41.69317],[-90.57121,41.69316],[-90.5712,41.69499],[-90.56795,41.69467],[-90.56709,41.6921],[-90.56744,41.68769],[-90.57336,41.6877],[-90.57342,41.68404],[-90.59276,41.684],[-90.59272,41.68852],[-90.58786,41.68854],[-90.58786,41.68953],[-90.58374,41.689],[-90.58376,41.68988],[-90.58786,41.68987],[-90.58788,41.69511],[-90.59391,41.69503],[-90.59391,41.69593]]]]}},{"type":"Feature","properties":{"name":"Lorimor","county":"Union","type":"city"},"geometry":{"type":"Polygon","coordinates":[[[-94.06456,41.12809],[-94.06216,41.12808],[-94.06215,41.13168],[-94.05261,41.13169],[-94.0531,41.12808],[-94.04785,41.12808],[-94.04781,41.12391],[-94.05256,41.12392],[-94.05255,41.12266],[-94.05805,41.12265],[-94.05915,41.12197],[-94.05967,41.12264],[-94.06449,41.12263],[-94.06456,41.12809]]]}},{"type":"Feature","properties":{"name":"Lost Nation","county":"Clinton","type":"city"},"geometry":{"type":"Polygon","coordinates":[[[-90.82547,41.97487],[-90.81085,41.97479],[-90.8108,41.96024],[-90.82542,41.9603],[-90.82547,41.97487]]]}},{"type":"Feature","properties":{"name":"Loveland","county":"Pottawattamie","type":"community"},"geometry":{"type":"Polygon","coordinates":[[[-95.8926,41.49752],[-95.88864,41.49899],[-95.88831,41.4955],[-95.89134,41.49518],[-95.8926,41.49752]]]}},{"type":"Feature","properties":{"name":"Lovilia","county":"Monroe","type":"city"},"geometry":{"type":"Polygon","coordinates":[[[-92.91286,41.14315],[-92.90942,41.14316],[-92.90855,41.14411],[-92.90631,41.14317],[-92.90632,41.13954],[-92.90245,41.13898],[-92.90325,41.13646],[-92.90327,41.12889],[-92.90111,41.12504],[-92.90322,41.12622],[-92.90561,41.12622],[-92.90847,41.12866],[-92.91275,41.12865],[-92.91286,41.14315]]]}},{"type":"Feature","properties":{"name":"Low Moor","county":"Clinton","type":"city"},"geometry":{"type":"Polygon","coordinates":[[[-90.36965,41.80409],[-90.36464,41.80362],[-90.36464,41.80481],[-90.35487,41.80477],[-90.35485,41.80841],[-90.34513,41.80842],[-90.34517,41.80141],[-90.35004,41.80195],[-90.35003,41.79749],[-90.35976,41.7975],[-90.36017,41.80118],[-90.36966,41.80119],[-90.36965,41.80409]]]}},{"type":"Feature","properties":{"name":"Lowden","county":"Cedar","type":"city"},"geometry":{"type":"Polygon","coordinates":[[[-90.93705,41.86629],[-90.91769,41.86613],[-90.91781,41.86091],[-90.91684,41.85979],[-90.91383,41.85977],[-90.91488,41.85895],[-90.90773,41.85889],[-90.9078,41.85166],[-90.92676,41.8519],[-90.92674,41.8542],[-90.92887,41.85471],[-90.92856,41.85519],[-90.92675,41.85455],[-90.92675,41.85489],[-90.92902,41.85549],[-90.93151,41.85551],[-90.93151,41.85638],[-90.93724,41.85969],[-90.93705,41.86629]]]}},{"type":"Feature","properties":{"name":"Lowell","county":"Henry","type":"community"},"geometry":{"type":"Polygon","coordinates":[[[-91.4504,40.836],[-91.44729,40.83982],[-91.44368,40.84195],[-91.44202,40.84543],[-91.42307,40.83042],[-91.4237,40.82965],[-91.42221,40.8269],[-91.42437,40.82822],[-91.42811,40.82923],[-91.43238,40.82959],[-91.43491,40.82934],[-91.43678,40.8284],[-91.43949,40.82603],[-91.44322,40.82662],[-91.44717,40.82964],[-91.4488,40.83225],[-91.4504,40.836]]]}},{"type":"Feature","properties":{"name":"Lu Verne","county":"Kossuth","type":"city"},"geometry":{"type":"Polygon","coordinates":[[[-94.10464,42.90825],[-94.08988,42.9082],[-94.08985,42.92265],[-94.06889,42.92224],[-94.06889,42.91513],[-94.06929,42.90808],[-94.07055,42.89983],[-94.08987,42.89911],[-94.10491,42.89936],[-94.10464,42.90825]]]}},{"type":"Feature","properties":{"name":"Luana","county":"Clayton","type":"city"},"geometry":{"type":"Polygon","coordinates":[[[-91.46899,43.06631],[-91.44459,43.06616],[-91.44465,43.05172],[-91.46397,43.05182],[-91.46412,43.05897],[-91.46903,43.05904],[-91.46899,43.06631]]]}},{"type":"Feature","properties":{"name":"Lucas","county":"Lucas","type":"city"},"geometry":{"type":"Polygon","coordinates":[[[-93.47035,41.03954],[-93.45152,41.03946],[-93.45156,41.02494],[-93.47067,41.02494],[-93.47035,41.03954]]]}},{"type":"Feature","properties":{"name":"Luther","county":"Boone","type":"city"},"geometry":{"type":"Polygon","coordinates":[[[-93.82525,41.97233],[-93.81006,41.97234],[-93.80998,41.96148],[-93.82529,41.96149],[-93.82525,41.97233]]]}},{"type":"Feature","properties":{"name":"Luxemburg","county":"Dubuque","type":"city"},"geometry":{"type":"Polygon","coordinates":[[[-91.08207,42.60374],[-91.07925,42.60373],[-91.07921,42.60623],[-91.07494,42.6071],[-91.07426,42.60986],[-91.0644,42.60992],[-91.06444,42.60433],[-91.06897,42.60428],[-91.06889,42.59898],[-91.07403,42.59833],[-91.07418,42.59531],[-91.07805,42.59532],[-91.07751,42.59696],[-91.07468,42.59692],[-91.0747,42.59895],[-91.07926,42.59896],[-91.07925,42.60259],[-91.08207,42.6026],[-91.08207,42.60374]]]}},{"type":"Feature","properties":{"name":"Luzerne","county":"Benton","type":"city"},"geometry":{"type":"Polygon","coordinates":[[[-92.18589,41.90606],[-92.18222,41.90603],[-92.18225,41.9072],[-92.18093,41.90719],[-92.18094,41.90749],[-92.17629,41.9088],[-92.17626,41.90336],[-92.18591,41.90341],[-92.18589,41.90606]]]}},{"type":"Feature","properties":{"name":"Lynnville","county":"Jasper","type":"city"},"geometry":{"type":"Polygon","coordinates":[[[-92.79571,41.58107],[-92.78993,41.58114],[-92.78996,41.58272],[-92.78757,41.58254],[-92.78755,41.58113],[-92.77634,41.58118],[-92.7762,41.57402],[-92.78101,41.57402],[-92.78078,41.57092],[-92.7778,41.56666],[-92.77755,41.56416],[-92.78591,41.56442],[-92.79552,41.56303],[-92.79571,41.58107]]]}},{"type":"Feature","properties":{"name":"Lytton","county":"Sac","type":"city"},"geometry":{"type":"Polygon","coordinates":[[[-94.86667,42.42506],[-94.86267,42.42506],[-94.86266,42.42652],[-94.85695,42.42761],[-94.85695,42.42535],[-94.85555,42.42535],[-94.8557,42.42064],[-94.85699,42.42064],[-94.85699,42.4202],[-94.86669,42.42014],[-94.86667,42.42506]]]}},{"type":"Feature","properties":{"name":"Macedonia","county":"Pottawattamie","type":"city"},"geometry":{"type":"Polygon","coordinates":[[[-95.43325,41.19295],[-95.42759,41.1929],[-95.42759,41.19653],[-95.42092,41.19647],[-95.42096,41.19284],[-95.42288,41.19284],[-95.42276,41.18926],[-95.42484,41.18926],[-95.42481,41.18742],[-95.4267,41.18742],[-95.42673,41.18925],[-95.43322,41.18931],[-95.43325,41.19295]]]}},{"type":"Feature","properties":{"name":"Macksburg","county":"Madison","type":"city"},"geometry":{"type":"Polygon","coordinates":[[[-94.20427,41.22184],[-94.16602,41.22207],[-94.16606,41.20754],[-94.20406,41.20747],[-94.20427,41.22184]]]}},{"type":"Feature","properties":{"name":"Madrid","county":"Boone","type":"city"},"geometry":{"type":"Polygon","coordinates":[[[-93.8372,41.87791],[-93.83026,41.87793],[-93.83023,41.88153],[-93.82114,41.88156],[-93.82117,41.88519],[-93.81076,41.8852],[-93.80934,41.87867],[-93.81007,41.87794],[-93.81016,41.86747],[-93.8157,41.86747],[-93.8157,41.86706],[-93.82536,41.86704],[-93.82535,41.8686],[-93.82709,41.8686],[-93.82711,41.87067],[-93.83262,41.87066],[-93.83263,41.87246],[-93.83022,41.87246],[-93.83064,41.87427],[-93.83707,41.87426],[-93.8372,41.87791]]]}},{"type":"Feature","properties":{"name":"Magnolia","county":"Harrison","type":"city"},"geometry":{"type":"Polygon","coordinates":[[[-95.88188,41.69853],[-95.86717,41.69859],[-95.86706,41.68608],[-95.87676,41.68604],[-95.87679,41.68849],[-95.88174,41.68846],[-95.88188,41.69853]]]}},{"type":"Feature","properties":{"name":"Maharishi Vedic City","county":"Jefferson","type":"city"},"geometry":{"type":"Polygon","coordinates":[[[-92.04492,41.05357],[-92.03528,41.05359],[-92.03537,41.06087],[-92.03052,41.06087],[-92.03046,41.06823],[-92.01602,41.06829],[-92.01604,41.06644],[-92.01123,41.06649],[-92.01121,41.06832],[-92.00642,41.06834],[-92.00732,41.06101],[-91.99989,41.06101],[-91.99987,41.05874],[-91.9969,41.05874],[-91.9969,41.0601],[-91.99213,41.0601],[-91.99212,41.05738],[-91.98731,41.05738],[-91.98733,41.05471],[-91.98878,41.05374],[-91.99209,41.05347],[-91.99204,41.04703],[-91.98723,41.04646],[-91.98725,41.04282],[-91.99686,41.04278],[-91.99684,41.04643],[-91.99847,41.04484],[-91.99846,41.04277],[-92.00646,41.04276],[-92.00646,41.04186],[-92.01598,41.04179],[-92.01602,41.05237],[-92.01751,41.05236],[-92.01738,41.05],[-92.02075,41.04998],[-92.02081,41.05362],[-92.02556,41.05358],[-92.02545,41.04627],[-92.04483,41.04627],[-92.04492,41.05357]]]}},{"type":"Feature","properties":{"name":"Malcom","county":"Poweshiek","type":"city"},"geometry":{"type":"Polygon","coordinates":[[[-92.56328,41.71343],[-92.54727,41.71329],[-92.54734,41.69886],[-92.56334,41.69889],[-92.56328,41.71343]]]}},{"type":"Feature","properties":{"name":"Mallard","county":"Palo Alto","type":"city"},"geometry":{"type":"Polygon","coordinates":[[[-94.68848,42.94499],[-94.67857,42.94493],[-94.67864,42.93776],[-94.67702,42.93777],[-94.67703,42.93617],[-94.67793,42.9359],[-94.67793,42.9344],[-94.67866,42.93439],[-94.67866,42.93413],[-94.68737,42.93414],[-94.68847,42.93319],[-94.68848,42.94499]]]}},{"type":"Feature","properties":{"name":"Maloy","county":"Ringgold","type":"city"},"geometry":{"type":"Polygon","coordinates":[[[-94.41906,40.67913],[-94.40483,40.67926],[-94.40491,40.66832],[-94.40964,40.66829],[-94.4096,40.6647],[-94.41475,40.66468],[-94.41457,40.66827],[-94.41909,40.66827],[-94.41906,40.67913]]]}},{"type":"Feature","properties":{"name":"Malvern","county":"Mills","type":"city"},"geometry":{"type":"Polygon","coordinates":[[[-95.59471,41.0162],[-95.57562,41.01627],[-95.57563,41.00911],[-95.57817,41.00914],[-95.57817,41.00847],[-95.57564,41.00779],[-95.57567,41.00251],[-95.57809,41.00175],[-95.57803,40.99816],[-95.57564,40.9981],[-95.57559,40.99417],[-95.57301,40.99089],[-95.57554,40.99088],[-95.57549,40.98729],[-95.58505,40.98726],[-95.58515,40.99807],[-95.5945,40.99809],[-95.59478,41.0],[-95.59471,41.0162]]]}},{"type":"Feature","properties":{"name":"Manchester","county":"Delaware","type":"city"},"geometry":{"type":"Polygon","coordinates":[[[-91.48691,42.46917],[-91.47471,42.46946],[-91.47476,42.47649],[-91.4795,42.47652],[-91.47945,42.48016],[-91.48461,42.48014],[-91.48485,42.48741],[-91.48236,42.48774],[-91.47405,42.48786],[-91.47401,42.4866],[-91.4719,42.48662],[-91.47187,42.48542],[-91.46997,42.48521],[-91.47038,42.50194],[-91.46424,42.50234],[-91.46422,42.50363],[-91.46544,42.50418],[-91.46315,42.50545],[-91.45791,42.50575],[-91.4579,42.50657],[-91.457,42.50663],[-91.45697,42.50628],[-91.45439,42.50652],[-91.45434,42.50581],[-91.451,42.50586],[-91.45086,42.50225],[-91.44088,42.50232],[-91.44077,42.49866],[-91.43575,42.49868],[-91.43562,42.49322],[-91.44058,42.4932],[-91.44041,42.48773],[-91.43303,42.48777],[-91.433,42.48413],[-91.4059,42.48429],[-91.40587,42.48135],[-91.41554,42.48069],[-91.42107,42.48068],[-91.42972,42.48143],[-91.44027,42.48154],[-91.44027,42.47318],[-91.44767,42.47312],[-91.44766,42.4716],[-91.44904,42.47154],[-91.44889,42.47026],[-91.44802,42.46855],[-91.46296,42.46836],[-91.46295,42.46947],[-91.47105,42.46928],[-91.47141,42.46726],[-91.47524,42.46563],[-91.47373,42.46913],[-91.47958,42.469],[-91.48078,42.46632],[-91.4843,42.46469],[-91.48702,42.46448],[-91.48691,42.46917]]]}},{"type":"Feature","properties":{"name":"Manilla","county":"Crawford","type":"city"},"geometry":{"type":"Polygon","coordinates":[[[-95.24372,41.89643],[-95.23433,41.89657],[-95.23525,41.89852],[-95.23767,41.90079],[-95.23764,41.90721],[-95.22851,41.9072],[-95.22798,41.90529],[-95.23217,41.89851],[-95.23318,41.89635],[-95.22805,41.89639],[-95.22808,41.89272],[-95.22632,41.89272],[-95.22633,41.89176],[-95.22418,41.89173],[-95.22419,41.88969],[-95.22672,41.88967],[-95.22664,41.8855],[-95.22812,41.8855],[-95.22814,41.88189],[-95.2423,41.88198],[-95.24254,41.89279],[-95.24371,41.8928],[-95.24372,41.89643]]]}},{"type":"Feature","properties":{"name":"Manly","county":"Worth","type":"city"},"geometry":{"type":"Polygon","coordinates":[[[-93.2127,43.28415],[-93.21087,43.28414],[-93.21114,43.29863],[-93.19136,43.29859],[-93.19118,43.27682],[-93.2035,43.27681],[-93.20386,43.28043],[-93.21101,43.28048],[-93.21091,43.28257],[-93.21289,43.28262],[-93.2127,43.28415]]]}},{"type":"Feature","properties":{"name":"Manning","county":"Carroll","type":"city"},"geometry":{"type":"Polygon","coordinates":[[[-95.08298,41.91171],[-95.0782,41.91271],[-95.07829,41.92111],[-95.04941,41.92094],[-95.04933,41.90648],[-95.04733,41.90647],[-95.04677,41.90567],[-95.0483,41.90566],[-95.04832,41.90428],[-95.05171,41.90428],[-95.05165,41.8993],[-95.05405,41.89932],[-95.05405,41.89571],[-95.07338,41.89574],[-95.07336,41.903],[-95.07841,41.9029],[-95.07832,41.90664],[-95.08286,41.90661],[-95.08298,41.91171]]]}},{"type":"Feature","properties":{"name":"Manson","county":"Calhoun","type":"city"},"geometry":{"type":"Polygon","coordinates":[[[-94.56025,42.53863],[-94.54014,42.53841],[-94.54012,42.54345],[-94.53383,42.54348],[-94.53387,42.54202],[-94.52418,42.54207],[-94.52425,42.53844],[-94.5206,42.53847],[-94.52094,42.51697],[-94.56053,42.51706],[-94.56025,42.53863]]]}},{"type":"Feature","properties":{"name":"Mapleton","county":"Monona","type":"city"},"geometry":{"type":"Polygon","coordinates":[[[-95.80198,42.17194],[-95.79856,42.17192],[-95.79747,42.17579],[-95.79743,42.18102],[-95.79677,42.18297],[-95.7933,42.18647],[-95.78838,42.18648],[-95.78755,42.18501],[-95.79025,42.18295],[-95.78988,42.17861],[-95.79019,42.17445],[-95.79385,42.17363],[-95.79573,42.17198],[-95.78297,42.17192],[-95.783,42.16829],[-95.77815,42.16828],[-95.77805,42.1538],[-95.78299,42.15384],[-95.78294,42.15744],[-95.80236,42.1576],[-95.80198,42.17194]]]}},{"type":"Feature","properties":{"name":"Maquoketa","county":"Jackson","type":"city"},"geometry":{"type":"Polygon","coordinates":[[[-90.69424,42.05555],[-90.69055,42.05554],[-90.68847,42.05662],[-90.68828,42.05553],[-90.68661,42.05551],[-90.68662,42.05798],[-90.68947,42.05918],[-90.68942,42.06164],[-90.68812,42.06061],[-90.68458,42.06101],[-90.68461,42.06523],[-90.68843,42.06527],[-90.68753,42.06707],[-90.6883,42.06745],[-90.68761,42.06804],[-90.68816,42.06828],[-90.68783,42.07108],[-90.68458,42.07108],[-90.68461,42.07592],[-90.66562,42.0765],[-90.66563,42.07952],[-90.66062,42.07953],[-90.65951,42.07787],[-90.66228,42.0765],[-90.65872,42.07645],[-90.65824,42.07918],[-90.65637,42.07915],[-90.65633,42.07643],[-90.64667,42.07636],[-90.64655,42.07293],[-90.64481,42.07165],[-90.64194,42.07163],[-90.64194,42.06902],[-90.64473,42.06811],[-90.64195,42.06663],[-90.64195,42.06178],[-90.64689,42.06178],[-90.64669,42.0548],[-90.64704,42.05461],[-90.6617,42.05459],[-90.66541,42.0537],[-90.66541,42.05463],[-90.67973,42.05446],[-90.67975,42.04747],[-90.67497,42.04628],[-90.67497,42.04725],[-90.67019,42.0473],[-90.67022,42.05097],[-90.66299,42.05096],[-90.66213,42.04995],[-90.66214,42.04736],[-90.65607,42.04723],[-90.65614,42.05247],[-90.65849,42.05437],[-90.65149,42.05438],[-90.65122,42.04733],[-90.65264,42.04731],[-90.6527,42.0459],[-90.65128,42.04529],[-90.65128,42.04368],[-90.65629,42.04366],[-90.65627,42.04151],[-90.65568,42.04012],[-90.65662,42.02349],[-90.66519,42.02346],[-90.66527,42.03585],[-90.66305,42.03642],[-90.66306,42.03915],[-90.66529,42.03915],[-90.66528,42.04142],[-90.65984,42.04139],[-90.65987,42.0436],[-90.6631,42.04292],[-90.6642,42.04299],[-90.66516,42.04237],[-90.66498,42.0446],[-90.67802,42.04601],[-90.68092,42.0472],[-90.68461,42.04718],[-90.68457,42.05442],[-90.69425,42.05443],[-90.69424,42.05555]]]}},{"type":"Feature","properties":{"name":"Marathon","county":"Buena Vista","type":"city"},"geometry":{"type":"Polygon","coordinates":[[[-94.99275,42.86581],[-94.97317,42.86549],[-94.97296,42.8546],[-94.99265,42.85489],[-94.99275,42.86581]]]}},{"type":"Feature","properties":{"name":"Marble Rock","county":"Floyd","type":"city"},"geometry":{"type":"Polygon","coordinates":[[[-92.87905,42.96522],[-92.87414,42.96518],[-92.87365,42.97241],[-92.85943,42.97249],[-92.85939,42.95799],[-92.87887,42.95792],[-92.87905,42.96522]]]}},{"type":"Feature","properties":{"name":"Marcus","county":"Cherokee","type":"city"},"geometry":{"type":"Polygon","coordinates":[[[-95.81926,42.81899],[-95.81924,42.83349],[-95.79951,42.83354],[-95.79943,42.82626],[-95.78951,42.82461],[-95.78949,42.82265],[-95.79937,42.82262],[-95.79964,42.81394],[-95.8008,42.81157],[-95.79661,42.81162],[-95.79666,42.80994],[-95.79459,42.80994],[-95.79462,42.80796],[-95.79775,42.80797],[-95.79775,42.80644],[-95.79944,42.80644],[-95.79942,42.80795],[-95.79896,42.80796],[-95.79856,42.81034],[-95.79974,42.81034],[-95.7998,42.80795],[-95.80968,42.80805],[-95.80934,42.81903],[-95.81926,42.81899]]]}},{"type":"Feature","properties":{"name":"Marengo","county":"Iowa","type":"city"},"geometry":{"type":"Polygon","coordinates":[[[-92.08448,41.79163],[-92.08339,41.79395],[-92.08266,41.79702],[-92.0805,41.79996],[-92.08115,41.80427],[-92.07843,41.80891],[-92.07228,41.80973],[-92.06447,41.80941],[-92.06457,41.8039],[-92.06004,41.80344],[-92.0579,41.80157],[-92.05315,41.80119],[-92.0526,41.79825],[-92.04989,41.79675],[-92.04991,41.79208],[-92.0461,41.7914],[-92.04513,41.78922],[-92.05354,41.78933],[-92.05364,41.78644],[-92.05644,41.78684],[-92.05809,41.78807],[-92.06128,41.7878],[-92.06126,41.78937],[-92.06475,41.78945],[-92.0648,41.78226],[-92.07461,41.78241],[-92.07452,41.79168],[-92.08459,41.78827],[-92.08448,41.79163]]]}},{"type":"Feature","properties":{"name":"Marion","county":"Linn","type":"city"},"geometry":{"type":"Polygon","coordinates":[[[-91.63361,42.03419],[-91.62871,42.03305],[-91.62891,42.04024],[-91.62683,42.04022],[-91.62395,42.04383],[-91.62389,42.04926],[-91.62916,42.04985],[-91.62878,42.05044],[-91.62876,42.05559],[-91.6262,42.0547],[-91.6262,42.05607],[-91.62877,42.05639],[-91.62878,42.05839],[-91.619,42.05828],[-91.61897,42.06017],[-91.61409,42.06014],[-91.61402,42.06174],[-91.61739,42.06285],[-91.6176,42.06908],[-91.62878,42.06932],[-91.62876,42.08022],[-91.60925,42.08007],[-91.6092,42.07281],[-91.60553,42.07279],[-91.60551,42.06917],[-91.59939,42.06918],[-91.5994,42.07016],[-91.59731,42.07016],[-91.59732,42.07107],[-91.59539,42.07183],[-91.5966,42.0727],[-91.59661,42.07422],[-91.58996,42.07402],[-91.58903,42.07699],[-91.59338,42.07713],[-91.59376,42.07988],[-91.59941,42.08007],[-91.59941,42.08089],[-91.59751,42.08155],[-91.59409,42.08039],[-91.59503,42.08357],[-91.5743,42.08295],[-91.57436,42.08661],[-91.55971,42.0865],[-91.5597,42.0792],[-91.55051,42.07929],[-91.5494,42.08291],[-91.54508,42.0829],[-91.54513,42.07567],[-91.54788,42.07564],[-91.54788,42.07699],[-91.55053,42.07699],[-91.5505,42.07203],[-91.55493,42.07202],[-91.55493,42.07472],[-91.55811,42.07472],[-91.55816,42.07065],[-91.56037,42.07069],[-91.56032,42.07563],[-91.57283,42.07572],[-91.57284,42.07439],[-91.57126,42.07434],[-91.57131,42.07288],[-91.57425,42.07231],[-91.57921,42.07234],[-91.57675,42.07214],[-91.57676,42.07126],[-91.57426,42.07124],[-91.57605,42.07114],[-91.57718,42.06858],[-91.58034,42.06859],[-91.58129,42.06605],[-91.58265,42.06584],[-91.58128,42.06517],[-91.57936,42.06688],[-91.57803,42.06594],[-91.57668,42.06701],[-91.57436,42.06632],[-91.57439,42.06492],[-91.55985,42.06476],[-91.55988,42.05027],[-91.555,42.05022],[-91.55495,42.05747],[-91.55041,42.05746],[-91.55,42.05018],[-91.54523,42.05013],[-91.54522,42.04928],[-91.54274,42.04926],[-91.53546,42.05],[-91.53549,42.04271],[-91.54034,42.0428],[-91.54037,42.03915],[-91.53798,42.0391],[-91.53797,42.03616],[-91.53066,42.0378],[-91.53066,42.03535],[-91.52544,42.03527],[-91.52542,42.03171],[-91.53156,42.03185],[-91.53033,42.02683],[-91.53042,42.01956],[-91.53774,42.01955],[-91.53914,42.0204],[-91.54022,42.01955],[-91.54022,42.01597],[-91.55024,42.01608],[-91.55035,42.02694],[-91.55968,42.02711],[-91.55967,42.02042],[-91.56451,42.0202],[-91.56452,42.01618],[-91.573,42.01634],[-91.573,42.02401],[-91.57429,42.02516],[-91.57915,42.02777],[-91.57913,42.01708],[-91.58069,42.01672],[-91.58072,42.01457],[-91.58401,42.0146],[-91.58398,42.01291],[-91.59373,42.01349],[-91.59372,42.01154],[-91.59916,42.01172],[-91.59917,42.00966],[-91.62449,42.00961],[-91.62633,42.01199],[-91.62852,42.0115],[-91.62856,42.0156],[-91.62801,42.01805],[-91.62861,42.01806],[-91.62865,42.0206],[-91.62372,42.02052],[-91.6237,42.01531],[-91.6224,42.01459],[-91.62242,42.01699],[-91.61876,42.017],[-91.61879,42.02045],[-91.61392,42.02049],[-91.61396,42.02645],[-91.61769,42.02664],[-91.61778,42.02742],[-91.61888,42.02681],[-91.61883,42.024],[-91.6196,42.024],[-91.61941,42.02774],[-91.62351,42.02788],[-91.62611,42.02842],[-91.62529,42.03013],[-91.62857,42.03025],[-91.62871,42.03245],[-91.63362,42.03254],[-91.63361,42.03419]]]}},{"type":"Feature","properties":{"name":"Marne","county":"Cass","type":"city"},"geometry":{"type":"Polygon","coordinates":[[[-95.11811,41.45428],[-95.10367,41.45426],[-95.10362,41.44343],[-95.11815,41.44347],[-95.11811,41.45428]]]}},{"type":"Feature","properties":{"name":"Marquette","county":"Clayton","type":"city"},"geometry":{"type":"Polygon","coordinates":[[[-91.21697,43.06461],[-91.21438,43.06402],[-91.21458,43.06586],[-91.21368,43.06859],[-91.21212,43.0678],[-91.21154,43.06441],[-91.21248,43.06291],[-91.20996,43.06383],[-91.21006,43.0658],[-91.20675,43.06553],[-91.20667,43.06224],[-91.20494,43.06093],[-91.20626,43.06028],[-91.20416,43.05865],[-91.20533,43.05711],[-91.20306,43.05152],[-91.20119,43.04963],[-91.20129,43.04659],[-91.1999,43.0448],[-91.20098,43.04408],[-91.2,43.043],[-91.1974,43.04338],[-91.19833,43.04524],[-91.19601,43.04527],[-91.19603,43.0515],[-91.17655,43.05151],[-91.17446,43.038],[-91.17903,43.03759],[-91.17906,43.03654],[-91.18059,43.03652],[-91.18059,43.03443],[-91.18228,43.03441],[-91.18224,43.03268],[-91.18127,43.03301],[-91.18119,43.03121],[-91.18331,43.03119],[-91.18356,43.02801],[-91.18609,43.02939],[-91.18406,43.03079],[-91.18534,43.03076],[-91.18535,43.03237],[-91.191,43.0322],[-91.19711,43.03143],[-91.19718,43.03421],[-91.20223,43.03416],[-91.20232,43.03693],[-91.20329,43.03693],[-91.20425,43.03914],[-91.20446,43.04159],[-91.20327,43.0433],[-91.20366,43.04411],[-91.2056,43.04323],[-91.20739,43.04516],[-91.20244,43.0452],[-91.20254,43.04786],[-91.20637,43.04785],[-91.20649,43.05506],[-91.20899,43.05505],[-91.20917,43.06222],[-91.2163,43.0623],[-91.21697,43.06461]]]}},{"type":"Feature","properties":{"name":"Marshalltown","county":"Marshall","type":"city"},"geometry":{"type":"Polygon","coordinates":[[[-92.97034,42.0324],[-92.96197,42.03248],[-92.96079,42.03441],[-92.96092,42.03811],[-92.96696,42.03809],[-92.96701,42.0399],[-92.96581,42.04084],[-92.96337,42.04084],[-92.96341,42.04172],[-92.96103,42.04166],[-92.96125,42.049],[-92.95643,42.04902],[-92.95646,42.05227],[-92.94714,42.05269],[-92.94694,42.05629],[-92.94211,42.05631],[-92.94215,42.0579],[-92.94045,42.05776],[-92.93889,42.05926],[-92.9389,42.05992],[-92.93252,42.05998],[-92.93249,42.05884],[-92.93166,42.05786],[-92.92763,42.05703],[-92.92762,42.05636],[-92.92388,42.05638],[-92.92389,42.05821],[-92.92296,42.05837],[-92.92252,42.06002],[-92.91965,42.06083],[-92.91582,42.06365],[-92.91665,42.06426],[-92.90826,42.0658],[-92.90347,42.06727],[-92.90353,42.07091],[-92.88643,42.07087],[-92.88644,42.06923],[-92.88586,42.06943],[-92.8841,42.06902],[-92.88359,42.06943],[-92.88043,42.06766],[-92.87945,42.066],[-92.87559,42.06594],[-92.87547,42.06419],[-92.87732,42.06368],[-92.87467,42.06285],[-92.8717,42.06127],[-92.86843,42.06182],[-92.86837,42.05656],[-92.87322,42.05652],[-92.87311,42.04933],[-92.84394,42.04944],[-92.8437,42.04222],[-92.8389,42.04224],[-92.8388,42.03861],[-92.83403,42.03861],[-92.83395,42.035],[-92.85312,42.03495],[-92.85286,42.02893],[-92.86313,42.03485],[-92.87726,42.03483],[-92.87702,42.02838],[-92.87742,42.0068],[-92.87706,42.0068],[-92.87722,41.99968],[-92.89806,41.99974],[-92.89814,41.99614],[-92.90781,41.99613],[-92.90783,41.9932],[-92.91246,41.99401],[-92.91246,41.99477],[-92.91003,41.99479],[-92.91004,41.99612],[-92.91247,41.99609],[-92.91247,41.99698],[-92.9149,41.99697],[-92.91495,41.99968],[-92.93173,41.9999],[-92.93206,42.00236],[-92.93653,42.00309],[-92.94125,42.00301],[-92.94137,42.01105],[-92.93174,42.01076],[-92.93171,42.01772],[-92.94111,42.01805],[-92.94706,42.01793],[-92.9473,42.01089],[-92.95086,42.01282],[-92.95079,42.0144],[-92.95396,42.01434],[-92.95465,42.01785],[-92.95067,42.01789],[-92.95061,42.0202],[-92.94592,42.02066],[-92.94592,42.02865],[-92.97023,42.02878],[-92.97034,42.0324]]]}},{"type":"Feature","properties":{"name":"Martelle","county":"Jones","type":"city"},"geometry":{"type":"Polygon","coordinates":[[[-91.36499,42.02371],[-91.3515,42.02403],[-91.35171,42.01686],[-91.36373,42.0165],[-91.36181,42.02001],[-91.36504,42.02009],[-91.36499,42.02371]]]}},{"type":"Feature","properties":{"name":"Martensdale","county":"Warren","type":"city"},"geometry":{"type":"Polygon","coordinates":[[[-93.74613,41.37752],[-93.73148,41.37721],[-93.73146,41.36999],[-93.74612,41.37027],[-93.74613,41.37752]]]}},{"type":"Feature","properties":{"name":"Martinsburg","county":"Keokuk","type":"city"},"geometry":{"type":"Polygon","coordinates":[[[-92.25672,41.18418],[-92.24708,41.18419],[-92.24709,41.17336],[-92.25666,41.17332],[-92.25672,41.18418]]]}},{"type":"Feature","properties":{"name":"Marysville","county":"Marion","type":"city"},"geometry":{"type":"Polygon","coordinates":[[[-92.96075,41.18621],[-92.94688,41.18626],[-92.94679,41.17552],[-92.96068,41.17539],[-92.96075,41.18621]]]}},{"type":"Feature","properties":{"name":"Mason City","county":"Cerro Gordo","type":"city"},"geometry":{"type":"Polygon","coordinates":[[[-93.28036,43.1555],[-93.27049,43.15547],[-93.27045,43.16968],[-93.24065,43.16959],[-93.24055,43.18409],[-93.17572,43.1841],[-93.17569,43.17844],[-93.17124,43.1784],[-93.17124,43.17584],[-93.17627,43.17584],[-93.1763,43.16957],[-93.16157,43.16955],[-93.16142,43.16627],[-93.11294,43.16632],[-93.11243,43.13396],[-93.14187,43.13344],[-93.16132,43.13351],[-93.1614,43.12624],[-93.19707,43.1263],[-93.19618,43.12545],[-93.1962,43.12266],[-93.19978,43.12266],[-93.20034,43.11909],[-93.19908,43.1157],[-93.19908,43.1118],[-93.18883,43.11178],[-93.18878,43.10696],[-93.19771,43.10543],[-93.20123,43.10562],[-93.20559,43.1045],[-93.22111,43.10446],[-93.23107,43.10511],[-93.23084,43.12295],[-93.22999,43.12444],[-93.22747,43.12655],[-93.27058,43.12654],[-93.27051,43.14848],[-93.28038,43.14888],[-93.28036,43.1555]]]}},{"type":"Feature","properties":{"name":"Masonville","county":"Delaware","type":"city"},"geometry":{"type":"Polygon","coordinates":[[[-91.59811,42.48381],[-91.58831,42.48377],[-91.58833,42.48086],[-91.5834,42.48086],[-91.58343,42.47647],[-91.59814,42.4766],[-91.59811,42.48381]]]}},{"type":"Feature","properties":{"name":"Massena","county":"Cass","type":"city"},"geometry":{"type":"Polygon","coordinates":[[[-94.77697,41.25728],[-94.76267,41.2573],[-94.76272,41.244],[-94.77703,41.24394],[-94.77697,41.25728]]]}},{"type":"Feature","properties":{"name":"Matlock","county":"Sioux","type":"city"},"geometry":{"type":"Polygon","coordinates":[[[-95.94176,43.2481],[-95.9268,43.24777],[-95.9269,43.24058],[-95.94186,43.24074],[-95.94176,43.2481]]]}},{"type":"Feature","properties":{"name":"Maurice","county":"Sioux","type":"city"},"geometry":{"type":"Polygon","coordinates":[[[-96.19016,42.97134],[-96.17985,42.97145],[-96.17986,42.9729],[-96.17772,42.97291],[-96.17774,42.97498],[-96.17545,42.97497],[-96.17529,42.96042],[-96.19013,42.96042],[-96.19016,42.97134]]]}},{"type":"Feature","properties":{"name":"Maxwell","county":"Story","type":"city"},"geometry":{"type":"Polygon","coordinates":[[[-93.40592,41.89932],[-93.38661,41.8993],[-93.38803,41.89651],[-93.38783,41.89354],[-93.38874,41.89211],[-93.38171,41.8921],[-93.38172,41.88858],[-93.38654,41.88802],[-93.38655,41.88488],[-93.3963,41.88486],[-93.39625,41.88309],[-93.40595,41.88292],[-93.40592,41.89932]]]}},{"type":"Feature","properties":{"name":"Maynard","county":"Fayette","type":"city"},"geometry":{"type":"Polygon","coordinates":[[[-91.88736,42.76648],[-91.88692,42.78093],[-91.86753,42.78124],[-91.86773,42.76672],[-91.88736,42.76648]]]}},{"type":"Feature","properties":{"name":"Maysville","county":"Scott","type":"city"},"geometry":{"type":"Polygon","coordinates":[[[-90.72417,41.6531],[-90.72112,41.65393],[-90.71446,41.65311],[-90.71444,41.64985],[-90.71303,41.64984],[-90.71308,41.64535],[-90.72032,41.64525],[-90.7203,41.64758],[-90.72423,41.6476],[-90.72065,41.64908],[-90.72455,41.64925],[-90.72417,41.6531]]]}},{"type":"Feature","properties":{"name":"McCallsburg","county":"Story","type":"city"},"geometry":{"type":"Polygon","coordinates":[[[-93.39821,42.16913],[-93.39101,42.16866],[-93.38103,42.16861],[-93.38101,42.16291],[-93.39077,42.16294],[-93.39079,42.15931],[-93.39829,42.15933],[-93.39821,42.16913]]]}},{"type":"Feature","properties":{"name":"McCausland","county":"Scott","type":"city"},"geometry":{"type":"Polygon","coordinates":[[[-90.45183,41.75131],[-90.45074,41.74995],[-90.43715,41.75002],[-90.43724,41.74758],[-90.43811,41.74663],[-90.43796,41.74567],[-90.44208,41.74537],[-90.44213,41.73556],[-90.4518,41.73554],[-90.45183,41.75131]]]}},{"type":"Feature","properties":{"name":"McClelland","county":"Pottawattamie","type":"city"},"geometry":{"type":"Polygon","coordinates":[[[-95.68913,41.32782],[-95.68434,41.33053],[-95.68433,41.33276],[-95.68153,41.33277],[-95.67957,41.33437],[-95.67966,41.33996],[-95.67487,41.34001],[-95.67485,41.33755],[-95.67796,41.33499],[-95.67682,41.33399],[-95.67704,41.33269],[-95.67958,41.3327],[-95.67958,41.32582],[-95.68914,41.32595],[-95.68913,41.32782]]]}},{"type":"Feature","properties":{"name":"McGregor","county":"Clayton","type":"city"},"geometry":{"type":"Polygon","coordinates":[[[-91.1971,43.03049],[-91.19711,43.03143],[-91.191,43.0322],[-91.18535,43.03237],[-91.18534,43.03076],[-91.18406,43.03079],[-91.18609,43.02939],[-91.18356,43.02801],[-91.18331,43.03119],[-91.18119,43.03121],[-91.18127,43.03301],[-91.18224,43.03268],[-91.18228,43.03441],[-91.18059,43.03443],[-91.18059,43.03652],[-91.17906,43.03654],[-91.17903,43.03759],[-91.17446,43.038],[-91.17261,43.03244],[-91.17339,43.02927],[-91.17256,43.02421],[-91.17039,43.01913],[-91.16946,43.01821],[-91.16828,43.01416],[-91.17145,43.0142],[-91.17155,43.01782],[-91.17791,43.01785],[-91.17781,43.01531],[-91.18138,43.01537],[-91.18136,43.01425],[-91.1868,43.01432],[-91.18703,43.01291],[-91.18866,43.01217],[-91.18867,43.01434],[-91.19108,43.01438],[-91.1912,43.02016],[-91.19302,43.01939],[-91.19413,43.02079],[-91.19258,43.02168],[-91.19376,43.02302],[-91.19143,43.02388],[-91.18628,43.02396],[-91.18765,43.02492],[-91.18797,43.02604],[-91.19114,43.02754],[-91.18969,43.02854],[-91.1914,43.03033],[-91.19502,43.0279],[-91.20059,43.03042],[-91.1971,43.03049]]]}},{"type":"Feature","properties":{"name":"McIntire","county":"Mitchell","type":"city"},"geometry":{"type":"Polygon","coordinates":[[[-92.60356,43.44326],[-92.58361,43.44326],[-92.5837,43.42869],[-92.60348,43.42867],[-92.60356,43.44326]]]}},{"type":"Feature","properties":{"name":"Mechanicsville","county":"Cedar","type":"city"},"geometry":{"type":"Polygon","coordinates":[[[-91.2641,41.91076],[-91.24919,41.91074],[-91.24918,41.91252],[-91.24446,41.91247],[-91.24439,41.91032],[-91.24248,41.91067],[-91.24243,41.90703],[-91.24442,41.90705],[-91.24437,41.90257],[-91.24303,41.90242],[-91.24349,41.90124],[-91.24441,41.90149],[-91.24444,41.89977],[-91.26405,41.89982],[-91.2641,41.91076]]]}},{"type":"Feature","properties":{"name":"Mediapolis","county":"Des Moines","type":"city"},"geometry":{"type":"Polygon","coordinates":[[[-91.17492,41.01535],[-91.16525,41.01519],[-91.16527,41.01788],[-91.16039,41.01785],[-91.1604,41.01516],[-91.15552,41.0151],[-91.15552,41.0094],[-91.15456,41.0078],[-91.14966,41.00775],[-91.15065,41.00048],[-91.17481,41.00073],[-91.17492,41.01535]]]}},{"type":"Feature","properties":{"name":"Melbourne","county":"Marshall","type":"city"},"geometry":{"type":"Polygon","coordinates":[[[-93.10896,41.94603],[-93.10656,41.94636],[-93.10157,41.946],[-93.10174,41.94966],[-93.09695,41.94969],[-93.09649,41.9423],[-93.09652,41.93553],[-93.10876,41.93538],[-93.10896,41.94603]]]}},{"type":"Feature","properties":{"name":"Melcher-Dallas","county":"Marion","type":"city"},"geometry":{"type":"Polygon","coordinates":[[[-93.25184,41.22623],[-93.24873,41.22624],[-93.2481,41.23043],[-93.24819,41.23355],[-93.24702,41.23355],[-93.24704,41.23715],[-93.23241,41.23712],[-93.23228,41.22987],[-93.23724,41.22988],[-93.23717,41.22622],[-93.23517,41.22625],[-93.23517,41.22231],[-93.23722,41.22232],[-93.23714,41.21892],[-93.23636,41.21764],[-93.23725,41.2166],[-93.23561,41.2166],[-93.23486,41.21533],[-93.24689,41.21532],[-93.24678,41.22252],[-93.25182,41.22261],[-93.25184,41.22623]]]}},{"type":"Feature","properties":{"name":"Melrose","county":"Monroe","type":"city"},"geometry":{"type":"Polygon","coordinates":[[[-93.06034,40.98644],[-93.04122,40.98646],[-93.04113,40.97094],[-93.04581,40.97094],[-93.04583,40.97438],[-93.0506,40.9738],[-93.05061,40.97093],[-93.06016,40.97102],[-93.06034,40.98644]]]}},{"type":"Feature","properties":{"name":"Melvin","county":"Osceola","type":"city"},"geometry":{"type":"Polygon","coordinates":[[[-95.6149,43.28889],[-95.60438,43.28896],[-95.60355,43.28865],[-95.60493,43.28716],[-95.60492,43.28174],[-95.611,43.28585],[-95.61491,43.2859],[-95.6149,43.28889]]]}},{"type":"Feature","properties":{"name":"Menlo","county":"Guthrie","type":"city"},"geometry":{"type":"Polygon","coordinates":[[[-94.41096,41.51725],[-94.41089,41.52705],[-94.39779,41.52713],[-94.39809,41.52359],[-94.3949,41.52357],[-94.39494,41.51966],[-94.39812,41.51964],[-94.39814,41.51727],[-94.41096,41.51725]]]}},{"type":"Feature","properties":{"name":"Meriden","county":"Cherokee","type":"city"},"geometry":{"type":"Polygon","coordinates":[[[-95.63748,42.79711],[-95.63078,42.79602],[-95.62952,42.79374],[-95.62953,42.79257],[-95.63322,42.79158],[-95.63685,42.79234],[-95.63683,42.79597],[-95.64192,42.79733],[-95.63748,42.79711]]]}},{"type":"Feature","properties":{"name":"Merrill","county":"Plymouth","type":"city"},"geometry":{"type":"Polygon","coordinates":[[[-96.26246,42.72129],[-96.25979,42.72122],[-96.25755,42.72008],[-96.25768,42.72494],[-96.25268,42.7249],[-96.25269,42.72589],[-96.24881,42.72583],[-96.24889,42.72492],[-96.24287,42.72496],[-96.24283,42.71772],[-96.2502,42.71768],[-96.25259,42.71659],[-96.25377,42.7141],[-96.25808,42.71412],[-96.25805,42.71771],[-96.2625,42.71775],[-96.26246,42.72129]]]}},{"type":"Feature","properties":{"name":"Meservey","county":"Cerro Gordo","type":"city"},"geometry":{"type":"Polygon","coordinates":[[[-93.488,42.92294],[-93.45852,42.92287],[-93.45854,42.90837],[-93.48803,42.90845],[-93.488,42.92294]]]}},{"type":"Feature","properties":{"name":"Meyer","county":"Mitchell","type":"community"},"geometry":{"type":"Polygon","coordinates":[[[-92.71265,43.46834],[-92.71127,43.46848],[-92.70799,43.467],[-92.70453,43.46787],[-92.70149,43.46502],[-92.69833,43.46551],[-92.69575,43.46524],[-92.68937,43.46198],[-92.68704,43.46124],[-92.68166,43.45806],[-92.71267,43.4578],[-92.71265,43.46834]]]}},{"type":"Feature","properties":{"name":"Middle Amana","county":"Iowa","type":"community"},"geometry":{"type":"Polygon","coordinates":[[[-91.91182,41.79594],[-91.91019,41.80003],[-91.90484,41.79932],[-91.89986,41.80528],[-91.89218,41.80123],[-91.89297,41.79995],[-91.89207,41.79762],[-91.89218,41.7959],[-91.89387,41.79505],[-91.89168,41.79532],[-91.89125,41.79492],[-91.89026,41.79214],[-91.89295,41.79138],[-91.89481,41.79001],[-91.89609,41.78777],[-91.89708,41.78733],[-91.90098,41.78744],[-91.90442,41.78682],[-91.90617,41.78468],[-91.90891,41.78746],[-91.90961,41.78957],[-91.91171,41.7918],[-91.91313,41.79456],[-91.91182,41.79594]]]}},{"type":"Feature","properties":{"name":"Middletown","county":"Des Moines","type":"city"},"geometry":{"type":"Polygon","coordinates":[[[-91.27196,40.82712],[-91.26641,40.82713],[-91.26635,40.83445],[-91.25661,40.83445],[-91.25664,40.8308],[-91.25426,40.83079],[-91.25428,40.82713],[-91.25668,40.8263],[-91.25673,40.82364],[-91.2582,40.82207],[-91.27025,40.82208],[-91.26909,40.82415],[-91.27195,40.82504],[-91.27196,40.82712]]]}},{"type":"Feature","properties":{"name":"Miles","county":"Jackson","type":"city"},"geometry":{"type":"Polygon","coordinates":[[[-90.32552,42.05537],[-90.30103,42.05533],[-90.30129,42.04079],[-90.32555,42.04082],[-90.32552,42.05537]]]}},{"type":"Feature","properties":{"name":"Milford","county":"Dickinson","type":"city"},"geometry":{"type":"Polygon","coordinates":[[[-95.165,43.33189],[-95.16386,43.33188],[-95.16383,43.33352],[-95.16295,43.33351],[-95.16294,43.33392],[-95.16108,43.33392],[-95.16108,43.33435],[-95.16498,43.33435],[-95.16497,43.33517],[-95.15485,43.33517],[-95.15489,43.34245],[-95.14997,43.34246],[-95.14993,43.34745],[-95.14658,43.34874],[-95.14447,43.35343],[-95.14211,43.3534],[-95.14137,43.35069],[-95.14324,43.34606],[-95.14666,43.34606],[-95.14668,43.34245],[-95.13655,43.34245],[-95.13659,43.34608],[-95.14285,43.34602],[-95.14012,43.35267],[-95.13906,43.35336],[-95.13151,43.35332],[-95.13159,43.34246],[-95.12499,43.34248],[-95.12659,43.34136],[-95.12794,43.34173],[-95.12938,43.34055],[-95.1309,43.3407],[-95.13125,43.34038],[-95.12995,43.34012],[-95.12588,43.34091],[-95.12409,43.3407],[-95.12158,43.34396],[-95.12165,43.34243],[-95.11995,43.34244],[-95.12002,43.33951],[-95.12784,43.33921],[-95.12805,43.33786],[-95.13177,43.33785],[-95.13171,43.33969],[-95.13599,43.33971],[-95.13671,43.33873],[-95.13933,43.33853],[-95.13921,43.34175],[-95.14331,43.34175],[-95.1445,43.341],[-95.14569,43.33744],[-95.14638,43.32954],[-95.14211,43.32949],[-95.14217,43.32786],[-95.13735,43.32777],[-95.13739,43.32564],[-95.14015,43.32527],[-95.14014,43.32418],[-95.14431,43.32431],[-95.14605,43.32306],[-95.14476,43.31837],[-95.14689,43.31816],[-95.14686,43.31771],[-95.1422,43.31747],[-95.14221,43.31465],[-95.14594,43.31467],[-95.14596,43.31708],[-95.14685,43.31707],[-95.14687,43.31644],[-95.14823,43.31645],[-95.14822,43.31611],[-95.14703,43.31613],[-95.14692,43.3135],[-95.15009,43.31347],[-95.14999,43.31511],[-95.15241,43.31513],[-95.15122,43.31619],[-95.15125,43.31885],[-95.15392,43.31888],[-95.15621,43.31707],[-95.1601,43.31707],[-95.16005,43.32071],[-95.16323,43.32069],[-95.16255,43.3229],[-95.16253,43.32793],[-95.16305,43.32793],[-95.16386,43.33057],[-95.16502,43.33057],[-95.165,43.33189]],[[-95.13349,43.34025],[-95.13169,43.34024],[-95.13168,43.34234],[-95.13341,43.34244],[-95.13349,43.34025]]]}},{"type":"Feature","properties":{"name":"Miller","county":"Hancock","type":"community"},"geometry":{"type":"Polygon","coordinates":[[[-93.61694,43.20584],[-93.60645,43.2058],[-93.60603,43.19875],[-93.60254,43.19875],[-93.60132,43.19164],[-93.5966,43.19124],[-93.5966,43.17289],[-93.59831,43.17155],[-93.6056,43.16964],[-93.6102,43.16966],[-93.61563,43.17387],[-93.61652,43.17424],[-93.61694,43.20584]]]}},{"type":"Feature","properties":{"name":"Millersburg","county":"Iowa","type":"city"},"geometry":{"type":"Polygon","coordinates":[[[-92.16264,41.57603],[-92.15692,41.57621],[-92.1568,41.57271],[-92.15454,41.57212],[-92.15606,41.5708],[-92.16263,41.57086],[-92.16264,41.57603]]]}},{"type":"Feature","properties":{"name":"Millerton","county":"Wayne","type":"city"},"geometry":{"type":"Polygon","coordinates":[[[-93.31248,40.85326],[-93.30134,40.85344],[-93.3014,40.84604],[-93.31252,40.84609],[-93.31248,40.85326]]]}},{"type":"Feature","properties":{"name":"Milo","county":"Warren","type":"city"},"geometry":{"type":"Polygon","coordinates":[[[-93.44863,41.29485],[-93.43299,41.29495],[-93.43292,41.28406],[-93.43645,41.28405],[-93.43774,41.28257],[-93.44261,41.28261],[-93.44261,41.28402],[-93.44742,41.28399],[-93.44742,41.29123],[-93.44863,41.29122],[-93.44863,41.29485]]]}},{"type":"Feature","properties":{"name":"Milton","county":"Van Buren","type":"city"},"geometry":{"type":"Polygon","coordinates":[[[-92.17881,40.6591],[-92.17818,40.68282],[-92.14493,40.68252],[-92.14495,40.66062],[-92.17376,40.66088],[-92.17375,40.65903],[-92.17881,40.6591]]]}},{"type":"Feature","properties":{"name":"Minburn","county":"Dallas","type":"city"},"geometry":{"type":"Polygon","coordinates":[[[-94.03336,41.76114],[-94.02357,41.76125],[-94.02366,41.75396],[-94.03334,41.75386],[-94.03336,41.76114]]]}},{"type":"Feature","properties":{"name":"Minden","county":"Pottawattamie","type":"city"},"geometry":{"type":"Polygon","coordinates":[[[-95.55575,41.47363],[-95.55086,41.47364],[-95.5509,41.47723],[-95.5473,41.47723],[-95.54605,41.47546],[-95.54716,41.47458],[-95.53958,41.47449],[-95.53961,41.47722],[-95.53637,41.47722],[-95.53629,41.46267],[-95.54598,41.46276],[-95.54599,41.46391],[-95.54976,41.46287],[-95.54581,41.46637],[-95.54604,41.47291],[-95.54704,41.47183],[-95.55574,41.47182],[-95.55575,41.47363]]]}},{"type":"Feature","properties":{"name":"Mineola","county":"Mills","type":"community"},"geometry":{"type":"Polygon","coordinates":[[[-95.70251,41.14462],[-95.69675,41.14477],[-95.6922,41.14547],[-95.68712,41.14461],[-95.68711,41.13677],[-95.69025,41.13677],[-95.69046,41.13854],[-95.70445,41.13857],[-95.70251,41.14462]]]}},{"type":"Feature","properties":{"name":"Mingo","county":"Jasper","type":"city"},"geometry":{"type":"Polygon","coordinates":[[[-93.28997,41.77307],[-93.28039,41.77303],[-93.28048,41.76844],[-93.27074,41.7679],[-93.27073,41.76675],[-93.27454,41.76675],[-93.27127,41.76297],[-93.27559,41.76177],[-93.27564,41.76076],[-93.29018,41.76089],[-93.28997,41.77307]]]}},{"type":"Feature","properties":{"name":"Missouri Valley","county":"Harrison","type":"city"},"geometry":{"type":"Polygon","coordinates":[[[-95.92877,41.55573],[-95.91228,41.55528],[-95.91221,41.56439],[-95.91268,41.56469],[-95.91499,41.56469],[-95.91652,41.56633],[-95.91696,41.56741],[-95.91718,41.5793],[-95.9075,41.57923],[-95.90761,41.57196],[-95.9027,41.57193],[-95.90284,41.56836],[-95.87882,41.56802],[-95.879,41.54994],[-95.9077,41.54994],[-95.90773,41.54632],[-95.91807,41.5464],[-95.91811,41.54278],[-95.92184,41.54278],[-95.92173,41.54639],[-95.92902,41.5464],[-95.92877,41.55573]]]}},{"type":"Feature","properties":{"name":"Mitchell","county":"Mitchell","type":"city"},"geometry":{"type":"Polygon","coordinates":[[[-92.88272,43.32193],[-92.8809,43.32395],[-92.8553,43.32392],[-92.85541,43.32069],[-92.86445,43.32068],[-92.86526,43.31875],[-92.87026,43.31893],[-92.87025,43.3161],[-92.869,43.31565],[-92.86896,43.31308],[-92.8754,43.31309],[-92.87539,43.3161],[-92.88131,43.3183],[-92.88272,43.32193]]]}},{"type":"Feature","properties":{"name":"Mitchellville","county":"Polk","type":"city"},"geometry":{"type":"MultiPolygon","coordinates":[[[[-93.38711,41.68005],[-93.37448,41.67985],[-93.37087,41.67839],[-93.3678,41.67812],[-93.36779,41.68025],[-93.34846,41.68074],[-93.34837,41.67683],[-93.3447,41.67691],[-93.34497,41.6733],[-93.34844,41.67325],[-93.34845,41.67175],[-93.34623,41.67186],[-93.34648,41.67142],[-93.34757,41.67122],[-93.34757,41.67024],[-93.34701,41.67024],[-93.34702,41.66944],[-93.34631,41.66953],[-93.34631,41.66816],[-93.34847,41.66824],[-93.34848,41.66604],[-93.35691,41.66603],[-93.35812,41.66166],[-93.35727,41.657],[-93.35812,41.65531],[-93.35828,41.6463],[-93.35909,41.6452],[-93.36123,41.64433],[-93.36786,41.6443],[-93.36779,41.6696],[-93.37043,41.6696],[-93.37043,41.66703],[-93.3737,41.66729],[-93.37266,41.66964],[-93.37265,41.67323],[-93.37631,41.67416],[-93.38711,41.67547],[-93.38711,41.68005]]],[[[-93.40644,41.67726],[-93.40249,41.67738],[-93.38711,41.67547],[-93.38711,41.67325],[-93.40644,41.67328],[-93.40644,41.67726]]]]}},{"type":"Feature","properties":{"name":"Modale","county":"Harrison","type":"city"},"geometry":{"type":"Polygon","coordinates":[[[-96.02173,41.62535],[-96.01338,41.62531],[-96.01332,41.62889],[-96.01187,41.62887],[-96.01099,41.62528],[-96.00232,41.62523],[-96.00238,41.6107],[-96.02152,41.61066],[-96.02191,41.61834],[-96.02173,41.62535]]]}},{"type":"Feature","properties":{"name":"Mona","county":"Mitchell","type":"community"},"geometry":{"type":"Polygon","coordinates":[[[-92.96582,43.49969],[-92.94429,43.49973],[-92.94316,43.48963],[-92.94165,43.48781],[-92.93855,43.48735],[-92.9385,43.48197],[-92.93677,43.48009],[-92.93678,43.47892],[-92.93901,43.47804],[-92.93881,43.47708],[-92.94241,43.47358],[-92.94574,43.47347],[-92.94572,43.4745],[-92.95064,43.47449],[-92.95647,43.47268],[-92.96595,43.47268],[-92.96582,43.49969]]]}},{"type":"Feature","properties":{"name":"Mondamin","county":"Harrison","type":"city"},"geometry":{"type":"Polygon","coordinates":[[[-96.02627,41.7183],[-96.02462,41.71739],[-96.0214,41.7174],[-96.02141,41.71464],[-96.0159,41.71463],[-96.01605,41.70381],[-96.02634,41.70384],[-96.02627,41.7183]]]}},{"type":"Feature","properties":{"name":"Monmouth","county":"Jackson","type":"city"},"geometry":{"type":"Polygon","coordinates":[[[-90.88966,42.08056],[-90.87487,42.08052],[-90.87488,42.06958],[-90.88951,42.06971],[-90.88966,42.08056]]]}},{"type":"Feature","properties":{"name":"Monona","county":"Clayton","type":"city"},"geometry":{"type":"Polygon","coordinates":[[[-91.40978,43.05148],[-91.4084,43.0518],[-91.39985,43.05181],[-91.39998,43.05917],[-91.38011,43.0593],[-91.37979,43.04473],[-91.38484,43.04464],[-91.38467,43.03669],[-91.39032,43.04055],[-91.38979,43.03727],[-91.39467,43.03727],[-91.39476,43.04356],[-91.39836,43.04453],[-91.40474,43.04452],[-91.40475,43.04562],[-91.39983,43.04665],[-91.39983,43.04816],[-91.40097,43.04776],[-91.4051,43.04975],[-91.40976,43.05044],[-91.40978,43.05148]]]}},{"type":"Feature","properties":{"name":"Monroe","county":"Jasper","type":"city"},"geometry":{"type":"Polygon","coordinates":[[[-93.12068,41.52274],[-93.11983,41.52379],[-93.11873,41.52275],[-93.1158,41.52276],[-93.11577,41.52635],[-93.10609,41.52643],[-93.1061,41.53002],[-93.09223,41.52994],[-93.09255,41.50831],[-93.11071,41.5083],[-93.11075,41.5119],[-93.11559,41.51187],[-93.11576,41.5191],[-93.12061,41.51913],[-93.12068,41.52274]]]}},{"type":"Feature","properties":{"name":"Montezuma","county":"Poweshiek","type":"city"},"geometry":{"type":"Polygon","coordinates":[[[-92.54697,41.59229],[-92.50867,41.59245],[-92.50867,41.58729],[-92.50685,41.58726],[-92.50684,41.58512],[-92.50868,41.58512],[-92.50866,41.57428],[-92.54677,41.57429],[-92.54697,41.59229]]]}},{"type":"Feature","properties":{"name":"Monticello","county":"Jones","type":"city"},"geometry":{"type":"Polygon","coordinates":[[[-91.2093,42.25233],[-91.2067,42.25236],[-91.20695,42.25558],[-91.20518,42.25643],[-91.2045,42.25778],[-91.19982,42.25683],[-91.19973,42.25247],[-91.19692,42.25252],[-91.19698,42.25431],[-91.19599,42.25433],[-91.19544,42.25254],[-91.19394,42.25256],[-91.19404,42.2543],[-91.19276,42.25433],[-91.19236,42.25259],[-91.19242,42.25526],[-91.19197,42.25952],[-91.18589,42.25732],[-91.18481,42.25629],[-91.18483,42.25261],[-91.17982,42.25256],[-91.17981,42.24379],[-91.18289,42.24108],[-91.17982,42.24166],[-91.17259,42.24166],[-91.17152,42.24136],[-91.17208,42.23957],[-91.17483,42.24044],[-91.17493,42.23802],[-91.16999,42.23799],[-91.16963,42.23083],[-91.16008,42.23058],[-91.16003,42.22212],[-91.1589,42.22108],[-91.16004,42.22027],[-91.15683,42.22027],[-91.15517,42.21881],[-91.15516,42.21782],[-91.15714,42.21784],[-91.15693,42.21416],[-91.15517,42.21415],[-91.15517,42.21207],[-91.15371,42.21135],[-91.15163,42.20868],[-91.15604,42.20873],[-91.15603,42.20957],[-91.15826,42.20958],[-91.15827,42.20872],[-91.15939,42.20872],[-91.16007,42.21032],[-91.16365,42.21577],[-91.16491,42.21579],[-91.16495,42.20873],[-91.17977,42.20874],[-91.17983,42.20135],[-91.19943,42.20134],[-91.19932,42.20848],[-91.19847,42.20882],[-91.19615,42.20881],[-91.19006,42.21298],[-91.18993,42.21444],[-91.18874,42.21401],[-91.18921,42.21311],[-91.18836,42.21244],[-91.17472,42.2124],[-91.17477,42.22339],[-91.17829,42.2234],[-91.17829,42.22569],[-91.17971,42.22707],[-91.18753,42.22705],[-91.18623,42.22609],[-91.18878,42.2256],[-91.18844,42.2215],[-91.19027,42.22171],[-91.18903,42.22276],[-91.19069,42.22557],[-91.1968,42.22185],[-91.19822,42.22183],[-91.20444,42.22337],[-91.20908,42.2234],[-91.2093,42.25233]]]}},{"type":"Feature","properties":{"name":"Montour","county":"Tama","type":"city"},"geometry":{"type":"Polygon","coordinates":[[[-92.72562,41.98152],[-92.72075,41.98039],[-92.72077,41.98557],[-92.70848,41.98507],[-92.70847,41.97489],[-92.71747,41.97495],[-92.71828,41.97862],[-92.72567,41.97867],[-92.72562,41.98152]]]}},{"type":"Feature","properties":{"name":"Montpelier","county":"Muscatine","type":"community"},"geometry":{"type":"Polygon","coordinates":[[[-90.8199,41.46548],[-90.80686,41.46564],[-90.80557,41.46593],[-90.80209,41.46199],[-90.80398,41.45901],[-90.80291,41.4569],[-90.81124,41.45724],[-90.81757,41.45687],[-90.81837,41.45875],[-90.82034,41.46068],[-90.8199,41.46548]]]}},{"type":"Feature","properties":{"name":"Montrose","county":"Lee","type":"city"},"geometry":{"type":"Polygon","coordinates":[[[-91.42908,40.52502],[-91.4214,40.53333],[-91.4235,40.53335],[-91.42346,40.53491],[-91.42003,40.53485],[-91.41818,40.5367],[-91.41316,40.53265],[-91.40962,40.53082],[-91.40081,40.52922],[-91.39423,40.52733],[-91.39327,40.52527],[-91.3939,40.52472],[-91.39973,40.52724],[-91.4027,40.52439],[-91.40472,40.52341],[-91.40458,40.52643],[-91.41375,40.5162],[-91.42381,40.52199],[-91.42392,40.51583],[-91.42867,40.51589],[-91.42858,40.52119],[-91.42908,40.52502]]]}},{"type":"Feature","properties":{"name":"Mooar","county":"Lee","type":"community"},"geometry":{"type":"Polygon","coordinates":[[[-91.46365,40.43619],[-91.46124,40.43655],[-91.45803,40.44004],[-91.45448,40.44319],[-91.45169,40.44382],[-91.44052,40.44371],[-91.43836,40.44415],[-91.42566,40.43649],[-91.42615,40.42169],[-91.43842,40.42187],[-91.44265,40.42295],[-91.4486,40.42213],[-91.46391,40.42237],[-91.46365,40.43619]]]}},{"type":"Feature","properties":{"name":"Moorhead","county":"Monona","type":"city"},"geometry":{"type":"Polygon","coordinates":[[[-95.85598,41.92497],[-95.85264,41.92497],[-95.85269,41.92845],[-95.84765,41.9285],[-95.84775,41.91913],[-95.85602,41.91899],[-95.85598,41.92497]]]}},{"type":"Feature","properties":{"name":"Moorland","county":"Webster","type":"city"},"geometry":{"type":"Polygon","coordinates":[[[-94.31002,42.44867],[-94.28087,42.44891],[-94.28079,42.43439],[-94.30998,42.43422],[-94.31002,42.44867]]]}},{"type":"Feature","properties":{"name":"Moravia","county":"Appanoose","type":"city"},"geometry":{"type":"Polygon","coordinates":[[[-92.8308,40.89855],[-92.82192,40.89856],[-92.82192,40.89891],[-92.82138,40.89891],[-92.82139,40.89961],[-92.82086,40.89961],[-92.82086,40.89856],[-92.80666,40.8986],[-92.80662,40.88511],[-92.83033,40.88512],[-92.83111,40.89262],[-92.8308,40.89855]]]}},{"type":"Feature","properties":{"name":"Morley","county":"Jones","type":"city"},"geometry":{"type":"Polygon","coordinates":[[[-91.24966,42.00762],[-91.24203,42.0079],[-91.24212,42.00473],[-91.2497,42.00445],[-91.24966,42.00762]]]}},{"type":"Feature","properties":{"name":"Morning Sun","county":"Louisa","type":"city"},"geometry":{"type":"Polygon","coordinates":[[[-91.26035,41.08868],[-91.2603,41.09993],[-91.25351,41.09958],[-91.24064,41.09953],[-91.24086,41.08857],[-91.26035,41.08868]]]}},{"type":"Feature","properties":{"name":"Morrison","county":"Grundy","type":"city"},"geometry":{"type":"Polygon","coordinates":[[[-92.67566,42.34628],[-92.67072,42.34509],[-92.67076,42.34022],[-92.6757,42.34024],[-92.67566,42.34628]]]}},{"type":"Feature","properties":{"name":"Moscow","county":"Muscatine","type":"community"},"geometry":{"type":"Polygon","coordinates":[[[-91.10375,41.56885],[-91.10212,41.57138],[-91.09864,41.57348],[-91.0972,41.57371],[-91.09068,41.57305],[-91.08731,41.57397],[-91.08394,41.57934],[-91.08475,41.58144],[-91.07387,41.58138],[-91.07385,41.57571],[-91.06558,41.57782],[-91.06569,41.57572],[-91.06318,41.57305],[-91.06542,41.57254],[-91.0677,41.57057],[-91.06772,41.56912],[-91.06939,41.56672],[-91.1054,41.56715],[-91.10375,41.56885]]]}},{"type":"Feature","properties":{"name":"Moulton","county":"Appanoose","type":"city"},"geometry":{"type":"Polygon","coordinates":[[[-92.68584,40.69277],[-92.66684,40.69279],[-92.66673,40.67831],[-92.68573,40.67828],[-92.68584,40.69277]]]}},{"type":"Feature","properties":{"name":"Mount Auburn","county":"Benton","type":"city"},"geometry":{"type":"Polygon","coordinates":[[[-92.09847,42.26105],[-92.08926,42.261],[-92.08929,42.25387],[-92.09059,42.25387],[-92.09059,42.25332],[-92.09224,42.25331],[-92.09223,42.25386],[-92.09307,42.25386],[-92.09308,42.25294],[-92.09553,42.25386],[-92.0985,42.25385],[-92.09847,42.26105]]]}},{"type":"Feature","properties":{"name":"Mount Ayr","county":"Ringgold","type":"city"},"geometry":{"type":"Polygon","coordinates":[[[-94.25995,40.71098],[-94.25574,40.71095],[-94.25573,40.71259],[-94.25474,40.71258],[-94.25473,40.71454],[-94.25493,40.71454],[-94.25288,40.71621],[-94.25267,40.72492],[-94.24532,40.72508],[-94.24529,40.72754],[-94.24317,40.72754],[-94.24319,40.73001],[-94.24079,40.73146],[-94.24145,40.72978],[-94.24144,40.72708],[-94.24046,40.72708],[-94.24047,40.72508],[-94.23921,40.7262],[-94.23791,40.72516],[-94.22839,40.72534],[-94.22835,40.72887],[-94.22367,40.72894],[-94.22362,40.72043],[-94.22195,40.7204],[-94.22159,40.71959],[-94.22162,40.71806],[-94.22359,40.71807],[-94.2235,40.71211],[-94.22034,40.7122],[-94.22034,40.71108],[-94.21891,40.71109],[-94.21896,40.70118],[-94.22058,40.70114],[-94.22057,40.70385],[-94.22248,40.70386],[-94.22369,40.70328],[-94.22372,40.69662],[-94.22844,40.69659],[-94.22838,40.70382],[-94.22369,40.70387],[-94.22367,40.70749],[-94.23083,40.70741],[-94.23085,40.7038],[-94.23239,40.70318],[-94.23328,40.70377],[-94.25471,40.7037],[-94.25474,40.70903],[-94.25992,40.70907],[-94.25995,40.71098]]]}},{"type":"Feature","properties":{"name":"Mount Pleasant","county":"Henry","type":"city"},"geometry":{"type":"MultiPolygon","coordinates":[[[[-91.58319,40.95981],[-91.58304,40.97478],[-91.57468,40.97388],[-91.57471,40.98024],[-91.56878,40.98018],[-91.56879,40.98148],[-91.56173,40.98146],[-91.56162,40.98844],[-91.55545,40.98835],[-91.55439,40.98769],[-91.55439,40.98242],[-91.55676,40.98147],[-91.54956,40.9814],[-91.54957,40.98831],[-91.54404,40.98845],[-91.54531,40.98714],[-91.54476,40.98134],[-91.54163,40.98135],[-91.54298,40.98333],[-91.5429,40.98842],[-91.53787,40.98834],[-91.53874,40.98137],[-91.53515,40.98137],[-91.53511,40.97762],[-91.53033,40.97765],[-91.53034,40.98137],[-91.52554,40.9814],[-91.52551,40.97406],[-91.51581,40.97396],[-91.5158,40.96667],[-91.5154,40.96071],[-91.51585,40.95781],[-91.51594,40.9521],[-91.50905,40.95202],[-91.50922,40.94473],[-91.5061,40.94087],[-91.50656,40.93849],[-91.51082,40.94475],[-91.51599,40.94481],[-91.51602,40.9375],[-91.54001,40.93762],[-91.53994,40.93986],[-91.54475,40.93988],[-91.54475,40.94106],[-91.54747,40.94108],[-91.54746,40.93948],[-91.54961,40.93947],[-91.54962,40.94136],[-91.55203,40.94137],[-91.55142,40.94422],[-91.54965,40.94495],[-91.54957,40.95515],[-91.54879,40.95582],[-91.55078,40.9554],[-91.55079,40.95224],[-91.55443,40.95237],[-91.55441,40.9537],[-91.55297,40.95368],[-91.55439,40.95588],[-91.5544,40.9554],[-91.55676,40.9559],[-91.55678,40.95461],[-91.56398,40.95421],[-91.564,40.95234],[-91.57117,40.95244],[-91.57118,40.94942],[-91.57362,40.94945],[-91.57361,40.951],[-91.57708,40.95104],[-91.57708,40.9525],[-91.5826,40.95256],[-91.58025,40.95553],[-91.57836,40.95551],[-91.57841,40.95978],[-91.58319,40.95981]],[[-91.5748,40.96699],[-91.56652,40.96656],[-91.56746,40.96815],[-91.56562,40.96826],[-91.56878,40.96914],[-91.56896,40.97138],[-91.57446,40.97115],[-91.5748,40.96699]],[[-91.52916,40.96514],[-91.52755,40.96559],[-91.52551,40.96508],[-91.52883,40.96661],[-91.52916,40.96514]]],[[[-91.58777,40.98179],[-91.58156,40.9804],[-91.5815,40.97922],[-91.5831,40.97507],[-91.5853,40.97684],[-91.58591,40.97885],[-91.59132,40.9806],[-91.58777,40.98179]]]]}},{"type":"Feature","properties":{"name":"Mount Sterling","county":"Van Buren","type":"community"},"geometry":{"type":"Polygon","coordinates":[[[-91.94453,40.6218],[-91.92765,40.62121],[-91.92971,40.61447],[-91.93927,40.61453],[-91.93927,40.61621],[-91.93827,40.61622],[-91.94025,40.61863],[-91.94448,40.61919],[-91.94453,40.6218]]]}},{"type":"Feature","properties":{"name":"Mount Union","county":"Henry","type":"community"},"geometry":{"type":"Polygon","coordinates":[[[-91.39693,41.05983],[-91.39474,41.05981],[-91.39471,41.06113],[-91.39356,41.06113],[-91.38996,41.06097],[-91.38997,41.05973],[-91.38753,41.05972],[-91.38682,41.05814],[-91.38764,41.05392],[-91.39128,41.05381],[-91.39128,41.05511],[-91.39488,41.05556],[-91.39693,41.05983]]]}},{"type":"Feature","properties":{"name":"Mount Vernon","county":"Linn","type":"city"},"geometry":{"type":"Polygon","coordinates":[[[-91.44376,41.9104],[-91.44362,41.93588],[-91.40486,41.93597],[-91.40507,41.91054],[-91.44376,41.9104]]]}},{"type":"Feature","properties":{"name":"Moville","county":"Woodbury","type":"city"},"geometry":{"type":"Polygon","coordinates":[[[-96.07979,42.48432],[-96.07869,42.48512],[-96.07763,42.48649],[-96.07574,42.49069],[-96.07577,42.49659],[-96.07076,42.49658],[-96.07079,42.49875],[-96.06874,42.499],[-96.06848,42.50094],[-96.06603,42.50021],[-96.06596,42.49656],[-96.05622,42.49633],[-96.0562,42.49003],[-96.05653,42.48958],[-96.06376,42.48928],[-96.06535,42.48871],[-96.0653,42.48662],[-96.06337,42.4867],[-96.06331,42.48206],[-96.06494,42.48162],[-96.06099,42.48159],[-96.06097,42.48046],[-96.06382,42.47995],[-96.06531,42.48163],[-96.06531,42.48207],[-96.07551,42.48209],[-96.07577,42.4834],[-96.07647,42.48274],[-96.07796,42.48236],[-96.07914,42.48437],[-96.07953,42.48412],[-96.07979,42.48432]]]}},{"type":"Feature","properties":{"name":"Murray","county":"Clarke","type":"city"},"geometry":{"type":"Polygon","coordinates":[[[-93.95652,41.04866],[-93.94125,41.04851],[-93.94106,41.03399],[-93.95647,41.03419],[-93.95652,41.04866]]]}},{"type":"Feature","properties":{"name":"Muscatine","county":"Muscatine","type":"city"},"geometry":{"type":"Polygon","coordinates":[[[-91.16127,41.3639],[-91.15765,41.36385],[-91.15746,41.37159],[-91.16053,41.37337],[-91.15847,41.37553],[-91.15657,41.37468],[-91.13819,41.37447],[-91.13813,41.37796],[-91.11893,41.37792],[-91.11881,41.38525],[-91.10931,41.38519],[-91.10916,41.39252],[-91.09005,41.39241],[-91.08914,41.42771],[-91.08903,41.44672],[-91.09125,41.44674],[-91.08903,41.44859],[-91.08897,41.45368],[-91.07917,41.45417],[-91.04012,41.45353],[-91.03995,41.46441],[-91.03565,41.46364],[-91.03332,41.46363],[-91.03466,41.46632],[-91.03384,41.46848],[-91.02636,41.46838],[-91.02221,41.47324],[-91.01999,41.47876],[-91.01502,41.47872],[-91.01512,41.47502],[-91.01395,41.47501],[-91.01392,41.47871],[-91.00782,41.47866],[-91.00787,41.47616],[-91.00705,41.47655],[-91.00563,41.4757],[-91.00508,41.4765],[-91.003,41.47589],[-91.00293,41.47863],[-90.9981,41.47858],[-90.99771,41.47698],[-90.99721,41.47669],[-91.00292,41.46955],[-91.00801,41.46959],[-91.00797,41.4714],[-91.01298,41.47144],[-91.01319,41.46151],[-91.00833,41.4641],[-91.00838,41.4568],[-91.015,41.45688],[-91.01508,41.45327],[-91.01383,41.45325],[-91.01387,41.44959],[-91.01474,41.44522],[-91.01086,41.44516],[-91.00979,41.44176],[-91.01235,41.4411],[-91.01131,41.43785],[-91.01544,41.43672],[-91.01655,41.43856],[-91.0178,41.43942],[-91.02092,41.44039],[-91.02146,41.42417],[-91.02779,41.4236],[-91.03713,41.42002],[-91.04399,41.4159],[-91.04589,41.41409],[-91.04782,41.4109],[-91.05033,41.40005],[-91.05101,41.38756],[-91.05158,41.38528],[-91.0527,41.38394],[-91.0586,41.38402],[-91.0586,41.38468],[-91.06613,41.38481],[-91.06591,41.38938],[-91.07226,41.38941],[-91.07171,41.39211],[-91.07988,41.39198],[-91.08366,41.38996],[-91.08574,41.39025],[-91.1231,41.35975],[-91.1539,41.36015],[-91.15732,41.35853],[-91.16013,41.36205],[-91.16127,41.36207],[-91.16127,41.3639]]]}},{"type":"Feature","properties":{"name":"Mystic","county":"Appanoose","type":"city"},"geometry":{"type":"Polygon","coordinates":[[[-92.96377,40.7901],[-92.92553,40.79039],[-92.92557,40.76846],[-92.93953,40.76855],[-92.93973,40.77576],[-92.94451,40.77572],[-92.94444,40.7649],[-92.9588,40.76481],[-92.95889,40.77565],[-92.96366,40.77563],[-92.96377,40.7901]]]}},{"type":"Feature","properties":{"name":"Nashua","county":"Chickasaw","type":"city"},"geometry":{"type":"Polygon","coordinates":[[[-92.55911,42.96165],[-92.55414,42.96163],[-92.55414,42.96269],[-92.55139,42.96271],[-92.54816,42.95807],[-92.5465,42.9581],[-92.54768,42.9592],[-92.54716,42.96098],[-92.54515,42.96073],[-92.54504,42.96539],[-92.52529,42.9655],[-92.52522,42.93626],[-92.53514,42.93627],[-92.53511,42.94059],[-92.54002,42.94058],[-92.54,42.93624],[-92.55926,42.93619],[-92.55911,42.96165]]]}},{"type":"Feature","properties":{"name":"Nemaha","county":"Sac","type":"city"},"geometry":{"type":"Polygon","coordinates":[[[-95.09149,42.51797],[-95.09028,42.51798],[-95.08287,42.51253],[-95.08657,42.51299],[-95.09147,42.51298],[-95.09149,42.51797]]]}},{"type":"Feature","properties":{"name":"Neola","county":"Pottawattamie","type":"city"},"geometry":{"type":"Polygon","coordinates":[[[-95.62657,41.46273],[-95.61698,41.46274],[-95.61701,41.45988],[-95.62174,41.46008],[-95.62172,41.45802],[-95.61676,41.45786],[-95.6148,41.45551],[-95.60854,41.45549],[-95.61012,41.453],[-95.61041,41.45206],[-95.60995,41.45184],[-95.61116,41.45033],[-95.61115,41.44712],[-95.61206,41.44712],[-95.61207,41.44361],[-95.62161,41.44045],[-95.62162,41.44556],[-95.6239,41.44363],[-95.62423,41.44825],[-95.62165,41.44825],[-95.62166,41.44962],[-95.62311,41.45053],[-95.624,41.45243],[-95.62256,41.45244],[-95.62336,41.45548],[-95.62651,41.45547],[-95.62657,41.46273]]]}},{"type":"Feature","properties":{"name":"Nevada","county":"Story","type":"city"},"geometry":{"type":"Polygon","coordinates":[[[-93.53019,42.0347],[-93.52172,42.03471],[-93.52159,42.02931],[-93.51177,42.02879],[-93.51186,42.0347],[-93.50198,42.03468],[-93.5019,42.02806],[-93.47254,42.02678],[-93.47249,42.02287],[-93.46819,42.02282],[-93.47023,42.02506],[-93.47066,42.02603],[-93.4628,42.02566],[-93.46276,42.03458],[-93.43493,42.03452],[-93.43489,42.02275],[-93.43458,42.02275],[-93.43491,42.00093],[-93.44457,42.00089],[-93.44455,41.99723],[-93.44939,41.99727],[-93.44936,42.0027],[-93.45012,42.00094],[-93.46284,42.00084],[-93.46285,41.99998],[-93.46441,41.99997],[-93.46445,42.00103],[-93.46771,42.00106],[-93.4677,42.00467],[-93.47253,42.0047],[-93.47252,42.00697],[-93.47698,42.00794],[-93.49201,42.00885],[-93.48217,42.00904],[-93.48228,42.02283],[-93.52142,42.02313],[-93.52157,42.02902],[-93.53005,42.02949],[-93.53019,42.0347]]]}},{"type":"Feature","properties":{"name":"New Albin","county":"Allamakee","type":"city"},"geometry":{"type":"Polygon","coordinates":[[[-91.29369,43.49587],[-91.29196,43.49799],[-91.29193,43.50093],[-91.28213,43.50095],[-91.28271,43.49828],[-91.28529,43.49261],[-91.29199,43.49266],[-91.29198,43.49586],[-91.29369,43.49587]]]}},{"type":"Feature","properties":{"name":"New Hampton","county":"Chickasaw","type":"city"},"geometry":{"type":"Polygon","coordinates":[[[-92.33779,43.06612],[-92.33629,43.06714],[-92.33257,43.06709],[-92.33071,43.06633],[-92.32958,43.06699],[-92.32956,43.07424],[-92.3278,43.07418],[-92.32778,43.0778],[-92.31782,43.07751],[-92.31782,43.07018],[-92.30866,43.07016],[-92.3087,43.0667],[-92.30372,43.06673],[-92.30374,43.0631],[-92.29876,43.06303],[-92.29878,43.05952],[-92.29756,43.05955],[-92.2976,43.05589],[-92.29883,43.05586],[-92.29886,43.05227],[-92.28881,43.05247],[-92.28884,43.04503],[-92.30028,43.04491],[-92.30435,43.04851],[-92.30372,43.04909],[-92.30372,43.0529],[-92.30786,43.05285],[-92.30786,43.05548],[-92.30862,43.05548],[-92.30853,43.04848],[-92.31783,43.04834],[-92.31783,43.03746],[-92.30591,43.03756],[-92.30596,43.03027],[-92.31784,43.03016],[-92.31783,43.03636],[-92.31965,43.03641],[-92.31965,43.03749],[-92.32535,43.0376],[-92.32532,43.04305],[-92.32006,43.04292],[-92.32006,43.04838],[-92.32782,43.04853],[-92.32785,43.05616],[-92.33265,43.05628],[-92.332,43.05949],[-92.33783,43.05984],[-92.33779,43.06612]]]}},{"type":"Feature","properties":{"name":"New Hartford","county":"Butler","type":"city"},"geometry":{"type":"Polygon","coordinates":[[[-92.63281,42.57028],[-92.62332,42.57023],[-92.62317,42.57163],[-92.61838,42.57165],[-92.61838,42.57021],[-92.61345,42.57023],[-92.61339,42.57352],[-92.61767,42.57433],[-92.61841,42.57775],[-92.61398,42.57776],[-92.61329,42.57693],[-92.61331,42.57372],[-92.60849,42.57332],[-92.60852,42.57082],[-92.61345,42.57009],[-92.61348,42.56316],[-92.63294,42.56307],[-92.63281,42.57028]]]}},{"type":"Feature","properties":{"name":"New Haven","county":"Mitchell","type":"community"},"geometry":{"type":"Polygon","coordinates":[[[-92.65578,43.28544],[-92.65401,43.28747],[-92.65341,43.28983],[-92.6534,43.29872],[-92.63363,43.29886],[-92.63378,43.26239],[-92.63731,43.26109],[-92.63997,43.26319],[-92.64132,43.26701],[-92.63968,43.2686],[-92.6425,43.26897],[-92.64403,43.2719],[-92.64613,43.27386],[-92.64544,43.27559],[-92.64619,43.27864],[-92.64929,43.27922],[-92.65472,43.28297],[-92.65578,43.28544]]]}},{"type":"Feature","properties":{"name":"New Liberty","county":"Scott","type":"city"},"geometry":{"type":"Polygon","coordinates":[[[-90.88087,41.71889],[-90.8771,41.71886],[-90.87758,41.71709],[-90.87398,41.71619],[-90.8753,41.71464],[-90.87345,41.71319],[-90.8793,41.71322],[-90.87802,41.7152],[-90.88103,41.71654],[-90.88087,41.71889]]]}},{"type":"Feature","properties":{"name":"New London","county":"Henry","type":"city"},"geometry":{"type":"Polygon","coordinates":[[[-91.41393,40.91571],[-91.40993,40.92116],[-91.41018,40.9296],[-91.40987,40.93188],[-91.40752,40.93188],[-91.40752,40.93307],[-91.40471,40.93201],[-91.39464,40.93184],[-91.39458,40.92652],[-91.38628,40.92001],[-91.38628,40.91718],[-91.38727,40.91592],[-91.38628,40.91438],[-91.39435,40.9144],[-91.39441,40.91882],[-91.39257,40.91884],[-91.39579,40.92087],[-91.39655,40.91882],[-91.39871,40.91881],[-91.39871,40.9203],[-91.40042,40.92026],[-91.40042,40.91984],[-91.40327,40.92027],[-91.4033,40.91954],[-91.40763,40.91946],[-91.4089,40.91823],[-91.40711,40.91709],[-91.40517,40.91731],[-91.40522,40.91437],[-91.41008,40.9144],[-91.40999,40.91084],[-91.4124,40.91084],[-91.41243,40.91498],[-91.41393,40.91571]]]}},{"type":"Feature","properties":{"name":"New Market","county":"Taylor","type":"city"},"geometry":{"type":"Polygon","coordinates":[[[-94.90887,40.73106],[-94.90426,40.73106],[-94.9044,40.73832],[-94.89488,40.73828],[-94.89455,40.72746],[-94.90877,40.72758],[-94.90887,40.73106]]]}},{"type":"Feature","properties":{"name":"New Providence","county":"Hardin","type":"city"},"geometry":{"type":"Polygon","coordinates":[[[-93.18138,42.2886],[-93.16192,42.28857],[-93.16184,42.27407],[-93.18134,42.27409],[-93.18138,42.2886]]]}},{"type":"Feature","properties":{"name":"New Sharon","county":"Mahaska","type":"city"},"geometry":{"type":"Polygon","coordinates":[[[-92.66114,41.46602],[-92.66105,41.47695],[-92.64184,41.47701],[-92.64179,41.4625],[-92.65628,41.4624],[-92.65631,41.46606],[-92.66114,41.46602]]]}},{"type":"Feature","properties":{"name":"New Vienna","county":"Dubuque","type":"city"},"geometry":{"type":"Polygon","coordinates":[[[-91.11849,42.55383],[-91.10812,42.55383],[-91.10819,42.54634],[-91.10677,42.54454],[-91.1114,42.54436],[-91.11174,42.5408],[-91.11913,42.54078],[-91.11849,42.55383]]]}},{"type":"Feature","properties":{"name":"New Virginia","county":"Warren","type":"city"},"geometry":{"type":"Polygon","coordinates":[[[-93.73744,41.18028],[-93.73638,41.18393],[-93.73468,41.18759],[-93.72548,41.18757],[-93.72522,41.17652],[-93.73745,41.17643],[-93.73744,41.18028]]]}},{"type":"Feature","properties":{"name":"Newell","county":"Buena Vista","type":"city"},"geometry":{"type":"Polygon","coordinates":[[[-95.01522,42.60681],[-95.01338,42.60698],[-95.01358,42.61879],[-94.99388,42.61872],[-94.9937,42.60418],[-94.99614,42.6042],[-94.99611,42.60055],[-95.00242,42.60055],[-95.00236,42.59877],[-95.00511,42.59878],[-95.00513,42.60062],[-95.01327,42.60064],[-95.01332,42.60431],[-95.01517,42.60433],[-95.01522,42.60681]]]}},{"type":"Feature","properties":{"name":"Newhall","county":"Benton","type":"city"},"geometry":{"type":"Polygon","coordinates":[[[-91.97467,41.99582],[-91.97314,41.99666],[-91.96794,41.99655],[-91.96678,41.99789],[-91.96665,41.99648],[-91.96191,41.99628],[-91.9607,41.99487],[-91.96208,41.98949],[-91.96827,41.98992],[-91.9683,41.98819],[-91.96995,41.9882],[-91.97003,41.99157],[-91.97222,41.99249],[-91.9746,41.99249],[-91.97467,41.99582]]]}},{"type":"Feature","properties":{"name":"Newton","county":"Jasper","type":"city"},"geometry":{"type":"Polygon","coordinates":[[[-93.08594,41.68539],[-93.08522,41.68832],[-93.08407,41.68959],[-93.07736,41.69422],[-93.07733,41.69916],[-93.07509,41.69916],[-93.0749,41.70088],[-93.07537,41.70272],[-93.07663,41.70272],[-93.07657,41.70638],[-93.07449,41.70638],[-93.0743,41.70738],[-93.06819,41.71361],[-93.08068,41.71366],[-93.08048,41.72089],[-93.06753,41.72072],[-93.06761,41.71716],[-93.0645,41.71711],[-93.05939,41.72076],[-93.05796,41.71967],[-93.05788,41.71775],[-93.04848,41.71771],[-93.04847,41.71962],[-93.04615,41.71961],[-93.04616,41.71766],[-93.03268,41.71765],[-93.02907,41.72033],[-93.02832,41.71719],[-93.0197,41.7172],[-93.02251,41.7208],[-93.02519,41.72302],[-93.02421,41.72373],[-93.02424,41.72972],[-93.02751,41.7297],[-93.0275,41.73165],[-93.01932,41.73161],[-93.01934,41.7208],[-93.00963,41.7209],[-93.00965,41.71003],[-93.01409,41.71001],[-93.01414,41.70327],[-93.01373,41.69942],[-93.00961,41.69958],[-93.00965,41.70278],[-92.99996,41.70277],[-92.99982,41.70204],[-93.00951,41.6997],[-93.0096,41.69023],[-93.0048,41.69015],[-93.0048,41.68831],[-92.99999,41.68829],[-92.99993,41.68499],[-93.00481,41.68338],[-93.01462,41.68362],[-93.01465,41.68287],[-93.01373,41.6824],[-93.00567,41.68236],[-92.99992,41.68072],[-92.99468,41.68194],[-92.99469,41.67784],[-92.99998,41.67775],[-92.99993,41.67703],[-93.00393,41.67504],[-93.00285,41.67408],[-93.00587,41.67387],[-93.00639,41.67322],[-93.00672,41.67229],[-93.00301,41.67296],[-93.0004,41.67117],[-93.00496,41.67122],[-93.00427,41.6705],[-93.0042,41.66793],[-93.0024,41.66813],[-93.00202,41.66684],[-93.00974,41.66686],[-93.00972,41.6641],[-93.00829,41.66275],[-93.01026,41.66327],[-93.01463,41.66327],[-93.01462,41.6649],[-93.01673,41.66687],[-93.0195,41.66689],[-93.01951,41.66949],[-93.02446,41.67422],[-93.02935,41.67423],[-93.02935,41.67791],[-93.03317,41.68048],[-93.0709,41.68016],[-93.07098,41.67406],[-93.07214,41.67412],[-93.07208,41.67894],[-93.07387,41.67895],[-93.07384,41.67767],[-93.08582,41.67782],[-93.08509,41.68085],[-93.08594,41.68539]]]}},{"type":"Feature","properties":{"name":"Nichols","county":"Muscatine","type":"city"},"geometry":{"type":"Polygon","coordinates":[[[-91.31477,41.47368],[-91.30935,41.48232],[-91.30676,41.48554],[-91.30263,41.48525],[-91.30263,41.48221],[-91.30089,41.48109],[-91.30535,41.48112],[-91.3053,41.47841],[-91.30772,41.47839],[-91.30836,41.47483],[-91.30963,41.4737],[-91.31477,41.47368]]]}},{"type":"Feature","properties":{"name":"Nodaway","county":"Adams","type":"city"},"geometry":{"type":"Polygon","coordinates":[[[-94.90561,40.94041],[-94.89598,40.94061],[-94.89604,40.94425],[-94.89129,40.94444],[-94.89123,40.9408],[-94.88644,40.94226],[-94.88643,40.94077],[-94.88882,40.94076],[-94.88881,40.93707],[-94.89119,40.93708],[-94.89128,40.92986],[-94.90556,40.92959],[-94.90561,40.94041]]]}},{"type":"Feature","properties":{"name":"Nora Springs","county":"Floyd","type":"city"},"geometry":{"type":"Polygon","coordinates":[[[-93.02893,43.14973],[-93.02429,43.14747],[-93.02368,43.14746],[-93.02385,43.15534],[-92.99459,43.15536],[-92.99443,43.13363],[-93.02344,43.13361],[-93.02367,43.14698],[-93.02986,43.1473],[-93.02893,43.14973]]]}},{"type":"Feature","properties":{"name":"North Buena Vista","county":"Clayton","type":"city"},"geometry":{"type":"Polygon","coordinates":[[[-90.96644,42.68694],[-90.94694,42.68415],[-90.94684,42.67508],[-90.9563,42.67509],[-90.95678,42.66786],[-90.96629,42.66793],[-90.96644,42.68694]]]}},{"type":"Feature","properties":{"name":"North English","county":"Iowa","type":"city"},"geometry":{"type":"Polygon","coordinates":[[[-92.08909,41.51741],[-92.08428,41.51756],[-92.08431,41.51947],[-92.08307,41.51947],[-92.0831,41.52154],[-92.0795,41.52155],[-92.07953,41.52652],[-92.07476,41.52653],[-92.07466,41.51823],[-92.06986,41.51825],[-92.06986,41.51038],[-92.07644,41.51036],[-92.07644,41.50968],[-92.07896,41.50969],[-92.07893,41.51035],[-92.08192,41.51034],[-92.08196,41.51388],[-92.0849,41.51392],[-92.08487,41.51559],[-92.0891,41.516],[-92.08909,41.51741]]]}},{"type":"Feature","properties":{"name":"North Liberty","county":"Johnson","type":"city"},"geometry":{"type":"MultiPolygon","coordinates":[[[[-91.64688,41.73049],[-91.61754,41.73052],[-91.61749,41.73315],[-91.62474,41.73325],[-91.62479,41.73067],[-91.62727,41.73066],[-91.62724,41.73415],[-91.63945,41.73421],[-91.6395,41.73071],[-91.64171,41.73072],[-91.64177,41.74775],[-91.64141,41.74947],[-91.63987,41.75194],[-91.63696,41.7525],[-91.63964,41.75271],[-91.64144,41.75519],[-91.64142,41.75976],[-91.62714,41.75971],[-91.6271,41.76333],[-91.62223,41.76328],[-91.6222,41.76694],[-91.61829,41.767],[-91.62044,41.77057],[-91.62021,41.77198],[-91.61151,41.7719],[-91.61151,41.77044],[-91.6081,41.77038],[-91.60772,41.7668],[-91.60027,41.76663],[-91.59777,41.76706],[-91.5978,41.77024],[-91.58826,41.77013],[-91.58685,41.76959],[-91.58716,41.76653],[-91.5921,41.76657],[-91.59218,41.76199],[-91.5938,41.76202],[-91.59383,41.76084],[-91.59577,41.76088],[-91.59581,41.75918],[-91.59054,41.75927],[-91.59042,41.75202],[-91.57464,41.75189],[-91.57366,41.7508],[-91.57587,41.7496],[-91.57576,41.74468],[-91.5711,41.74465],[-91.571,41.73909],[-91.56619,41.73899],[-91.5661,41.73383],[-91.57276,41.7336],[-91.57276,41.73071],[-91.57481,41.7307],[-91.57576,41.73236],[-91.57574,41.73363],[-91.57683,41.73364],[-91.57682,41.73485],[-91.58053,41.73489],[-91.58048,41.73371],[-91.59026,41.73381],[-91.59019,41.73017],[-91.59326,41.73018],[-91.59332,41.72653],[-91.5876,41.7265],[-91.58758,41.72505],[-91.58583,41.72505],[-91.58571,41.72289],[-91.60781,41.72305],[-91.60788,41.71943],[-91.63471,41.71965],[-91.63468,41.72326],[-91.64224,41.72357],[-91.64694,41.72339],[-91.64688,41.73049]]],[[[-91.65158,41.74528],[-91.6515,41.75258],[-91.64493,41.7525],[-91.64298,41.74968],[-91.64289,41.74518],[-91.65158,41.74528]]]]}},{"type":"Feature","properties":{"name":"North Washington","county":"Chickasaw","type":"city"},"geometry":{"type":"Polygon","coordinates":[[[-92.41927,43.12198],[-92.41432,43.12203],[-92.41433,43.12068],[-92.41187,43.12071],[-92.41202,43.11175],[-92.41692,43.11166],[-92.41685,43.11679],[-92.41865,43.11704],[-92.41861,43.11973],[-92.41927,43.12198]]]}},{"type":"Feature","properties":{"name":"Northboro","county":"Page","type":"city"},"geometry":{"type":"Polygon","coordinates":[[[-95.29732,40.61099],[-95.28772,40.61096],[-95.28773,40.60366],[-95.29716,40.60369],[-95.29732,40.61099]]]}},{"type":"Feature","properties":{"name":"Northwood","county":"Worth","type":"city"},"geometry":{"type":"Polygon","coordinates":[[[-93.23591,43.45875],[-93.19624,43.45842],[-93.19594,43.42959],[-93.23563,43.42972],[-93.23591,43.45875]]]}},{"type":"Feature","properties":{"name":"Norwalk","county":"Warren","type":"city"},"geometry":{"type":"Polygon","coordinates":[[[-93.73196,41.51209],[-93.6981,41.51198],[-93.69815,41.51352],[-93.67422,41.51402],[-93.67428,41.51206],[-93.65889,41.51206],[-93.65778,41.50789],[-93.65459,41.5089],[-93.65483,41.49756],[-93.65967,41.49752],[-93.65976,41.49021],[-93.66456,41.49019],[-93.66464,41.48298],[-93.65985,41.48294],[-93.65983,41.48477],[-93.65501,41.48473],[-93.65503,41.48336],[-93.6563,41.48338],[-93.65628,41.48053],[-93.65504,41.48053],[-93.65504,41.48132],[-93.65242,41.48134],[-93.65048,41.48267],[-93.64533,41.48291],[-93.64531,41.47613],[-93.6445,41.47536],[-93.65015,41.47565],[-93.65014,41.4682],[-93.65495,41.46822],[-93.65496,41.47009],[-93.65735,41.47005],[-93.65743,41.47559],[-93.66849,41.47536],[-93.66848,41.46984],[-93.66949,41.46804],[-93.67905,41.468],[-93.67872,41.45713],[-93.67414,41.45708],[-93.67409,41.45847],[-93.66939,41.45716],[-93.66939,41.45628],[-93.66466,41.45637],[-93.66505,41.45106],[-93.66739,41.45141],[-93.66716,41.44949],[-93.66881,41.44819],[-93.67162,41.44805],[-93.67244,41.44625],[-93.67343,41.44623],[-93.6741,41.44985],[-93.67433,41.4534],[-93.67892,41.4535],[-93.67892,41.4572],[-93.6837,41.45723],[-93.68369,41.46083],[-93.68849,41.46087],[-93.6885,41.45725],[-93.6933,41.45727],[-93.69328,41.46091],[-93.69803,41.46096],[-93.698,41.46823],[-93.70276,41.46825],[-93.70274,41.47559],[-93.70996,41.47576],[-93.71127,41.47637],[-93.71225,41.47789],[-93.71246,41.47564],[-93.72478,41.47571],[-93.72652,41.47732],[-93.72651,41.47572],[-93.73125,41.47575],[-93.73196,41.51209]]]}},{"type":"Feature","properties":{"name":"Norway","county":"Benton","type":"city"},"geometry":{"type":"Polygon","coordinates":[[[-91.93122,41.90752],[-91.92847,41.90623],[-91.9244,41.90649],[-91.9225,41.90555],[-91.91468,41.90534],[-91.91455,41.89808],[-91.92904,41.89805],[-91.92917,41.90244],[-91.93117,41.90249],[-91.93122,41.90752]]]}},{"type":"Feature","properties":{"name":"Numa","county":"Appanoose","type":"city"},"geometry":{"type":"Polygon","coordinates":[[[-92.98726,40.68872],[-92.98252,40.68874],[-92.98251,40.68993],[-92.97818,40.69002],[-92.97827,40.69238],[-92.97665,40.69241],[-92.97658,40.68926],[-92.97575,40.68926],[-92.97561,40.69072],[-92.97342,40.69073],[-92.97339,40.68159],[-92.98245,40.68142],[-92.98245,40.68032],[-92.98718,40.68035],[-92.98726,40.68872]]]}},{"type":"Feature","properties":{"name":"Oak Hills","county":"Des Moines","type":"community"},"geometry":{"type":"Polygon","coordinates":[[[-91.15625,40.74871],[-91.1557,40.75105],[-91.15212,40.76136],[-91.1515,40.7677],[-91.14788,40.76776],[-91.13671,40.77242],[-91.136,40.76749],[-91.13625,40.75717],[-91.13894,40.75722],[-91.13894,40.75612],[-91.14376,40.75625],[-91.14791,40.75317],[-91.14891,40.75043],[-91.1489,40.74776],[-91.14821,40.74656],[-91.14866,40.74389],[-91.14662,40.74362],[-91.1481,40.74243],[-91.15026,40.74227],[-91.15357,40.74316],[-91.1564,40.7452],[-91.15625,40.74871]]]}},{"type":"Feature","properties":{"name":"Oakland","county":"Pottawattamie","type":"city"},"geometry":{"type":"Polygon","coordinates":[[[-95.41305,41.31073],[-95.40821,41.31063],[-95.40807,41.30873],[-95.40547,41.30778],[-95.4041,41.30798],[-95.40317,41.31066],[-95.40317,41.31422],[-95.39861,41.31428],[-95.39864,41.31787],[-95.39272,41.3179],[-95.39264,41.31992],[-95.39389,41.32531],[-95.39395,41.32699],[-95.39255,41.33212],[-95.3906,41.33757],[-95.38898,41.33739],[-95.38899,41.33583],[-95.38419,41.33584],[-95.38434,41.32877],[-95.39309,41.3285],[-95.39356,41.32635],[-95.39196,41.3179],[-95.3894,41.31791],[-95.38977,41.32046],[-95.38846,41.32047],[-95.38848,41.32513],[-95.38439,41.32518],[-95.38427,41.31634],[-95.38243,41.31643],[-95.38196,41.3143],[-95.38429,41.31443],[-95.38425,41.29998],[-95.4001,41.29988],[-95.40032,41.29832],[-95.40226,41.29775],[-95.40226,41.29989],[-95.40286,41.29989],[-95.40336,41.29744],[-95.40523,41.2999],[-95.41288,41.29998],[-95.41305,41.31073]]]}},{"type":"Feature","properties":{"name":"Oakland Acres","county":"Jasper","type":"city"},"geometry":{"type":"Polygon","coordinates":[[[-92.82923,41.72075],[-92.82445,41.72072],[-92.82448,41.72437],[-92.81481,41.72432],[-92.81507,41.71736],[-92.82922,41.71712],[-92.82923,41.72075]]]}},{"type":"Feature","properties":{"name":"Oakville","county":"Louisa","type":"city"},"geometry":{"type":"Polygon","coordinates":[[[-91.04914,41.10307],[-91.03944,41.10304],[-91.03952,41.09851],[-91.03469,41.09851],[-91.03473,41.09487],[-91.04443,41.09393],[-91.04449,41.09124],[-91.04923,41.09124],[-91.04914,41.10307]]]}},{"type":"Feature","properties":{"name":"Ocheyedan","county":"Osceola","type":"city"},"geometry":{"type":"Polygon","coordinates":[[[-95.54455,43.43146],[-95.53452,43.43126],[-95.53468,43.41975],[-95.53038,43.41984],[-95.52473,43.42243],[-95.52473,43.42065],[-95.52771,43.42053],[-95.52977,43.41957],[-95.52977,43.41697],[-95.52614,43.41688],[-95.52471,43.41587],[-95.52473,43.40849],[-95.54471,43.40902],[-95.54455,43.43146]]]}},{"type":"Feature","properties":{"name":"Odebolt","county":"Sac","type":"city"},"geometry":{"type":"Polygon","coordinates":[[[-95.26455,42.30485],[-95.2645,42.31932],[-95.24526,42.31928],[-95.24531,42.31241],[-95.24255,42.31199],[-95.24252,42.31038],[-95.24348,42.31068],[-95.24529,42.30958],[-95.24526,42.30534],[-95.24353,42.30534],[-95.24371,42.30201],[-95.24524,42.30202],[-95.24526,42.30403],[-95.2468,42.30475],[-95.26455,42.30485]]]}},{"type":"Feature","properties":{"name":"Oelwein","county":"Fayette","type":"city"},"geometry":{"type":"Polygon","coordinates":[[[-91.93822,42.67474],[-91.9381,42.68382],[-91.93559,42.68382],[-91.93557,42.68563],[-91.93299,42.68563],[-91.93298,42.68924],[-91.93092,42.68922],[-91.93239,42.69105],[-91.93311,42.69315],[-91.92912,42.68921],[-91.91571,42.68934],[-91.91501,42.69245],[-91.91324,42.69249],[-91.91324,42.69306],[-91.90337,42.69336],[-91.90344,42.68679],[-91.90214,42.68605],[-91.89352,42.68632],[-91.8936,42.67907],[-91.88865,42.67926],[-91.88869,42.67742],[-91.89174,42.67731],[-91.8918,42.67435],[-91.89366,42.67435],[-91.89365,42.67541],[-91.89616,42.67532],[-91.8962,42.67163],[-91.89867,42.67162],[-91.89874,42.66799],[-91.89375,42.66813],[-91.89479,42.66447],[-91.8985,42.65918],[-91.89883,42.65708],[-91.90374,42.65691],[-91.90373,42.64238],[-91.91586,42.64203],[-91.91585,42.64447],[-91.91859,42.64439],[-91.91853,42.66015],[-91.92343,42.66],[-91.92343,42.66916],[-91.92833,42.66825],[-91.92831,42.67099],[-91.93329,42.67104],[-91.93361,42.67469],[-91.93822,42.67474]]]}},{"type":"Feature","properties":{"name":"Ogden","county":"Boone","type":"city"},"geometry":{"type":"Polygon","coordinates":[[[-94.04108,42.03725],[-94.03777,42.03898],[-94.03783,42.04911],[-94.01829,42.04924],[-94.01822,42.02992],[-94.03774,42.02995],[-94.03777,42.0346],[-94.03963,42.0346],[-94.03964,42.03625],[-94.04108,42.03725]]]}},{"type":"Feature","properties":{"name":"Okoboji","county":"Dickinson","type":"city"},"geometry":{"type":"Polygon","coordinates":[[[-95.16281,43.41511],[-95.16061,43.41512],[-95.16069,43.41199],[-95.15982,43.41103],[-95.15565,43.41103],[-95.15567,43.40735],[-95.14725,43.40744],[-95.14717,43.39308],[-95.14219,43.39297],[-95.14224,43.38713],[-95.13866,43.38715],[-95.14042,43.39297],[-95.13726,43.39298],[-95.13724,43.3966],[-95.14221,43.39661],[-95.14221,43.39752],[-95.13652,43.39722],[-95.13451,43.39574],[-95.13312,43.39663],[-95.12765,43.3972],[-95.12733,43.396],[-95.12729,43.39304],[-95.12102,43.39296],[-95.12226,43.39012],[-95.1163,43.38998],[-95.11681,43.38781],[-95.12075,43.38767],[-95.12461,43.3862],[-95.12698,43.38445],[-95.12785,43.38135],[-95.12578,43.37725],[-95.12826,43.377],[-95.13053,43.37456],[-95.13356,43.37618],[-95.13657,43.37685],[-95.1402,43.37659],[-95.14074,43.376],[-95.14064,43.3802],[-95.14249,43.38373],[-95.14425,43.38462],[-95.1507,43.3858],[-95.15103,43.38741],[-95.15007,43.39022],[-95.15014,43.3917],[-95.15074,43.39307],[-95.1544,43.39617],[-95.15192,43.40192],[-95.15236,43.40422],[-95.15448,43.40524],[-95.15857,43.40568],[-95.16176,43.41079],[-95.16246,43.41291],[-95.16427,43.41468],[-95.16281,43.41511]]]}},{"type":"Feature","properties":{"name":"Olds","county":"Henry","type":"city"},"geometry":{"type":"Polygon","coordinates":[[[-91.54971,41.13835],[-91.53823,41.13827],[-91.53835,41.13451],[-91.5353,41.13381],[-91.53987,41.13271],[-91.53986,41.13002],[-91.54971,41.13009],[-91.54971,41.13835]]]}},{"type":"Feature","properties":{"name":"Olin","county":"Jones","type":"city"},"geometry":{"type":"Polygon","coordinates":[[[-91.15162,42.00518],[-91.13185,42.00507],[-91.13188,41.99026],[-91.15167,41.99058],[-91.15162,42.00518]]]}},{"type":"Feature","properties":{"name":"Ollie","county":"Keokuk","type":"city"},"geometry":{"type":"Polygon","coordinates":[[[-92.10195,41.20634],[-92.08271,41.20641],[-92.0828,41.19198],[-92.10196,41.19192],[-92.10195,41.20634]]]}},{"type":"Feature","properties":{"name":"Onawa","county":"Monona","type":"city"},"geometry":{"type":"Polygon","coordinates":[[[-96.12937,42.02415],[-96.12892,42.02633],[-96.12837,42.02667],[-96.12656,42.02673],[-96.12658,42.03197],[-96.1198,42.03086],[-96.11697,42.03073],[-96.11692,42.0399],[-96.05917,42.03797],[-96.05922,42.01576],[-96.09554,42.01585],[-96.09751,42.0156],[-96.0975,42.01586],[-96.10726,42.01602],[-96.1073,42.01197],[-96.10529,42.00888],[-96.09771,42.00851],[-96.10225,42.00861],[-96.10233,42.00441],[-96.09803,41.99781],[-96.10182,41.99785],[-96.10468,42.00456],[-96.10735,42.00811],[-96.10734,42.00892],[-96.11216,42.0089],[-96.11208,42.01606],[-96.11694,42.01611],[-96.11695,42.02686],[-96.12053,42.02689],[-96.12055,42.02543],[-96.12149,42.02443],[-96.12167,42.02339],[-96.12658,42.02344],[-96.12937,42.02415]]]}},{"type":"Feature","properties":{"name":"Onslow","county":"Jones","type":"city"},"geometry":{"type":"Polygon","coordinates":[[[-91.01955,42.10822],[-91.01641,42.10751],[-91.01561,42.11319],[-91.01433,42.11322],[-91.01436,42.11101],[-91.0134,42.11051],[-91.01138,42.11048],[-91.01147,42.1032],[-91.01952,42.10312],[-91.01955,42.10822]]]}},{"type":"Feature","properties":{"name":"Orange City","county":"Sioux","type":"city"},"geometry":{"type":"Polygon","coordinates":[[[-96.08642,42.99761],[-96.08149,42.99772],[-96.08149,43.00126],[-96.07658,43.00125],[-96.07654,43.01584],[-96.06659,43.01581],[-96.06169,43.01623],[-96.06166,43.02672],[-96.05675,43.0267],[-96.05676,43.02325],[-96.05486,43.02323],[-96.05676,43.0225],[-96.05677,43.02063],[-96.05494,43.02063],[-96.05494,43.01939],[-96.05677,43.01939],[-96.05676,43.01615],[-96.05405,43.01574],[-96.04189,43.01574],[-96.04189,43.0121],[-96.03204,43.01207],[-96.03208,42.99746],[-96.03709,42.99748],[-96.03712,42.99481],[-96.02724,42.99446],[-96.02728,42.98993],[-96.0446,42.98986],[-96.0446,42.98338],[-96.04874,42.98339],[-96.05015,42.9841],[-96.05017,42.98211],[-96.06093,42.98224],[-96.06587,42.99556],[-96.06669,42.99698],[-96.0667,42.99477],[-96.07163,42.99487],[-96.07163,42.99358],[-96.08641,42.99372],[-96.08642,42.99761]]]}},{"type":"Feature","properties":{"name":"Orchard","county":"Mitchell","type":"city"},"geometry":{"type":"Polygon","coordinates":[[[-92.78138,43.22913],[-92.77841,43.22916],[-92.77698,43.22801],[-92.7759,43.2292],[-92.77184,43.22924],[-92.77206,43.22804],[-92.76958,43.22697],[-92.77205,43.2256],[-92.77704,43.22555],[-92.77899,43.22733],[-92.78199,43.22732],[-92.78138,43.22913]]]}},{"type":"Feature","properties":{"name":"Orient","county":"Adair","type":"city"},"geometry":{"type":"Polygon","coordinates":[[[-94.42635,41.20457],[-94.42426,41.20305],[-94.42433,41.20864],[-94.41472,41.20844],[-94.41468,41.20477],[-94.40992,41.20476],[-94.40989,41.20223],[-94.40813,41.20113],[-94.40872,41.20114],[-94.40726,41.19935],[-94.41464,41.19938],[-94.41461,41.19618],[-94.41534,41.19755],[-94.41945,41.19756],[-94.41948,41.20122],[-94.42489,41.20129],[-94.42426,41.20269],[-94.42641,41.20271],[-94.42635,41.20457]]]}},{"type":"Feature","properties":{"name":"Orleans","county":"Dickinson","type":"city"},"geometry":{"type":"Polygon","coordinates":[[[-95.13176,43.47169],[-95.12873,43.47288],[-95.12834,43.47428],[-95.1259,43.47422],[-95.12562,43.47783],[-95.12537,43.47414],[-95.12385,43.47018],[-95.12211,43.46777],[-95.12033,43.46064],[-95.11507,43.45696],[-95.11582,43.45424],[-95.11564,43.4526],[-95.11177,43.44666],[-95.11088,43.44582],[-95.10773,43.44543],[-95.09967,43.44584],[-95.09671,43.44642],[-95.0934,43.44762],[-95.09172,43.44938],[-95.09051,43.45169],[-95.08999,43.45527],[-95.08784,43.45816],[-95.08672,43.4617],[-95.08447,43.46425],[-95.08331,43.46754],[-95.0837,43.46931],[-95.08217,43.47173],[-95.08044,43.47278],[-95.08004,43.47245],[-95.08264,43.46976],[-95.08261,43.46679],[-95.08358,43.46407],[-95.08609,43.46108],[-95.08637,43.45952],[-95.08258,43.45952],[-95.08231,43.44618],[-95.09224,43.44572],[-95.09224,43.44362],[-95.0917,43.4413],[-95.08224,43.44138],[-95.08217,43.43674],[-95.09076,43.4367],[-95.08925,43.43309],[-95.08975,43.43063],[-95.09062,43.43063],[-95.08996,43.43297],[-95.09332,43.44059],[-95.09281,43.443],[-95.09383,43.4436],[-95.09717,43.44389],[-95.10219,43.44258],[-95.10216,43.44494],[-95.10606,43.44336],[-95.10753,43.44138],[-95.11216,43.4414],[-95.11209,43.44519],[-95.11427,43.44559],[-95.12195,43.45902],[-95.12087,43.45949],[-95.12376,43.46473],[-95.12462,43.46695],[-95.12529,43.47062],[-95.13184,43.47068],[-95.13176,43.47169]]]}},{"type":"Feature","properties":{"name":"Osage","county":"Mitchell","type":"city"},"geometry":{"type":"Polygon","coordinates":[[[-92.82899,43.28023],[-92.82586,43.28027],[-92.82585,43.28213],[-92.82709,43.28212],[-92.827,43.28575],[-92.82591,43.28576],[-92.82593,43.28735],[-92.82157,43.28741],[-92.82444,43.29121],[-92.82104,43.29124],[-92.82104,43.29337],[-92.82004,43.295],[-92.80114,43.29501],[-92.80116,43.29142],[-92.79724,43.29144],[-92.79719,43.28765],[-92.79622,43.28526],[-92.79508,43.28697],[-92.79122,43.28697],[-92.79125,43.28482],[-92.7893,43.28483],[-92.78856,43.28336],[-92.79129,43.28238],[-92.79128,43.28321],[-92.79714,43.28318],[-92.79714,43.28049],[-92.80121,43.28009],[-92.80135,43.26976],[-92.80046,43.26774],[-92.80207,43.26774],[-92.80864,43.27425],[-92.81108,43.27425],[-92.81103,43.2696],[-92.81973,43.26954],[-92.82084,43.26792],[-92.82085,43.2696],[-92.82225,43.26965],[-92.82254,43.27313],[-92.82354,43.27311],[-92.82358,43.27495],[-92.82709,43.27485],[-92.82585,43.27683],[-92.82587,43.27897],[-92.82897,43.27895],[-92.82899,43.28023]]]}},{"type":"Feature","properties":{"name":"Osceola","county":"Clarke","type":"city"},"geometry":{"type":"Polygon","coordinates":[[[-93.83635,41.03951],[-93.83158,41.03963],[-93.83158,41.04326],[-93.82998,41.0433],[-93.83094,41.04565],[-93.82881,41.04662],[-93.8288,41.04463],[-93.82688,41.04464],[-93.82686,41.04142],[-93.82602,41.03947],[-93.82685,41.03835],[-93.82685,41.03617],[-93.81737,41.0365],[-93.81736,41.03824],[-93.81576,41.03656],[-93.81582,41.03403],[-93.81265,41.03413],[-93.81263,41.03667],[-93.80788,41.03684],[-93.80787,41.03813],[-93.81027,41.0385],[-93.81103,41.03936],[-93.80841,41.03935],[-93.80837,41.04266],[-93.80781,41.04377],[-93.80442,41.04161],[-93.80208,41.04086],[-93.79829,41.041],[-93.79832,41.04453],[-93.78784,41.04512],[-93.76953,41.04512],[-93.76954,41.05972],[-93.76564,41.05972],[-93.76567,41.06696],[-93.76473,41.06151],[-93.75995,41.06154],[-93.75992,41.0452],[-93.75025,41.04516],[-93.75035,41.03191],[-93.74555,41.03191],[-93.74555,41.03062],[-93.74076,41.03069],[-93.74081,41.02698],[-93.75038,41.0269],[-93.75041,41.01964],[-93.74387,41.01963],[-93.74157,41.01846],[-93.74436,41.01616],[-93.74655,41.01683],[-93.75034,41.01656],[-93.75284,41.01881],[-93.75541,41.01746],[-93.756,41.01901],[-93.75787,41.01849],[-93.76345,41.01861],[-93.76354,41.01893],[-93.76956,41.01893],[-93.76956,41.01765],[-93.77141,41.01965],[-93.79396,41.01933],[-93.79546,41.01562],[-93.79836,41.01549],[-93.7984,41.00796],[-93.80035,41.00326],[-93.80083,41.00091],[-93.80091,40.99655],[-93.79985,40.9937],[-93.80092,40.99367],[-93.80036,40.99084],[-93.7993,40.99091],[-93.79823,40.98655],[-93.79939,40.99081],[-93.80047,40.99073],[-93.80105,40.99366],[-93.80788,40.99346],[-93.80788,40.98984],[-93.8127,40.98969],[-93.81275,41.00057],[-93.80797,41.00426],[-93.80319,41.00444],[-93.80318,41.00805],[-93.79863,41.00823],[-93.79863,41.0155],[-93.81743,41.01484],[-93.8174,41.02177],[-93.81364,41.022],[-93.79452,41.02645],[-93.79497,41.03271],[-93.79752,41.03373],[-93.7998,41.03362],[-93.79982,41.02997],[-93.80591,41.02968],[-93.80524,41.02839],[-93.80664,41.02869],[-93.80796,41.0269],[-93.8094,41.02683],[-93.80796,41.02959],[-93.81319,41.0294],[-93.81331,41.02818],[-93.81639,41.02776],[-93.81639,41.0311],[-93.8193,41.03101],[-93.8193,41.02921],[-93.82211,41.02912],[-93.82211,41.03092],[-93.82764,41.03102],[-93.82684,41.03257],[-93.83073,41.03246],[-93.83294,41.0317],[-93.8333,41.03239],[-93.83634,41.0323],[-93.83635,41.03951]]]}},{"type":"Feature","properties":{"name":"Oskaloosa","county":"Mahaska","type":"city"},"geometry":{"type":"Polygon","coordinates":[[[-92.67903,41.29968],[-92.66953,41.29975],[-92.66959,41.30698],[-92.67098,41.30698],[-92.67106,41.31057],[-92.66968,41.31059],[-92.66981,41.31794],[-92.66022,41.31791],[-92.66017,41.31403],[-92.65216,41.31426],[-92.65163,41.3188],[-92.65064,41.31974],[-92.64581,41.31974],[-92.64581,41.31942],[-92.64488,41.32064],[-92.64104,41.32062],[-92.64094,41.31144],[-92.63728,41.31124],[-92.63721,41.30703],[-92.62581,41.30707],[-92.62584,41.31069],[-92.62248,41.31068],[-92.62281,41.31348],[-92.62587,41.31348],[-92.62584,41.3161],[-92.62229,41.31613],[-92.62222,41.30943],[-92.61968,41.30945],[-92.62122,41.31165],[-92.61745,41.31191],[-92.61747,41.31333],[-92.61269,41.31334],[-92.61269,41.31185],[-92.6152,41.31184],[-92.61519,41.31088],[-92.61269,41.31089],[-92.61269,41.30998],[-92.61517,41.30999],[-92.61517,41.30874],[-92.62222,41.30888],[-92.62222,41.29992],[-92.61743,41.29985],[-92.61744,41.30169],[-92.61455,41.30169],[-92.61455,41.29939],[-92.61266,41.2994],[-92.61267,41.2977],[-92.61744,41.29767],[-92.61745,41.29621],[-92.616,41.29619],[-92.61594,41.29301],[-92.62224,41.29232],[-92.6223,41.27802],[-92.60788,41.27799],[-92.60793,41.28138],[-92.6072,41.28081],[-92.60025,41.2787],[-92.60052,41.27748],[-92.59587,41.27672],[-92.59585,41.27089],[-92.59344,41.27091],[-92.59341,41.26367],[-92.59475,41.26366],[-92.58851,41.26094],[-92.58848,41.26005],[-92.59505,41.26006],[-92.60047,41.26365],[-92.59821,41.26366],[-92.59823,41.27087],[-92.60303,41.27086],[-92.60274,41.26729],[-92.60493,41.26662],[-92.60582,41.2672],[-92.60617,41.26663],[-92.60623,41.26364],[-92.60771,41.26363],[-92.60795,41.26723],[-92.60734,41.26822],[-92.61021,41.26825],[-92.6088,41.26942],[-92.61266,41.27192],[-92.61265,41.27081],[-92.61746,41.2708],[-92.61748,41.27438],[-92.63346,41.27401],[-92.63127,41.274],[-92.62943,41.27283],[-92.62917,41.27168],[-92.63,41.26722],[-92.63186,41.26632],[-92.64064,41.26632],[-92.64075,41.27083],[-92.64151,41.27083],[-92.64083,41.27442],[-92.64546,41.27442],[-92.64555,41.28162],[-92.6528,41.28164],[-92.6528,41.28076],[-92.6504,41.28076],[-92.6504,41.27985],[-92.65519,41.27987],[-92.65518,41.27841],[-92.65278,41.27805],[-92.64688,41.27803],[-92.64688,41.27622],[-92.65278,41.27623],[-92.65279,41.27437],[-92.66103,41.27441],[-92.6664,41.28035],[-92.66795,41.28149],[-92.66236,41.28488],[-92.66236,41.28696],[-92.66271,41.28717],[-92.6624,41.29343],[-92.66523,41.29343],[-92.66631,41.29253],[-92.679,41.29249],[-92.67903,41.29968]]]}},{"type":"Feature","properties":{"name":"Ossian","county":"Winneshiek","type":"city"},"geometry":{"type":"Polygon","coordinates":[[[-91.77688,43.14341],[-91.77438,43.14342],[-91.77443,43.15438],[-91.75414,43.15429],[-91.75416,43.15271],[-91.75164,43.15342],[-91.75168,43.15206],[-91.75417,43.1517],[-91.75433,43.13979],[-91.7769,43.13978],[-91.77688,43.14341]]]}},{"type":"Feature","properties":{"name":"Osterdock","county":"Clayton","type":"city"},"geometry":{"type":"Polygon","coordinates":[[[-91.16677,42.73253],[-91.15905,42.73263],[-91.16196,42.73395],[-91.16197,42.73625],[-91.15236,42.73627],[-91.15169,42.73259],[-91.15189,42.72758],[-91.16181,42.72693],[-91.16672,42.72721],[-91.16677,42.73253]]]}},{"type":"Feature","properties":{"name":"Otho","county":"Webster","type":"city"},"geometry":{"type":"Polygon","coordinates":[[[-94.15524,42.42717],[-94.14058,42.42717],[-94.14062,42.42352],[-94.14549,42.42353],[-94.1456,42.41623],[-94.15539,42.4162],[-94.15524,42.42717]]]}},{"type":"Feature","properties":{"name":"Oto","county":"Woodbury","type":"city"},"geometry":{"type":"Polygon","coordinates":[[[-95.89794,42.28791],[-95.89544,42.28807],[-95.89167,42.28712],[-95.89044,42.2769],[-95.8979,42.27677],[-95.89794,42.28791]]]}},{"type":"Feature","properties":{"name":"Otranto","county":"Mitchell","type":"community"},"geometry":{"type":"Polygon","coordinates":[[[-92.99223,43.46533],[-92.99171,43.46558],[-92.97813,43.46548],[-92.97679,43.46257],[-92.98216,43.46097],[-92.98164,43.45821],[-92.98583,43.45825],[-92.98578,43.45257],[-92.99192,43.455],[-92.99113,43.45764],[-92.99248,43.45969],[-92.99192,43.46284],[-92.99296,43.46413],[-92.99223,43.46533]]]}},{"type":"Feature","properties":{"name":"Ottosen","county":"Humboldt","type":"city"},"geometry":{"type":"Polygon","coordinates":[[[-94.38408,42.90269],[-94.36935,42.90271],[-94.36954,42.89183],[-94.37927,42.89182],[-94.37926,42.89446],[-94.38415,42.89818],[-94.38408,42.90269]]]}},{"type":"Feature","properties":{"name":"Ottumwa","county":"Wapello","type":"city"},"geometry":{"type":"Polygon","coordinates":[[[-92.46715,41.0055],[-92.45822,41.00552],[-92.45759,41.00503],[-92.45769,41.01568],[-92.44921,41.01794],[-92.44818,41.01631],[-92.44973,41.01438],[-92.44802,41.0144],[-92.44803,41.01809],[-92.44324,41.01839],[-92.44323,41.02011],[-92.43851,41.02011],[-92.43884,41.03071],[-92.43861,41.03573],[-92.44299,41.03834],[-92.44362,41.04216],[-92.43955,41.03991],[-92.43877,41.04104],[-92.43878,41.04906],[-92.43392,41.04901],[-92.43381,41.04187],[-92.43173,41.04188],[-92.43355,41.03968],[-92.43359,41.03823],[-92.41979,41.03827],[-92.41946,41.05742],[-92.42346,41.05766],[-92.42345,41.05865],[-92.41945,41.05864],[-92.41944,41.06002],[-92.42347,41.05998],[-92.42116,41.06163],[-92.41588,41.06448],[-92.4136,41.06793],[-92.41441,41.06974],[-92.41945,41.07232],[-92.41949,41.08281],[-92.42428,41.08284],[-92.42429,41.08629],[-92.42029,41.08785],[-92.41059,41.07977],[-92.4099,41.07975],[-92.40982,41.06726],[-92.40183,41.07157],[-92.39901,41.06973],[-92.39882,41.06217],[-92.3913,41.06217],[-92.39095,41.04686],[-92.39029,41.04686],[-92.39031,41.04736],[-92.3863,41.04733],[-92.38605,41.03124],[-92.38368,41.03079],[-92.38368,41.02754],[-92.38716,41.0275],[-92.38608,41.02569],[-92.38594,41.01124],[-92.37644,41.01131],[-92.37645,41.0118],[-92.37389,41.01187],[-92.37364,41.00922],[-92.37406,41.00888],[-92.37365,41.00194],[-92.37737,41.00366],[-92.38032,41.00424],[-92.38015,41.00124],[-92.38474,40.99907],[-92.3857,40.99734],[-92.38601,40.99462],[-92.39089,40.99461],[-92.39087,41.00211],[-92.40144,41.00131],[-92.40263,40.99533],[-92.4056,40.99479],[-92.40425,40.99437],[-92.40427,40.99195],[-92.4022,40.98961],[-92.40477,40.9896],[-92.40474,40.98766],[-92.42884,40.98748],[-92.42861,40.98701],[-92.42869,40.97435],[-92.45732,40.97448],[-92.45757,40.99098],[-92.45837,40.99366],[-92.45757,40.99409],[-92.45768,41.00347],[-92.46023,41.0028],[-92.46717,41.00187],[-92.46715,41.0055]]]}},{"type":"Feature","properties":{"name":"Owasa","county":"Hardin","type":"city"},"geometry":{"type":"Polygon","coordinates":[[[-93.21207,42.43726],[-93.19732,42.43728],[-93.19729,42.42644],[-93.21197,42.42642],[-93.21207,42.43726]]]}},{"type":"Feature","properties":{"name":"Oxford","county":"Johnson","type":"city"},"geometry":{"type":"Polygon","coordinates":[[[-91.79877,41.71281],[-91.79852,41.731],[-91.79561,41.73105],[-91.79365,41.73193],[-91.79354,41.73637],[-91.78899,41.73611],[-91.79055,41.73403],[-91.79059,41.73067],[-91.79368,41.73086],[-91.79371,41.72892],[-91.78886,41.72936],[-91.78398,41.72895],[-91.78405,41.72383],[-91.77915,41.72386],[-91.77919,41.7186],[-91.77847,41.71847],[-91.77864,41.71814],[-91.78387,41.71863],[-91.78307,41.71732],[-91.78411,41.71661],[-91.78415,41.71869],[-91.78889,41.72021],[-91.79062,41.72016],[-91.78896,41.71937],[-91.78899,41.71292],[-91.79877,41.71281]]]}},{"type":"Feature","properties":{"name":"Oxford Junction","county":"Jones","type":"city"},"geometry":{"type":"Polygon","coordinates":[[[-90.96132,41.99012],[-90.94683,41.99011],[-90.94689,41.97819],[-90.95728,41.97823],[-90.95672,41.97565],[-90.96117,41.97566],[-90.96132,41.99012]]]}},{"type":"Feature","properties":{"name":"Oyens","county":"Plymouth","type":"city"},"geometry":{"type":"Polygon","coordinates":[[[-96.06166,42.82072],[-96.06081,42.82242],[-96.05451,42.82245],[-96.05459,42.81925],[-96.05603,42.81925],[-96.05613,42.81679],[-96.06106,42.81692],[-96.06091,42.82024],[-96.06166,42.82072]]]}},{"type":"Feature","properties":{"name":"Pacific Junction","county":"Mills","type":"city"},"geometry":{"type":"Polygon","coordinates":[[[-95.80902,41.02343],[-95.78978,41.02346],[-95.7899,41.01253],[-95.80908,41.01253],[-95.80902,41.02343]]]}},{"type":"Feature","properties":{"name":"Packwood","county":"Jefferson","type":"city"},"geometry":{"type":"Polygon","coordinates":[[[-92.09214,41.13805],[-92.07291,41.1383],[-92.07297,41.12744],[-92.09214,41.12719],[-92.09214,41.13805]]]}},{"type":"Feature","properties":{"name":"Palmer","county":"Pocahontas","type":"city"},"geometry":{"type":"Polygon","coordinates":[[[-94.6047,42.63559],[-94.59315,42.63545],[-94.59279,42.63188],[-94.59333,42.62458],[-94.60396,42.62464],[-94.60396,42.63212],[-94.6047,42.63559]]]}},{"type":"Feature","properties":{"name":"Palo","county":"Linn","type":"city"},"geometry":{"type":"Polygon","coordinates":[[[-91.81881,42.06607],[-91.80052,42.06614],[-91.79933,42.06797],[-91.79935,42.06965],[-91.80446,42.06977],[-91.80447,42.07705],[-91.79683,42.07706],[-91.79615,42.07424],[-91.79216,42.0734],[-91.79213,42.07089],[-91.78746,42.06986],[-91.78763,42.06838],[-91.79452,42.06844],[-91.79451,42.06671],[-91.78734,42.06668],[-91.78962,42.06557],[-91.79354,42.06559],[-91.79221,42.06394],[-91.78908,42.06363],[-91.78901,42.06019],[-91.77994,42.06032],[-91.77982,42.05871],[-91.78459,42.05516],[-91.78526,42.05875],[-91.79703,42.05885],[-91.78929,42.05162],[-91.79007,42.05153],[-91.78963,42.04791],[-91.79438,42.04794],[-91.79432,42.05519],[-91.79949,42.06042],[-91.79951,42.05885],[-91.80413,42.05884],[-91.80412,42.06247],[-91.81391,42.06247],[-91.81389,42.05884],[-91.81879,42.05884],[-91.81881,42.06607]]]}},{"type":"Feature","properties":{"name":"Panama","county":"Shelby","type":"city"},"geometry":{"type":"Polygon","coordinates":[[[-95.47994,41.73015],[-95.47798,41.73016],[-95.47903,41.7328],[-95.47386,41.72917],[-95.47024,41.72916],[-95.47025,41.72191],[-95.47997,41.72195],[-95.47994,41.73015]]]}},{"type":"Feature","properties":{"name":"Panora","county":"Guthrie","type":"city"},"geometry":{"type":"Polygon","coordinates":[[[-94.38339,41.68385],[-94.38161,41.68418],[-94.3804,41.68677],[-94.37678,41.6868],[-94.37685,41.68906],[-94.37412,41.68985],[-94.37578,41.69138],[-94.37696,41.69134],[-94.37703,41.69891],[-94.37464,41.69892],[-94.37464,41.70092],[-94.36261,41.70129],[-94.36259,41.69904],[-94.34805,41.69912],[-94.34801,41.69183],[-94.34322,41.69188],[-94.34318,41.68827],[-94.348,41.68825],[-94.34793,41.6845],[-94.36585,41.6845],[-94.36614,41.68497],[-94.3705,41.68571],[-94.37221,41.68572],[-94.37231,41.68681],[-94.37423,41.68584],[-94.37465,41.68414],[-94.37363,41.68308],[-94.37414,41.68111],[-94.37536,41.68022],[-94.3813,41.6784],[-94.38179,41.67732],[-94.38376,41.67743],[-94.38339,41.68385]]]}},{"type":"Feature","properties":{"name":"Panorama Park","county":"Scott","type":"city"},"geometry":{"type":"Polygon","coordinates":[[[-90.45682,41.55796],[-90.45465,41.55857],[-90.45051,41.55441],[-90.45278,41.55263],[-90.45592,41.55573],[-90.45682,41.55796]]]}},{"type":"Feature","properties":{"name":"Park View","county":"Scott","type":"community"},"geometry":{"type":"Polygon","coordinates":[[[-90.549,41.70683],[-90.5374,41.70696],[-90.53419,41.70633],[-90.53282,41.70352],[-90.52952,41.70224],[-90.53157,41.69873],[-90.5294,41.69873],[-90.52943,41.68413],[-90.5471,41.68402],[-90.54716,41.68825],[-90.54896,41.69219],[-90.549,41.70683]]]}},{"type":"Feature","properties":{"name":"Parkersburg","county":"Butler","type":"city"},"geometry":{"type":"Polygon","coordinates":[[[-92.79537,42.58099],[-92.77119,42.5814],[-92.77118,42.57352],[-92.76996,42.57351],[-92.76939,42.57684],[-92.76854,42.57761],[-92.76423,42.57761],[-92.76423,42.57533],[-92.75649,42.57531],[-92.75649,42.57207],[-92.75779,42.57206],[-92.75779,42.57036],[-92.77118,42.57037],[-92.77126,42.56309],[-92.77617,42.5631],[-92.77614,42.56673],[-92.7799,42.56673],[-92.78106,42.56592],[-92.78106,42.56673],[-92.78336,42.56674],[-92.78336,42.56802],[-92.78595,42.56803],[-92.78718,42.56674],[-92.78719,42.56869],[-92.79062,42.56964],[-92.79062,42.57038],[-92.79343,42.57039],[-92.79355,42.57402],[-92.79549,42.57402],[-92.79537,42.58099]]]}},{"type":"Feature","properties":{"name":"Parnell","county":"Iowa","type":"city"},"geometry":{"type":"Polygon","coordinates":[[[-92.00927,41.58662],[-91.9995,41.58668],[-92.00138,41.58295],[-92.00072,41.58073],[-92.00284,41.58073],[-92.00422,41.57938],[-92.00647,41.57944],[-92.0061,41.58283],[-92.00922,41.58298],[-92.00927,41.58662]]]}},{"type":"Feature","properties":{"name":"Paton","county":"Greene","type":"city"},"geometry":{"type":"Polygon","coordinates":[[[-94.26229,42.16979],[-94.24769,42.16985],[-94.24766,42.15899],[-94.26232,42.15894],[-94.26229,42.16979]]]}},{"type":"Feature","properties":{"name":"Patterson","county":"Madison","type":"city"},"geometry":{"type":"Polygon","coordinates":[[[-93.88642,41.34796],[-93.88517,41.34888],[-93.88516,41.35257],[-93.87551,41.35314],[-93.87268,41.35361],[-93.87085,41.35518],[-93.87082,41.34898],[-93.87593,41.34837],[-93.87567,41.34582],[-93.87083,41.34616],[-93.87085,41.34256],[-93.88046,41.34193],[-93.88021,41.34695],[-93.88169,41.34541],[-93.88294,41.34655],[-93.8852,41.34637],[-93.88642,41.34796]]]}},{"type":"Feature","properties":{"name":"Paullina","county":"O'Brien","type":"city"},"geometry":{"type":"Polygon","coordinates":[[[-95.69918,42.98367],[-95.69716,42.98474],[-95.69339,42.98475],[-95.69335,42.98605],[-95.68787,42.98614],[-95.6877,42.98756],[-95.68435,42.98761],[-95.68432,42.98641],[-95.68163,42.98646],[-95.68349,42.98521],[-95.68234,42.98378],[-95.67853,42.98438],[-95.67851,42.98575],[-95.68111,42.98633],[-95.67355,42.98662],[-95.67355,42.97981],[-95.67023,42.98092],[-95.67011,42.9828],[-95.66525,42.98284],[-95.66523,42.98101],[-95.66861,42.98095],[-95.66859,42.97939],[-95.67354,42.97933],[-95.6735,42.97652],[-95.67989,42.9793],[-95.67984,42.97554],[-95.67509,42.97551],[-95.67502,42.97201],[-95.68218,42.9719],[-95.68607,42.97329],[-95.69328,42.97283],[-95.6934,42.98455],[-95.69492,42.98263],[-95.69918,42.98264],[-95.69918,42.98367]]]}},{"type":"Feature","properties":{"name":"Pella","county":"Marion","type":"city"},"geometry":{"type":"Polygon","coordinates":[[[-92.96716,41.41453],[-92.95509,41.41458],[-92.95468,41.41886],[-92.95079,41.41775],[-92.94815,41.41749],[-92.9482,41.4146],[-92.94451,41.41461],[-92.94446,41.4175],[-92.93852,41.41754],[-92.93851,41.4185],[-92.93633,41.41851],[-92.93604,41.41698],[-92.93744,41.417],[-92.93754,41.41274],[-92.93615,41.41273],[-92.93607,41.41548],[-92.93372,41.4155],[-92.93354,41.4262],[-92.92879,41.42621],[-92.92863,41.4327],[-92.91898,41.43271],[-92.91903,41.42818],[-92.91656,41.42712],[-92.91654,41.42847],[-92.90941,41.42848],[-92.90942,41.42646],[-92.90465,41.42648],[-92.90481,41.41468],[-92.90299,41.41472],[-92.90257,41.41306],[-92.90463,41.41301],[-92.90473,41.40791],[-92.89507,41.40801],[-92.89505,41.40739],[-92.89025,41.40745],[-92.89026,41.41295],[-92.88543,41.41296],[-92.88543,41.41472],[-92.88294,41.41474],[-92.88295,41.41835],[-92.8758,41.4184],[-92.87578,41.41479],[-92.87097,41.41482],[-92.87095,41.412],[-92.86719,41.4121],[-92.86718,41.40765],[-92.87992,41.40749],[-92.88018,41.4003],[-92.8709,41.40035],[-92.87089,41.39539],[-92.87232,41.39539],[-92.87238,41.39358],[-92.87088,41.39359],[-92.87084,41.38583],[-92.8791,41.38575],[-92.87905,41.38946],[-92.87597,41.38914],[-92.87598,41.39012],[-92.87117,41.39063],[-92.87117,41.39126],[-92.87373,41.39174],[-92.87386,41.39321],[-92.87576,41.39333],[-92.87576,41.39664],[-92.88064,41.3966],[-92.88063,41.39303],[-92.88423,41.39395],[-92.88535,41.39293],[-92.88533,41.39002],[-92.8904,41.39008],[-92.90481,41.38925],[-92.90566,41.3887],[-92.90961,41.38871],[-92.90958,41.38186],[-92.9163,41.38186],[-92.9163,41.3855],[-92.91925,41.38552],[-92.91927,41.38913],[-92.92408,41.39007],[-92.92407,41.38715],[-92.92889,41.38718],[-92.93372,41.3884],[-92.93373,41.3892],[-92.94063,41.3892],[-92.94479,41.38622],[-92.94693,41.38622],[-92.94694,41.38721],[-92.95293,41.38718],[-92.95293,41.38917],[-92.95767,41.38915],[-92.95768,41.39276],[-92.96246,41.39277],[-92.96244,41.40002],[-92.95769,41.39959],[-92.95296,41.39962],[-92.95295,41.3982],[-92.94555,41.39758],[-92.94826,41.4074],[-92.95526,41.40732],[-92.95524,41.40898],[-92.95883,41.40814],[-92.96048,41.40728],[-92.96713,41.40725],[-92.96716,41.41453]]]}},{"type":"Feature","properties":{"name":"Peosta","county":"Dubuque","type":"city"},"geometry":{"type":"Polygon","coordinates":[[[-90.87093,42.44968],[-90.86024,42.4478],[-90.86017,42.45493],[-90.85039,42.45474],[-90.85026,42.46209],[-90.83861,42.462],[-90.83618,42.46018],[-90.83255,42.45481],[-90.8309,42.45481],[-90.83088,42.4495],[-90.82968,42.44751],[-90.82112,42.44737],[-90.82111,42.44087],[-90.82159,42.4406],[-90.83028,42.44087],[-90.83084,42.44142],[-90.83061,42.43135],[-90.8327,42.43294],[-90.84046,42.43299],[-90.84053,42.44102],[-90.84659,42.44134],[-90.85002,42.44241],[-90.85629,42.44123],[-90.86994,42.44128],[-90.86994,42.443],[-90.87102,42.443],[-90.87093,42.44968]]]}},{"type":"Feature","properties":{"name":"Percival","county":"Fremont","type":"community"},"geometry":{"type":"Polygon","coordinates":[[[-95.81752,40.75557],[-95.81714,40.75832],[-95.80857,40.75837],[-95.80935,40.75145],[-95.80826,40.74906],[-95.80951,40.74907],[-95.80987,40.74387],[-95.81715,40.7438],[-95.81752,40.75557]]]}},{"type":"Feature","properties":{"name":"Perry","county":"Dallas","type":"city"},"geometry":{"type":"Polygon","coordinates":[[[-94.12597,41.84532],[-94.12186,41.84503],[-94.1163,41.84564],[-94.11622,41.84929],[-94.11236,41.84933],[-94.11232,41.85049],[-94.1114,41.8505],[-94.11127,41.85661],[-94.11591,41.85654],[-94.11588,41.8603],[-94.11025,41.86035],[-94.11022,41.86143],[-94.10618,41.86146],[-94.10621,41.86029],[-94.10415,41.86029],[-94.10419,41.85868],[-94.10627,41.85869],[-94.10634,41.85665],[-94.09667,41.85662],[-94.09669,41.85605],[-94.09581,41.85662],[-94.08698,41.85657],[-94.08702,41.85691],[-94.08213,41.85714],[-94.07732,41.85663],[-94.07748,41.84938],[-94.07828,41.84938],[-94.07827,41.85116],[-94.07951,41.85109],[-94.07953,41.84936],[-94.0823,41.84934],[-94.08226,41.84488],[-94.07752,41.84559],[-94.07743,41.84212],[-94.06765,41.84222],[-94.06755,41.83472],[-94.0628,41.8347],[-94.06363,41.83458],[-94.06266,41.83335],[-94.0626,41.82767],[-94.05773,41.82761],[-94.05773,41.82358],[-94.06742,41.82365],[-94.06739,41.82046],[-94.07713,41.82039],[-94.07707,41.81316],[-94.08285,41.81316],[-94.08677,41.81727],[-94.08699,41.82756],[-94.097,41.82753],[-94.09674,41.82658],[-94.10154,41.82524],[-94.10154,41.82652],[-94.10643,41.82646],[-94.1065,41.83049],[-94.1087,41.82939],[-94.11307,41.82935],[-94.11238,41.82837],[-94.11448,41.82647],[-94.11611,41.82827],[-94.11792,41.82746],[-94.11806,41.83023],[-94.11918,41.83099],[-94.11673,41.83324],[-94.12147,41.83535],[-94.12588,41.83576],[-94.12593,41.83809],[-94.12262,41.83834],[-94.12263,41.84015],[-94.12118,41.84019],[-94.12112,41.8429],[-94.12601,41.84274],[-94.12597,41.84532]]]}},{"type":"Feature","properties":{"name":"Persia","county":"Harrison","type":"city"},"geometry":{"type":"Polygon","coordinates":[[[-95.57485,41.58582],[-95.56523,41.58576],[-95.56539,41.57128],[-95.57507,41.57138],[-95.57485,41.58582]]]}},{"type":"Feature","properties":{"name":"Peterson","county":"Clay","type":"city"},"geometry":{"type":"Polygon","coordinates":[[[-95.35324,42.92142],[-95.33357,42.92121],[-95.33341,42.91855],[-95.32945,42.92108],[-95.32866,42.92043],[-95.33354,42.91777],[-95.33343,42.91371],[-95.35317,42.91374],[-95.35324,42.92142]]]}},{"type":"Feature","properties":{"name":"Pierson","county":"Woodbury","type":"city"},"geometry":{"type":"Polygon","coordinates":[[[-95.87476,42.54853],[-95.87373,42.5489],[-95.86705,42.54913],[-95.86466,42.54873],[-95.86463,42.54726],[-95.85976,42.54729],[-95.85961,42.53807],[-95.85597,42.53709],[-95.85708,42.53539],[-95.85755,42.53526],[-95.8596,42.53646],[-95.86393,42.54007],[-95.87427,42.54006],[-95.87443,42.54732],[-95.87476,42.54853]]]}},{"type":"Feature","properties":{"name":"Pilot Mound","county":"Boone","type":"city"},"geometry":{"type":"Polygon","coordinates":[[[-94.02805,42.16658],[-94.00868,42.16635],[-94.00836,42.15205],[-94.02784,42.15205],[-94.02805,42.16658]]]}},{"type":"Feature","properties":{"name":"Pisgah","county":"Harrison","type":"city"},"geometry":{"type":"Polygon","coordinates":[[[-95.93061,41.82793],[-95.92957,41.83039],[-95.9296,41.83782],[-95.92116,41.83768],[-95.92116,41.83405],[-95.92005,41.83072],[-95.92297,41.83036],[-95.92368,41.82689],[-95.91986,41.82683],[-95.91992,41.82323],[-95.93446,41.82345],[-95.93061,41.82793]]]}},{"type":"Feature","properties":{"name":"Plainfield","county":"Bremer","type":"city"},"geometry":{"type":"Polygon","coordinates":[[[-92.53992,42.8493],[-92.53129,42.84932],[-92.53129,42.8475],[-92.52953,42.8475],[-92.5313,42.84645],[-92.53128,42.84385],[-92.53002,42.84019],[-92.53493,42.84018],[-92.53631,42.83832],[-92.53631,42.84018],[-92.53989,42.84017],[-92.53991,42.8423],[-92.54144,42.84747],[-92.53992,42.8493]]]}},{"type":"Feature","properties":{"name":"Plainview","county":"Scott","type":"community"},"geometry":{"type":"Polygon","coordinates":[[[-90.78731,41.67293],[-90.78272,41.67291],[-90.78273,41.67217],[-90.77259,41.67229],[-90.77264,41.66195],[-90.78731,41.66182],[-90.78731,41.67293]]]}},{"type":"Feature","properties":{"name":"Plano","county":"Appanoose","type":"city"},"geometry":{"type":"Polygon","coordinates":[[[-93.05411,40.76106],[-93.03984,40.76109],[-93.03978,40.7502],[-93.05407,40.75019],[-93.05411,40.76106]]]}},{"type":"Feature","properties":{"name":"Pleasant Hill","county":"Polk","type":"city"},"geometry":{"type":"Polygon","coordinates":[[[-93.53216,41.60788],[-93.52574,41.60789],[-93.52479,41.60973],[-93.52432,41.60789],[-93.52295,41.60788],[-93.52244,41.61511],[-93.51395,41.61509],[-93.51394,41.61339],[-93.51286,41.61338],[-93.51287,41.61509],[-93.50863,41.61512],[-93.50865,41.61089],[-93.50326,41.61081],[-93.50327,41.60859],[-93.5129,41.60407],[-93.51291,41.60242],[-93.50929,41.60373],[-93.50897,41.60559],[-93.50327,41.60784],[-93.50326,41.60592],[-93.49754,41.60875],[-93.49429,41.61376],[-93.49359,41.61146],[-93.48394,41.61149],[-93.48393,41.60502],[-93.4847,41.6048],[-93.48471,41.60426],[-93.48973,41.60424],[-93.48974,41.60063],[-93.48418,41.60063],[-93.48028,41.59863],[-93.47978,41.60065],[-93.47764,41.60065],[-93.47763,41.60184],[-93.48263,41.60153],[-93.48261,41.60426],[-93.47916,41.60428],[-93.47906,41.60782],[-93.47113,41.60789],[-93.46948,41.60847],[-93.46949,41.60789],[-93.4497,41.6079],[-93.44953,41.60107],[-93.44401,41.60083],[-93.44472,41.60226],[-93.44489,41.6079],[-93.44006,41.60792],[-93.43993,41.60067],[-93.4333,41.60068],[-93.43339,41.60501],[-93.43038,41.60504],[-93.4303,41.60067],[-93.43167,41.60039],[-93.43182,41.59686],[-93.43416,41.59689],[-93.43525,41.59483],[-93.43647,41.59484],[-93.4364,41.59649],[-93.4432,41.59658],[-93.44485,41.59551],[-93.44485,41.59075],[-93.44797,41.59083],[-93.44792,41.58736],[-93.45267,41.58748],[-93.45276,41.58025],[-93.46222,41.58048],[-93.46221,41.58248],[-93.46093,41.58248],[-93.4622,41.58412],[-93.45746,41.58399],[-93.45743,41.58761],[-93.46098,41.58771],[-93.46096,41.59175],[-93.46214,41.59175],[-93.46216,41.58775],[-93.46453,41.58784],[-93.46455,41.58613],[-93.46352,41.58609],[-93.46354,41.58383],[-93.46876,41.58407],[-93.46876,41.58075],[-93.46716,41.58069],[-93.46714,41.57913],[-93.46464,41.57903],[-93.46407,41.57798],[-93.46406,41.57333],[-93.46712,41.57343],[-93.46713,41.57706],[-93.47201,41.57727],[-93.47199,41.5737],[-93.47688,41.57366],[-93.47684,41.57024],[-93.47199,41.57004],[-93.47198,41.56641],[-93.47677,41.56661],[-93.47678,41.55937],[-93.48161,41.55954],[-93.48162,41.5629],[-93.48543,41.56312],[-93.48647,41.56441],[-93.48654,41.57059],[-93.49139,41.57074],[-93.49141,41.57191],[-93.48993,41.57192],[-93.48932,41.57561],[-93.48362,41.57502],[-93.48347,41.57631],[-93.4818,41.57765],[-93.48182,41.58127],[-93.48048,41.58122],[-93.48044,41.58006],[-93.47536,41.57986],[-93.47536,41.58101],[-93.4762,41.58105],[-93.47617,41.58204],[-93.47848,41.58213],[-93.47818,41.58461],[-93.48185,41.58475],[-93.48189,41.58907],[-93.48013,41.58901],[-93.48069,41.59009],[-93.48072,41.59239],[-93.48331,41.59266],[-93.48542,41.5932],[-93.48543,41.59412],[-93.48484,41.59504],[-93.48193,41.59512],[-93.48193,41.59328],[-93.48108,41.59244],[-93.47831,41.59248],[-93.47833,41.59343],[-93.47203,41.59351],[-93.47203,41.59424],[-93.46749,41.59408],[-93.46742,41.59522],[-93.47276,41.59542],[-93.47706,41.59627],[-93.4801,41.59576],[-93.48101,41.59511],[-93.48073,41.59712],[-93.48672,41.59695],[-93.48671,41.5929],[-93.48789,41.59245],[-93.48789,41.58876],[-93.49528,41.58911],[-93.49471,41.58178],[-93.49602,41.58184],[-93.49692,41.58336],[-93.49934,41.58345],[-93.4994,41.58606],[-93.50192,41.58619],[-93.50477,41.58385],[-93.50512,41.58255],[-93.50661,41.5824],[-93.50173,41.58205],[-93.501,41.5802],[-93.49624,41.58001],[-93.49612,41.57457],[-93.50096,41.57477],[-93.50115,41.57839],[-93.50337,41.5785],[-93.50338,41.58203],[-93.50692,41.58217],[-93.50819,41.58096],[-93.50815,41.57867],[-93.51054,41.57876],[-93.51052,41.57604],[-93.50575,41.57587],[-93.50569,41.57121],[-93.51047,41.57138],[-93.51047,41.5699],[-93.50829,41.56983],[-93.50829,41.56784],[-93.50569,41.56771],[-93.50567,41.56592],[-93.49931,41.56388],[-93.49233,41.56284],[-93.49212,41.56168],[-93.49158,41.56106],[-93.49132,41.55745],[-93.49598,41.55421],[-93.49598,41.55542],[-93.4985,41.55414],[-93.5008,41.55418],[-93.50078,41.55283],[-93.50369,41.55508],[-93.50589,41.55999],[-93.50643,41.56297],[-93.51206,41.56382],[-93.51332,41.56304],[-93.51319,41.55832],[-93.51467,41.55446],[-93.51673,41.55321],[-93.52193,41.55197],[-93.52816,41.55199],[-93.52966,41.55391],[-93.52985,41.60063],[-93.53158,41.60337],[-93.53166,41.60436],[-93.53216,41.60491],[-93.53216,41.60788]]]}},{"type":"Feature","properties":{"name":"Pleasant Plain","county":"Jefferson","type":"city"},"geometry":{"type":"Polygon","coordinates":[[[-91.86906,41.15465],[-91.84977,41.15427],[-91.85016,41.13975],[-91.86943,41.14006],[-91.86906,41.15465]]]}},{"type":"Feature","properties":{"name":"Pleasanton","county":"Decatur","type":"city"},"geometry":{"type":"Polygon","coordinates":[[[-93.74785,40.58734],[-93.73813,40.58738],[-93.73801,40.57754],[-93.74785,40.57766],[-93.74785,40.58734]]]}},{"type":"Feature","properties":{"name":"Pleasantville","county":"Marion","type":"city"},"geometry":{"type":"Polygon","coordinates":[[[-93.28597,41.37453],[-93.28571,41.40163],[-93.27605,41.40173],[-93.2752,41.4015],[-93.2716,41.39641],[-93.25721,41.39647],[-93.25715,41.37794],[-93.27152,41.3778],[-93.2715,41.3711],[-93.28111,41.37106],[-93.28115,41.37458],[-93.28597,41.37453]]]}},{"type":"Feature","properties":{"name":"Plover","county":"Pocahontas","type":"city"},"geometry":{"type":"Polygon","coordinates":[[[-94.62966,42.88211],[-94.61493,42.88206],[-94.61498,42.87118],[-94.62964,42.87126],[-94.62966,42.88211]]]}},{"type":"Feature","properties":{"name":"Plymouth","county":"Cerro Gordo","type":"city"},"geometry":{"type":"Polygon","coordinates":[[[-93.12823,43.25275],[-93.11833,43.25276],[-93.11832,43.24005],[-93.12824,43.24001],[-93.12823,43.25275]]]}},{"type":"Feature","properties":{"name":"Pocahontas","county":"Pocahontas","type":"city"},"geometry":{"type":"Polygon","coordinates":[[[-94.68852,42.73979],[-94.67885,42.73983],[-94.67886,42.74702],[-94.67453,42.74813],[-94.67453,42.74703],[-94.67842,42.74703],[-94.67842,42.74523],[-94.67542,42.74167],[-94.67267,42.74168],[-94.67267,42.73985],[-94.66388,42.73989],[-94.66388,42.74705],[-94.64419,42.74702],[-94.64423,42.74209],[-94.63932,42.73988],[-94.63935,42.73768],[-94.64425,42.73987],[-94.64919,42.73988],[-94.64918,42.73624],[-94.65407,42.73625],[-94.65407,42.73535],[-94.65817,42.73537],[-94.65899,42.73448],[-94.65677,42.73442],[-94.65672,42.73262],[-94.65899,42.73263],[-94.65884,42.7288],[-94.66326,42.72865],[-94.66076,42.7252],[-94.66864,42.72493],[-94.66873,42.72849],[-94.67876,42.7283],[-94.67872,42.72564],[-94.68079,42.72559],[-94.68086,42.72978],[-94.68562,42.73242],[-94.68859,42.7326],[-94.68852,42.73979]]]}},{"type":"Feature","properties":{"name":"Polk City","county":"Polk","type":"city"},"geometry":{"type":"Polygon","coordinates":[[[-93.74323,41.82444],[-93.74149,41.82498],[-93.73986,41.82698],[-93.73844,41.8271],[-93.73771,41.82831],[-93.73707,41.81982],[-93.73177,41.82011],[-93.73163,41.80594],[-93.7271,41.80595],[-93.72705,41.79652],[-93.72678,41.79522],[-93.72673,41.7987],[-93.71719,41.79871],[-93.71706,41.78907],[-93.71419,41.78718],[-93.70983,41.78676],[-93.70932,41.78875],[-93.70751,41.78876],[-93.70754,41.79148],[-93.6978,41.79152],[-93.69776,41.78786],[-93.7075,41.78785],[-93.70746,41.78421],[-93.69302,41.78421],[-93.69303,41.7805],[-93.69535,41.77872],[-93.69536,41.77692],[-93.68331,41.77688],[-93.68301,41.77167],[-93.69949,41.77177],[-93.69948,41.76814],[-93.69251,41.76812],[-93.69213,41.76089],[-93.69376,41.76087],[-93.69206,41.76036],[-93.69206,41.75975],[-93.68315,41.75985],[-93.6799,41.76066],[-93.67748,41.76074],[-93.67751,41.74878],[-93.67827,41.74789],[-93.67771,41.74623],[-93.68342,41.74627],[-93.6834,41.75085],[-93.68783,41.75224],[-93.68947,41.75327],[-93.69769,41.75532],[-93.71224,41.75726],[-93.71566,41.75849],[-93.71709,41.76078],[-93.72022,41.76085],[-93.72022,41.7644],[-93.7291,41.7645],[-93.72916,41.77188],[-93.73283,41.77194],[-93.73334,41.77697],[-93.73628,41.77697],[-93.73744,41.77935],[-93.73633,41.77973],[-93.73638,41.78395],[-93.73469,41.78962],[-93.73269,41.78962],[-93.73309,41.79051],[-93.73038,41.79052],[-93.73159,41.79143],[-93.72956,41.79477],[-93.73252,41.79686],[-93.73297,41.79858],[-93.73466,41.79984],[-93.73282,41.80045],[-93.7346,41.80076],[-93.7374,41.80445],[-93.73487,41.80587],[-93.73355,41.80722],[-93.73405,41.80909],[-93.73706,41.80942],[-93.73731,41.81112],[-93.73542,41.81393],[-93.73465,41.8144],[-93.73632,41.81573],[-93.73595,41.81672],[-93.73682,41.81795],[-93.73763,41.81798],[-93.73973,41.82008],[-93.74244,41.81974],[-93.74112,41.82093],[-93.74156,41.82314],[-93.74323,41.82444]]]}},{"type":"Feature","properties":{"name":"Pomeroy","county":"Calhoun","type":"city"},"geometry":{"type":"Polygon","coordinates":[[[-94.69741,42.5593],[-94.67812,42.55921],[-94.65793,42.55962],[-94.6578,42.54539],[-94.67807,42.54569],[-94.6781,42.54205],[-94.6879,42.54203],[-94.68791,42.54567],[-94.69763,42.54566],[-94.69741,42.5593]]]}},{"type":"Feature","properties":{"name":"Popejoy","county":"Franklin","type":"city"},"geometry":{"type":"Polygon","coordinates":[[[-93.43529,42.60105],[-93.42042,42.60104],[-93.42063,42.59351],[-93.42016,42.5865],[-93.43502,42.58645],[-93.43529,42.60105]]]}},{"type":"Feature","properties":{"name":"Portland","county":"Cerro Gordo","type":"community"},"geometry":{"type":"Polygon","coordinates":[[[-93.14598,43.12616],[-93.14605,43.13309],[-93.14546,43.13346],[-93.14187,43.13344],[-93.14187,43.13316],[-93.12865,43.13017],[-93.12233,43.12918],[-93.12252,43.11937],[-93.14607,43.11899],[-93.14469,43.11978],[-93.14666,43.1227],[-93.14598,43.12616]]]}},{"type":"Feature","properties":{"name":"Portsmouth","county":"Shelby","type":"city"},"geometry":{"type":"Polygon","coordinates":[[[-95.52364,41.65645],[-95.51881,41.65647],[-95.51879,41.65289],[-95.51395,41.65296],[-95.51396,41.64574],[-95.52357,41.64566],[-95.52364,41.65645]]]}},{"type":"Feature","properties":{"name":"Postville","county":"Allamakee","type":"city"},"geometry":{"type":"Polygon","coordinates":[[[-91.58826,43.09358],[-91.58332,43.09356],[-91.58333,43.09447],[-91.5784,43.09445],[-91.57828,43.08899],[-91.56839,43.08897],[-91.56841,43.08997],[-91.55847,43.08998],[-91.55856,43.09634],[-91.54839,43.0963],[-91.54856,43.08892],[-91.55349,43.08873],[-91.55336,43.06932],[-91.55837,43.06934],[-91.55847,43.07299],[-91.56327,43.07297],[-91.5633,43.07663],[-91.58311,43.07643],[-91.58312,43.08167],[-91.58807,43.08169],[-91.58826,43.09358]]]}},{"type":"Feature","properties":{"name":"Prairie City","county":"Jasper","type":"city"},"geometry":{"type":"Polygon","coordinates":[[[-93.2534,41.59774],[-93.2501,41.59737],[-93.24375,41.59728],[-93.24376,41.60107],[-93.242,41.60106],[-93.24201,41.60469],[-93.23725,41.60467],[-93.23725,41.60554],[-93.23234,41.60556],[-93.23238,41.60463],[-93.2271,41.60461],[-93.22702,41.60102],[-93.22736,41.60103],[-93.22736,41.60014],[-93.22866,41.60016],[-93.22922,41.59843],[-93.22918,41.58776],[-93.25332,41.58776],[-93.2534,41.59774]]]}},{"type":"Feature","properties":{"name":"Prairieburg","county":"Linn","type":"city"},"geometry":{"type":"Polygon","coordinates":[[[-91.43242,42.24197],[-91.41772,42.24202],[-91.41768,42.23481],[-91.42749,42.2347],[-91.42749,42.23105],[-91.4324,42.23105],[-91.43242,42.24197]]]}},{"type":"Feature","properties":{"name":"Prescott","county":"Adams","type":"city"},"geometry":{"type":"Polygon","coordinates":[[[-94.62292,41.02529],[-94.61581,41.02539],[-94.61573,41.02884],[-94.60866,41.02862],[-94.60874,41.02658],[-94.60688,41.02517],[-94.60394,41.02515],[-94.60398,41.02154],[-94.60792,41.02156],[-94.60873,41.01797],[-94.61331,41.018],[-94.61336,41.02047],[-94.61825,41.02049],[-94.61824,41.02163],[-94.62295,41.02168],[-94.62292,41.02529]]]}},{"type":"Feature","properties":{"name":"Preston","county":"Jackson","type":"city"},"geometry":{"type":"Polygon","coordinates":[[[-90.40864,42.05865],[-90.40815,42.05915],[-90.40618,42.05795],[-90.40093,42.05578],[-90.39403,42.05626],[-90.39402,42.05526],[-90.39047,42.05262],[-90.38903,42.05283],[-90.38892,42.05601],[-90.38687,42.05602],[-90.38686,42.05337],[-90.38408,42.05372],[-90.38413,42.05157],[-90.38647,42.05217],[-90.38985,42.05218],[-90.38903,42.05157],[-90.38905,42.04074],[-90.39875,42.04072],[-90.39874,42.04435],[-90.40845,42.04434],[-90.40862,42.04648],[-90.4037,42.04868],[-90.40373,42.05409],[-90.40859,42.0553],[-90.40864,42.05865]]]}},{"type":"Feature","properties":{"name":"Primghar","county":"O'Brien","type":"city"},"geometry":{"type":"Polygon","coordinates":[[[-95.63419,43.08087],[-95.63412,43.09537],[-95.62926,43.09538],[-95.62932,43.09176],[-95.62698,43.09176],[-95.62696,43.09367],[-95.62504,43.09392],[-95.62425,43.09538],[-95.61916,43.09534],[-95.61917,43.09173],[-95.60434,43.09165],[-95.60438,43.08445],[-95.61357,43.08449],[-95.61424,43.08337],[-95.61319,43.08254],[-95.61319,43.08079],[-95.61039,43.08077],[-95.61039,43.07621],[-95.6139,43.07623],[-95.61461,43.07718],[-95.6244,43.07727],[-95.62435,43.08089],[-95.63419,43.08087]]]}},{"type":"Feature","properties":{"name":"Princeton","county":"Scott","type":"city"},"geometry":{"type":"Polygon","coordinates":[[[-90.37432,41.68486],[-90.36456,41.68487],[-90.36458,41.68852],[-90.36098,41.69414],[-90.35938,41.69542],[-90.35384,41.69088],[-90.35484,41.68857],[-90.35971,41.68854],[-90.35968,41.681],[-90.3452,41.68096],[-90.34525,41.68662],[-90.34219,41.68471],[-90.34074,41.68098],[-90.34079,41.68163],[-90.33919,41.68165],[-90.33899,41.68098],[-90.33829,41.68098],[-90.33952,41.67658],[-90.34,41.66718],[-90.34389,41.65702],[-90.34363,41.65669],[-90.34452,41.65548],[-90.36438,41.65565],[-90.36446,41.66286],[-90.37417,41.66296],[-90.37432,41.68486]]]}},{"type":"Feature","properties":{"name":"Promise City","county":"Wayne","type":"city"},"geometry":{"type":"Polygon","coordinates":[[[-93.15453,40.75015],[-93.14504,40.75011],[-93.145,40.7447],[-93.15453,40.74468],[-93.15453,40.75015]]]}},{"type":"Feature","properties":{"name":"Protivin","county":"Howard","type":"city"},"geometry":{"type":"Polygon","coordinates":[[[-92.09589,43.22027],[-92.09493,43.22029],[-92.09495,43.22282],[-92.09243,43.22281],[-92.09092,43.2221],[-92.09093,43.22027],[-92.08093,43.22024],[-92.08098,43.21295],[-92.08855,43.21297],[-92.08856,43.21204],[-92.09092,43.21177],[-92.09094,43.21054],[-92.09285,43.21054],[-92.09284,43.21231],[-92.09354,43.21231],[-92.09354,43.21299],[-92.09589,43.213],[-92.09589,43.22027]]]}},{"type":"Feature","properties":{"name":"Pulaski","county":"Davis","type":"city"},"geometry":{"type":"Polygon","coordinates":[[[-92.27873,40.69776],[-92.2782,40.70059],[-92.26869,40.70062],[-92.26884,40.68974],[-92.2736,40.68975],[-92.27366,40.68611],[-92.27841,40.68608],[-92.27873,40.69776]]]}},{"type":"Feature","properties":{"name":"Quasqueton","county":"Buchanan","type":"city"},"geometry":{"type":"Polygon","coordinates":[[[-91.77247,42.3918],[-91.76806,42.39172],[-91.76816,42.40337],[-91.75784,42.40317],[-91.75831,42.39952],[-91.74367,42.39922],[-91.74384,42.3883],[-91.76355,42.38866],[-91.7678,42.38698],[-91.77256,42.38711],[-91.77247,42.3918]]]}},{"type":"Feature","properties":{"name":"Quimby","county":"Cherokee","type":"city"},"geometry":{"type":"Polygon","coordinates":[[[-95.65117,42.63187],[-95.64269,42.63278],[-95.64064,42.63425],[-95.63769,42.63437],[-95.63728,42.63289],[-95.63259,42.63366],[-95.63726,42.63145],[-95.63732,42.6265],[-95.64122,42.62641],[-95.6421,42.62385],[-95.64394,42.62383],[-95.64393,42.6249],[-95.6481,42.62507],[-95.65199,42.62308],[-95.65207,42.62641],[-95.65108,42.62643],[-95.65207,42.63103],[-95.65117,42.63187]]]}},{"type":"Feature","properties":{"name":"Radcliffe","county":"Hardin","type":"city"},"geometry":{"type":"Polygon","coordinates":[[[-93.44414,42.32495],[-93.42465,42.32493],[-93.42447,42.31048],[-93.44397,42.31048],[-93.44414,42.32495]]]}},{"type":"Feature","properties":{"name":"Rake","county":"Winnebago","type":"city"},"geometry":{"type":"Polygon","coordinates":[[[-93.92724,43.48781],[-93.91213,43.48779],[-93.9121,43.47335],[-93.92709,43.47331],[-93.92724,43.48781]]]}},{"type":"Feature","properties":{"name":"Ralston","county":"Carroll","type":"city"},"geometry":{"type":"Polygon","coordinates":[[[-94.64845,42.04917],[-94.61031,42.04911],[-94.60983,42.03464],[-94.64852,42.03468],[-94.64845,42.04917]]]}},{"type":"Feature","properties":{"name":"Randalia","county":"Fayette","type":"city"},"geometry":{"type":"Polygon","coordinates":[[[-91.88917,42.86878],[-91.88424,42.86882],[-91.88426,42.85797],[-91.8892,42.85797],[-91.88917,42.86878]]]}},{"type":"Feature","properties":{"name":"Randall","county":"Hamilton","type":"city"},"geometry":{"type":"Polygon","coordinates":[[[-93.60813,42.2419],[-93.59595,42.24191],[-93.59594,42.23467],[-93.60079,42.23467],[-93.60076,42.23106],[-93.60806,42.23104],[-93.60813,42.2419]]]}},{"type":"Feature","properties":{"name":"Randolph","county":"Fremont","type":"city"},"geometry":{"type":"Polygon","coordinates":[[[-95.57074,40.87656],[-95.55904,40.87659],[-95.55899,40.8732],[-95.55643,40.87319],[-95.55642,40.87146],[-95.56116,40.87145],[-95.56116,40.86953],[-95.57075,40.86951],[-95.57074,40.87656]]]}},{"type":"Feature","properties":{"name":"Rathbun","county":"Appanoose","type":"city"},"geometry":{"type":"Polygon","coordinates":[[[-92.89212,40.80508],[-92.88742,40.80508],[-92.88136,40.805],[-92.88661,40.79784],[-92.89204,40.79784],[-92.89212,40.80508]]]}},{"type":"Feature","properties":{"name":"Raymond","county":"Black Hawk","type":"city"},"geometry":{"type":"Polygon","coordinates":[[[-92.25119,42.47627],[-92.21443,42.47605],[-92.21432,42.46886],[-92.21315,42.46777],[-92.21332,42.46078],[-92.21966,42.46082],[-92.2196,42.45721],[-92.22446,42.45728],[-92.22455,42.46264],[-92.23118,42.46277],[-92.23123,42.46413],[-92.23915,42.46578],[-92.25105,42.46967],[-92.25119,42.47627]]]}},{"type":"Feature","properties":{"name":"Readlyn","county":"Bremer","type":"city"},"geometry":{"type":"Polygon","coordinates":[[[-92.23085,42.7006],[-92.2308,42.70257],[-92.23174,42.70257],[-92.2308,42.70406],[-92.2308,42.70773],[-92.21899,42.70741],[-92.21907,42.69966],[-92.22947,42.69983],[-92.22947,42.70029],[-92.23195,42.70028],[-92.23085,42.7006]]]}},{"type":"Feature","properties":{"name":"Reasnor","county":"Jasper","type":"city"},"geometry":{"type":"Polygon","coordinates":[[[-93.03003,41.58422],[-93.01576,41.58439],[-93.01571,41.57345],[-93.03,41.57336],[-93.03003,41.58422]]]}},{"type":"Feature","properties":{"name":"Red Oak","county":"Montgomery","type":"city"},"geometry":{"type":"Polygon","coordinates":[[[-95.24422,41.00442],[-95.24273,41.00679],[-95.24231,41.00893],[-95.24217,41.01583],[-95.24257,41.01776],[-95.24164,41.01951],[-95.24191,41.0235],[-95.23286,41.02352],[-95.23305,41.03434],[-95.21396,41.03435],[-95.21388,41.02586],[-95.21103,41.02584],[-95.21094,41.01618],[-95.20427,41.01617],[-95.20433,41.00179],[-95.21859,41.0018],[-95.21857,40.99816],[-95.2233,40.99818],[-95.22331,40.9975],[-95.23278,40.9974],[-95.2469,40.99817],[-95.24422,41.00442]]]}},{"type":"Feature","properties":{"name":"Redding","county":"Ringgold","type":"city"},"geometry":{"type":"Polygon","coordinates":[[[-94.39571,40.61406],[-94.37665,40.61389],[-94.37684,40.59948],[-94.39579,40.59954],[-94.39571,40.61406]]]}},{"type":"Feature","properties":{"name":"Redfield","county":"Dallas","type":"city"},"geometry":{"type":"Polygon","coordinates":[[[-94.20897,41.59729],[-94.19935,41.59726],[-94.19743,41.59943],[-94.19432,41.59951],[-94.19125,41.59728],[-94.18042,41.5971],[-94.18188,41.59469],[-94.18038,41.59411],[-94.18254,41.59187],[-94.19188,41.58773],[-94.19454,41.58719],[-94.19043,41.5874],[-94.18497,41.59035],[-94.18486,41.58274],[-94.19446,41.58276],[-94.19769,41.58149],[-94.1988,41.58254],[-94.20899,41.58283],[-94.20897,41.59729]]]}},{"type":"Feature","properties":{"name":"Reinbeck","county":"Grundy","type":"city"},"geometry":{"type":"Polygon","coordinates":[[[-92.61154,42.32576],[-92.60863,42.32575],[-92.60869,42.32966],[-92.60172,42.32961],[-92.6017,42.33295],[-92.58156,42.33295],[-92.5775,42.33525],[-92.57746,42.33116],[-92.57258,42.33116],[-92.57248,42.3186],[-92.57736,42.31857],[-92.5774,42.3246],[-92.57515,42.32575],[-92.5896,42.32568],[-92.58953,42.32019],[-92.58223,42.31132],[-92.61132,42.31132],[-92.61154,42.32576]]]}},{"type":"Feature","properties":{"name":"Rembrandt","county":"Buena Vista","type":"city"},"geometry":{"type":"Polygon","coordinates":[[[-95.1713,42.82917],[-95.161,42.82916],[-95.16091,42.82187],[-95.16925,42.82188],[-95.16894,42.8255],[-95.17104,42.82551],[-95.1713,42.82917]]]}},{"type":"Feature","properties":{"name":"Remsen","county":"Plymouth","type":"city"},"geometry":{"type":"Polygon","coordinates":[[[-95.995,42.81357],[-95.98722,42.81329],[-95.98213,42.81402],[-95.97692,42.81532],[-95.97678,42.83007],[-95.96709,42.83011],[-95.96708,42.82314],[-95.96329,42.82333],[-95.96198,42.8248],[-95.96191,42.8228],[-95.96152,42.82282],[-95.96596,42.8209],[-95.96721,42.81941],[-95.96726,42.81741],[-95.95747,42.81776],[-95.95766,42.80927],[-95.95623,42.80924],[-95.9552,42.80692],[-95.95768,42.80687],[-95.95768,42.80803],[-95.96748,42.80829],[-95.96753,42.80717],[-95.97156,42.80725],[-95.97153,42.8084],[-95.99515,42.80839],[-95.995,42.81357]]]}},{"type":"Feature","properties":{"name":"Renwick","county":"Humboldt","type":"city"},"geometry":{"type":"Polygon","coordinates":[[[-93.99124,42.83419],[-93.97147,42.83412],[-93.97146,42.8197],[-93.99116,42.8197],[-93.99124,42.83419]]]}},{"type":"Feature","properties":{"name":"Rhodes","county":"Marshall","type":"city"},"geometry":{"type":"Polygon","coordinates":[[[-93.19338,41.93517],[-93.17402,41.93521],[-93.17392,41.9207],[-93.18699,41.92071],[-93.18841,41.91853],[-93.18995,41.91982],[-93.18877,41.92071],[-93.19333,41.92069],[-93.19338,41.93517]]]}},{"type":"Feature","properties":{"name":"Riceville","county":"Howard","type":"city"},"geometry":{"type":"Polygon","coordinates":[[[-92.56413,43.3566],[-92.56079,43.35657],[-92.56046,43.36208],[-92.56082,43.36444],[-92.56288,43.36516],[-92.56288,43.37005],[-92.56412,43.37109],[-92.5455,43.37114],[-92.54542,43.3639],[-92.54466,43.36391],[-92.54539,43.36245],[-92.54528,43.35299],[-92.56413,43.35292],[-92.56413,43.3566]]]}},{"type":"Feature","properties":{"name":"Richland","county":"Keokuk","type":"city"},"geometry":{"type":"Polygon","coordinates":[[[-92.00319,41.19291],[-91.98366,41.19292],[-91.984,41.1782],[-92.00345,41.17813],[-92.00319,41.19291]]]}},{"type":"Feature","properties":{"name":"Rickardsville","county":"Dubuque","type":"city"},"geometry":{"type":"Polygon","coordinates":[[[-90.90431,42.58686],[-90.903,42.58698],[-90.90236,42.58776],[-90.90068,42.58778],[-90.90006,42.58807],[-90.89761,42.58806],[-90.89746,42.58697],[-90.86827,42.58696],[-90.86817,42.57968],[-90.85835,42.57966],[-90.85822,42.57238],[-90.86808,42.5724],[-90.86805,42.57603],[-90.87303,42.57605],[-90.87307,42.57964],[-90.87795,42.57963],[-90.878,42.58277],[-90.88289,42.58178],[-90.8829,42.57967],[-90.88397,42.57968],[-90.88398,42.58169],[-90.88982,42.58437],[-90.89093,42.58275],[-90.89121,42.58076],[-90.89259,42.58079],[-90.8927,42.58302],[-90.89628,42.58333],[-90.8963,42.58478],[-90.89762,42.58537],[-90.89782,42.58494],[-90.90306,42.58603],[-90.90436,42.58601],[-90.90431,42.58686]]]}},{"type":"Feature","properties":{"name":"Ricketts","county":"Crawford","type":"city"},"geometry":{"type":"Polygon","coordinates":[[[-95.57971,42.1316],[-95.57004,42.13156],[-95.57002,42.12436],[-95.57968,42.12445],[-95.57971,42.1316]]]}},{"type":"Feature","properties":{"name":"Ridgeway","county":"Winneshiek","type":"city"},"geometry":{"type":"Polygon","coordinates":[[[-92.00233,43.30255],[-91.98234,43.30251],[-91.98251,43.29164],[-92.00247,43.29168],[-92.00233,43.30255]]]}},{"type":"Feature","properties":{"name":"Rinard","county":"Calhoun","type":"city"},"geometry":{"type":"Polygon","coordinates":[[[-94.49474,42.3469],[-94.47515,42.34684],[-94.47511,42.33239],[-94.49467,42.33242],[-94.49474,42.3469]]]}},{"type":"Feature","properties":{"name":"Ringsted","county":"Emmet","type":"city"},"geometry":{"type":"Polygon","coordinates":[[[-94.51715,43.30251],[-94.4975,43.30217],[-94.49764,43.28771],[-94.51713,43.28776],[-94.51715,43.30251]]]}},{"type":"Feature","properties":{"name":"Rippey","county":"Greene","type":"city"},"geometry":{"type":"Polygon","coordinates":[[[-94.20792,41.94266],[-94.19349,41.94269],[-94.1935,41.92824],[-94.19832,41.92824],[-94.19831,41.92101],[-94.20314,41.92099],[-94.20313,41.92823],[-94.20796,41.92822],[-94.20792,41.94266]]]}},{"type":"Feature","properties":{"name":"River Sioux","county":"Harrison","type":"community"},"geometry":{"type":"Polygon","coordinates":[[[-96.0543,41.80572],[-96.04789,41.80581],[-96.04576,41.80666],[-96.04531,41.80575],[-96.04068,41.80579],[-96.04058,41.79854],[-96.05215,41.79856],[-96.05786,41.80486],[-96.0543,41.80572]]]}},{"type":"Feature","properties":{"name":"Riverdale","county":"Scott","type":"city"},"geometry":{"type":"Polygon","coordinates":[[[-90.47557,41.53006],[-90.47407,41.5318],[-90.47513,41.53254],[-90.47228,41.53435],[-90.47411,41.5363],[-90.47383,41.55351],[-90.46796,41.5536],[-90.46667,41.55216],[-90.46019,41.55082],[-90.45549,41.54894],[-90.4567,41.54668],[-90.45204,41.54499],[-90.4555,41.542],[-90.4535,41.54014],[-90.4502,41.53798],[-90.44935,41.53854],[-90.44523,41.53613],[-90.46143,41.52353],[-90.47529,41.51964],[-90.47474,41.52755],[-90.47557,41.53006]]]}},{"type":"Feature","properties":{"name":"Riverside","county":"Washington","type":"city"},"geometry":{"type":"Polygon","coordinates":[[[-91.59002,41.48658],[-91.57636,41.48655],[-91.57984,41.48745],[-91.58036,41.49023],[-91.57374,41.4901],[-91.57703,41.48877],[-91.57064,41.48858],[-91.57057,41.48157],[-91.56088,41.48411],[-91.5609,41.48609],[-91.55579,41.48615],[-91.55542,41.48975],[-91.55263,41.48972],[-91.5537,41.4867],[-91.55047,41.48752],[-91.55084,41.48875],[-91.55076,41.49697],[-91.5498,41.49697],[-91.54995,41.4897],[-91.5439,41.4896],[-91.54385,41.49117],[-91.53983,41.49212],[-91.54146,41.49326],[-91.54151,41.50219],[-91.54018,41.50411],[-91.52708,41.5038],[-91.5269,41.50621],[-91.51988,41.50283],[-91.52036,41.49971],[-91.51967,41.49697],[-91.51873,41.49697],[-91.51873,41.49642],[-91.53402,41.49668],[-91.53478,41.49308],[-91.54148,41.48985],[-91.54142,41.48233],[-91.54632,41.48237],[-91.54628,41.48601],[-91.55044,41.48604],[-91.55029,41.48702],[-91.55879,41.48437],[-91.57056,41.48128],[-91.57048,41.47552],[-91.58986,41.47574],[-91.59002,41.48658]]]}},{"type":"Feature","properties":{"name":"Riverton","county":"Fremont","type":"city"},"geometry":{"type":"Polygon","coordinates":[[[-95.57474,40.68049],[-95.57403,40.69423],[-95.56248,40.69398],[-95.56328,40.67956],[-95.56876,40.68031],[-95.56974,40.67603],[-95.57474,40.68049]]]}},{"type":"Feature","properties":{"name":"Robins","county":"Linn","type":"city"},"geometry":{"type":"Polygon","coordinates":[[[-91.70188,42.10098],[-91.70146,42.10097],[-91.70182,42.10211],[-91.70076,42.10221],[-91.70075,42.10245],[-91.69938,42.10239],[-91.69939,42.10362],[-91.69704,42.10355],[-91.69667,42.10431],[-91.69214,42.1043],[-91.69168,42.10778],[-91.6876,42.10743],[-91.68759,42.10952],[-91.68586,42.10952],[-91.68586,42.10833],[-91.68346,42.10833],[-91.6825,42.10732],[-91.68243,42.10953],[-91.67266,42.10952],[-91.67279,42.10227],[-91.67761,42.10227],[-91.67763,42.09393],[-91.67952,42.09392],[-91.67952,42.09135],[-91.67761,42.09135],[-91.67758,42.08411],[-91.66787,42.08408],[-91.66795,42.09499],[-91.66317,42.09499],[-91.6632,42.09859],[-91.65337,42.09855],[-91.65343,42.09494],[-91.65821,42.09496],[-91.65816,42.08038],[-91.64832,42.08038],[-91.64833,42.07857],[-91.64344,42.07853],[-91.64344,42.07306],[-91.6459,42.07309],[-91.64593,42.06947],[-91.64839,42.06949],[-91.64931,42.0644],[-91.64903,42.06419],[-91.65329,42.06423],[-91.65328,42.06681],[-91.65816,42.06685],[-91.65784,42.06259],[-91.65821,42.0623],[-91.66306,42.06231],[-91.66308,42.05867],[-91.66792,42.05871],[-91.66789,42.06362],[-91.67279,42.06597],[-91.67277,42.06413],[-91.67369,42.06414],[-91.67398,42.0628],[-91.66961,42.06273],[-91.66966,42.06136],[-91.67279,42.06136],[-91.67282,42.05871],[-91.68743,42.05876],[-91.68735,42.06321],[-91.69702,42.06284],[-91.69696,42.06607],[-91.70024,42.06612],[-91.70063,42.06969],[-91.70009,42.07343],[-91.70055,42.07615],[-91.69997,42.07704],[-91.70048,42.07818],[-91.70021,42.08067],[-91.70127,42.08793],[-91.69464,42.08781],[-91.69425,42.08646],[-91.69211,42.08637],[-91.69209,42.09292],[-91.69273,42.0945],[-91.69034,42.09495],[-91.68112,42.09501],[-91.68246,42.09573],[-91.68246,42.10227],[-91.69214,42.1023],[-91.69211,42.10054],[-91.69695,42.10047],[-91.69691,42.09713],[-91.69366,42.0953],[-91.69689,42.09526],[-91.69689,42.09351],[-91.70052,42.09267],[-91.70148,42.09614],[-91.70188,42.10098]]]}},{"type":"Feature","properties":{"name":"Rochester","county":"Cedar","type":"community"},"geometry":{"type":"Polygon","coordinates":[[[-91.16859,41.67706],[-91.16707,41.6764],[-91.16697,41.67754],[-91.16426,41.67804],[-91.16401,41.6791],[-91.16548,41.6809],[-91.162,41.68246],[-91.15959,41.6812],[-91.15619,41.6802],[-91.15621,41.67739],[-91.13265,41.6775],[-91.1328,41.67023],[-91.15272,41.67032],[-91.15578,41.66975],[-91.16038,41.6718],[-91.16789,41.67282],[-91.16804,41.67445],[-91.16993,41.67622],[-91.16859,41.67706]]]}},{"type":"Feature","properties":{"name":"Rock Falls","county":"Cerro Gordo","type":"city"},"geometry":{"type":"Polygon","coordinates":[[[-93.09,43.20771],[-93.09104,43.21132],[-93.08617,43.21153],[-93.08606,43.21002],[-93.08345,43.21007],[-93.08335,43.20746],[-93.07928,43.20565],[-93.08328,43.20634],[-93.08333,43.20183],[-93.08843,43.20519],[-93.08839,43.20374],[-93.09088,43.20373],[-93.09092,43.20553],[-93.08895,43.20547],[-93.09223,43.20727],[-93.09,43.20771]]]}},{"type":"Feature","properties":{"name":"Rock Rapids","county":"Lyon","type":"city"},"geometry":{"type":"MultiPolygon","coordinates":[[[[-96.1799,43.45707],[-96.17626,43.44763],[-96.17986,43.44764],[-96.18149,43.45548],[-96.1799,43.45707]]],[[[-96.18584,43.41179],[-96.18534,43.44024],[-96.17551,43.44029],[-96.17557,43.44564],[-96.17626,43.44763],[-96.17565,43.44765],[-96.1743,43.44394],[-96.17379,43.44394],[-96.17367,43.44365],[-96.17183,43.44393],[-96.17186,43.44761],[-96.16756,43.44757],[-96.16423,43.44549],[-96.16376,43.44471],[-96.16447,43.44317],[-96.16707,43.44274],[-96.16721,43.44024],[-96.14582,43.44017],[-96.14595,43.41145],[-96.18584,43.41179]]]]}},{"type":"Feature","properties":{"name":"Rock Valley","county":"Sioux","type":"city"},"geometry":{"type":"Polygon","coordinates":[[[-96.31979,43.19988],[-96.31615,43.19989],[-96.31616,43.20116],[-96.31482,43.20118],[-96.31498,43.2143],[-96.30487,43.21434],[-96.30498,43.21802],[-96.29506,43.21809],[-96.29501,43.21193],[-96.29312,43.21287],[-96.29308,43.21081],[-96.29009,43.21086],[-96.29013,43.21453],[-96.26545,43.21485],[-96.26554,43.20759],[-96.25075,43.20755],[-96.25072,43.20026],[-96.27514,43.2002],[-96.27512,43.19294],[-96.28005,43.19289],[-96.28003,43.18932],[-96.28496,43.18925],[-96.28493,43.18567],[-96.29599,43.18549],[-96.296,43.1876],[-96.29477,43.1876],[-96.29478,43.19029],[-96.29651,43.19028],[-96.2965,43.18913],[-96.30476,43.18913],[-96.30479,43.19244],[-96.3147,43.19269],[-96.31471,43.19297],[-96.31973,43.19266],[-96.31979,43.19988]]]}},{"type":"Feature","properties":{"name":"Rockford","county":"Floyd","type":"city"},"geometry":{"type":"Polygon","coordinates":[[[-92.96251,43.05249],[-92.95926,43.05244],[-92.95909,43.0558],[-92.95729,43.0558],[-92.95725,43.05726],[-92.95584,43.05725],[-92.95133,43.056],[-92.93548,43.05584],[-92.93548,43.04861],[-92.95784,43.04878],[-92.95777,43.05126],[-92.96063,43.0513],[-92.96251,43.05043],[-92.96251,43.05249]]]}},{"type":"Feature","properties":{"name":"Rockwell","county":"Cerro Gordo","type":"city"},"geometry":{"type":"Polygon","coordinates":[[[-93.20172,42.99438],[-93.17211,42.99432],[-93.17258,42.96569],[-93.20228,42.9656],[-93.20172,42.99438]]]}},{"type":"Feature","properties":{"name":"Rockwell City","county":"Calhoun","type":"city"},"geometry":{"type":"Polygon","coordinates":[[[-94.64969,42.41333],[-94.61196,42.41341],[-94.61196,42.39528],[-94.60084,42.39526],[-94.60216,42.39476],[-94.60206,42.38618],[-94.60699,42.3862],[-94.60698,42.3844],[-94.64957,42.38429],[-94.64969,42.41333]]]}},{"type":"Feature","properties":{"name":"Rodman","county":"Palo Alto","type":"city"},"geometry":{"type":"Polygon","coordinates":[[[-94.53123,43.031],[-94.52594,43.02788],[-94.52578,43.03124],[-94.52525,43.03129],[-94.52524,43.02746],[-94.52137,43.02508],[-94.52139,43.02404],[-94.5312,43.02404],[-94.53123,43.031]]]}},{"type":"Feature","properties":{"name":"Rodney","county":"Monona","type":"city"},"geometry":{"type":"Polygon","coordinates":[[[-95.95723,42.20573],[-95.95253,42.20574],[-95.95249,42.20803],[-95.94775,42.20795],[-95.94761,42.20077],[-95.95216,42.20083],[-95.95267,42.20436],[-95.95724,42.20444],[-95.95723,42.20573]]]}},{"type":"Feature","properties":{"name":"Roland","county":"Story","type":"city"},"geometry":{"type":"Polygon","coordinates":[[[-93.5161,42.16635],[-93.51273,42.16636],[-93.51163,42.17359],[-93.49213,42.17372],[-93.49216,42.16924],[-93.49148,42.16652],[-93.48856,42.16657],[-93.48855,42.16542],[-93.49216,42.1653],[-93.49217,42.15925],[-93.51655,42.15909],[-93.5161,42.16635]]]}},{"type":"Feature","properties":{"name":"Rolfe","county":"Pocahontas","type":"city"},"geometry":{"type":"Polygon","coordinates":[[[-94.54117,42.82055],[-94.52151,42.82052],[-94.52143,42.80517],[-94.54116,42.80538],[-94.54117,42.82055]]]}},{"type":"Feature","properties":{"name":"Rome","county":"Henry","type":"city"},"geometry":{"type":"Polygon","coordinates":[[[-91.68472,40.9817],[-91.68346,40.98578],[-91.6794,40.98585],[-91.67939,40.98166],[-91.67803,40.97956],[-91.68468,40.97868],[-91.68472,40.9817]]]}},{"type":"Feature","properties":{"name":"Rose Hill","county":"Mahaska","type":"city"},"geometry":{"type":"Polygon","coordinates":[[[-92.46871,41.32189],[-92.46529,41.32191],[-92.46212,41.32294],[-92.45904,41.32302],[-92.45902,41.31831],[-92.46869,41.31828],[-92.46871,41.32189]]]}},{"type":"Feature","properties":{"name":"Roseville","county":"Floyd","type":"community"},"geometry":{"type":"Polygon","coordinates":[[[-92.82479,43.01685],[-92.82348,43.02008],[-92.82083,43.02219],[-92.82192,43.02305],[-92.82108,43.02461],[-92.82267,43.025],[-92.82245,43.02827],[-92.82011,43.03021],[-92.81937,43.03346],[-92.82014,43.03424],[-92.81787,43.03568],[-92.8165,43.03726],[-92.8142,43.03826],[-92.81996,43.03827],[-92.81992,43.0455],[-92.79559,43.04542],[-92.79483,43.04488],[-92.7914,43.0406],[-92.79035,43.03983],[-92.79036,43.03483],[-92.79157,43.03375],[-92.79159,43.03225],[-92.79346,43.03243],[-92.79414,43.03081],[-92.79533,43.03046],[-92.79654,43.02859],[-92.7967,43.025],[-92.79421,43.02378],[-92.79858,43.02363],[-92.79863,43.00904],[-92.79826,43.00904],[-92.79998,43.00453],[-92.8016,43.00558],[-92.80256,43.00334],[-92.80599,43.00179],[-92.80998,43.00177],[-92.80997,43.00105],[-92.81213,43.00071],[-92.81509,43.00194],[-92.81837,43.00418],[-92.81503,43.00716],[-92.82139,43.01082],[-92.82195,43.0123],[-92.82466,43.01589],[-92.82479,43.01685]]]}},{"type":"Feature","properties":{"name":"Rossie","county":"Clay","type":"city"},"geometry":{"type":"Polygon","coordinates":[[[-95.1916,43.01759],[-95.1865,43.01761],[-95.1865,43.01213],[-95.18403,43.01214],[-95.18403,43.01031],[-95.19148,43.01028],[-95.1916,43.01759]]]}},{"type":"Feature","properties":{"name":"Rowan","county":"Wright","type":"city"},"geometry":{"type":"Polygon","coordinates":[[[-93.55762,42.74499],[-93.54291,42.74497],[-93.54295,42.73509],[-93.55765,42.73484],[-93.55762,42.74499]]]}},{"type":"Feature","properties":{"name":"Rowley","county":"Buchanan","type":"city"},"geometry":{"type":"Polygon","coordinates":[[[-91.8504,42.37293],[-91.83821,42.37319],[-91.83819,42.36415],[-91.85034,42.36391],[-91.8504,42.37293]]]}},{"type":"Feature","properties":{"name":"Royal","county":"Clay","type":"city"},"geometry":{"type":"Polygon","coordinates":[[[-95.28941,43.06849],[-95.27953,43.06845],[-95.27958,43.06457],[-95.2737,43.06118],[-95.28025,43.06082],[-95.28971,43.06124],[-95.28941,43.06849]]]}},{"type":"Feature","properties":{"name":"Rudd","county":"Floyd","type":"city"},"geometry":{"type":"Polygon","coordinates":[[[-92.91544,43.1193],[-92.91542,43.13359],[-92.89422,43.13344],[-92.89387,43.11887],[-92.90278,43.11883],[-92.91544,43.1193]]]}},{"type":"Feature","properties":{"name":"Runnells","county":"Polk","type":"city"},"geometry":{"type":"Polygon","coordinates":[[[-93.36742,41.5182],[-93.35417,41.51836],[-93.35406,41.51474],[-93.35278,41.51114],[-93.34799,41.51079],[-93.36724,41.50993],[-93.36742,41.5182]]]}},{"type":"Feature","properties":{"name":"Russell","county":"Lucas","type":"city"},"geometry":{"type":"Polygon","coordinates":[[[-93.21262,40.986],[-93.18864,40.98621],[-93.18864,40.97442],[-93.21249,40.97402],[-93.21262,40.986]]]}},{"type":"Feature","properties":{"name":"Ruthven","county":"Palo Alto","type":"city"},"geometry":{"type":"Polygon","coordinates":[[[-94.90675,43.13361],[-94.90451,43.13363],[-94.90398,43.13489],[-94.9014,43.13491],[-94.90139,43.13367],[-94.89149,43.13373],[-94.89172,43.12822],[-94.8882,43.12774],[-94.88813,43.12635],[-94.89132,43.12613],[-94.89132,43.12651],[-94.90639,43.12645],[-94.90675,43.13361]]]}},{"type":"Feature","properties":{"name":"Rutland","county":"Humboldt","type":"city"},"geometry":{"type":"Polygon","coordinates":[[[-94.30512,42.7681],[-94.28574,42.76799],[-94.2857,42.75688],[-94.28734,42.75634],[-94.28979,42.75253],[-94.29241,42.75262],[-94.29623,42.75556],[-94.3051,42.75575],[-94.30512,42.7681]]]}},{"type":"Feature","properties":{"name":"Ryan","county":"Delaware","type":"city"},"geometry":{"type":"Polygon","coordinates":[[[-91.49044,42.35815],[-91.48082,42.35815],[-91.48062,42.35451],[-91.47753,42.35453],[-91.4775,42.35209],[-91.48058,42.35013],[-91.48048,42.34616],[-91.4835,42.34618],[-91.48325,42.34718],[-91.48578,42.34727],[-91.48576,42.34596],[-91.48874,42.34594],[-91.48807,42.34722],[-91.49037,42.34722],[-91.49044,42.35815]]]}},{"type":"Feature","properties":{"name":"Sabula","county":"Jackson","type":"city"},"geometry":{"type":"Polygon","coordinates":[[[-90.18862,42.07668],[-90.16803,42.07657],[-90.16836,42.07578],[-90.16555,42.06264],[-90.16538,42.05474],[-90.17906,42.05476],[-90.17885,42.062],[-90.18878,42.06211],[-90.18862,42.07668]]]}},{"type":"Feature","properties":{"name":"Sac City","county":"Sac","type":"city"},"geometry":{"type":"Polygon","coordinates":[[[-95.02217,42.40745],[-95.02195,42.43657],[-94.99268,42.43574],[-94.97325,42.43577],[-94.97346,42.40691],[-95.02217,42.40745]]]}},{"type":"Feature","properties":{"name":"Sageville","county":"Dubuque","type":"city"},"geometry":{"type":"MultiPolygon","coordinates":[[[[-90.7204,42.55777],[-90.71783,42.55783],[-90.71712,42.55961],[-90.71718,42.56356],[-90.7156,42.56417],[-90.71292,42.56045],[-90.71297,42.55578],[-90.70879,42.5527],[-90.70103,42.54827],[-90.70033,42.54832],[-90.69817,42.54548],[-90.69377,42.54167],[-90.69205,42.54257],[-90.6902,42.54043],[-90.68867,42.54003],[-90.69112,42.53889],[-90.69321,42.54095],[-90.68692,42.5332],[-90.69087,42.53249],[-90.70093,42.53323],[-90.70105,42.54082],[-90.69511,42.54091],[-90.69451,42.54199],[-90.69846,42.54522],[-90.70052,42.54733],[-90.7018,42.5464],[-90.70955,42.55065],[-90.71,42.55064],[-90.71091,42.54915],[-90.7109,42.55139],[-90.72073,42.55148],[-90.7204,42.55777]]],[[[-90.72286,42.56882],[-90.7192,42.5682],[-90.71195,42.56811],[-90.71197,42.56691],[-90.71019,42.56686],[-90.70933,42.5657],[-90.71135,42.56508],[-90.71211,42.56247],[-90.71416,42.5641],[-90.7156,42.56417],[-90.71739,42.56582],[-90.71945,42.5663],[-90.72295,42.56513],[-90.72286,42.56882]]]]}},{"type":"Feature","properties":{"name":"Salem","county":"Henry","type":"city"},"geometry":{"type":"Polygon","coordinates":[[[-91.62869,40.85735],[-91.61261,40.85747],[-91.61257,40.8466],[-91.62857,40.84645],[-91.62869,40.85735]]]}},{"type":"Feature","properties":{"name":"Salix","county":"Woodbury","type":"city"},"geometry":{"type":"MultiPolygon","coordinates":[[[[-96.32033,42.33746],[-96.31537,42.33746],[-96.31532,42.33018],[-96.31593,42.33103],[-96.32022,42.33282],[-96.32033,42.33746]]],[[[-96.32729,42.33018],[-96.32157,42.32985],[-96.31517,42.32718],[-96.30977,42.32262],[-96.30747,42.3196],[-96.30345,42.31012],[-96.29997,42.30783],[-96.29518,42.30783],[-96.29531,42.31572],[-96.28078,42.3156],[-96.28041,42.30187],[-96.28009,42.30114],[-96.29008,42.30144],[-96.29018,42.30488],[-96.29988,42.30486],[-96.29984,42.30278],[-96.30168,42.30461],[-96.30283,42.30679],[-96.30554,42.30848],[-96.30975,42.30847],[-96.30995,42.31578],[-96.32104,42.31541],[-96.32321,42.32178],[-96.32508,42.32394],[-96.32747,42.32456],[-96.32729,42.33018]]]]}},{"type":"Feature","properties":{"name":"Sanborn","county":"O'Brien","type":"city"},"geometry":{"type":"Polygon","coordinates":[[[-95.67359,43.17971],[-95.66538,43.1798],[-95.66371,43.17852],[-95.66366,43.19325],[-95.64392,43.19328],[-95.64396,43.18607],[-95.63892,43.18604],[-95.63891,43.18015],[-95.64407,43.18008],[-95.64396,43.17148],[-95.67363,43.17155],[-95.67359,43.17971]]]}},{"type":"Feature","properties":{"name":"Sandusky","county":"Lee","type":"community"},"geometry":{"type":"Polygon","coordinates":[[[-91.40026,40.45493],[-91.39993,40.46226],[-91.40063,40.46487],[-91.39655,40.46472],[-91.39641,40.47201],[-91.38439,40.47187],[-91.38188,40.47087],[-91.37981,40.4715],[-91.37603,40.47623],[-91.36755,40.47623],[-91.36807,40.47464],[-91.37814,40.45639],[-91.37991,40.45211],[-91.38147,40.44604],[-91.38177,40.44255],[-91.38127,40.43812],[-91.39432,40.43809],[-91.39538,40.44103],[-91.39692,40.44316],[-91.39703,40.44766],[-91.39989,40.45043],[-91.40068,40.45294],[-91.40026,40.45493]]]}},{"type":"Feature","properties":{"name":"Sandyville","county":"Warren","type":"city"},"geometry":{"type":"Polygon","coordinates":[[[-93.39571,41.36729],[-93.3957,41.37454],[-93.37661,41.37454],[-93.37664,41.3673],[-93.39571,41.36729]]]}},{"type":"Feature","properties":{"name":"Saylorville","county":"Polk","type":"community"},"geometry":{"type":"MultiPolygon","coordinates":[[[[-93.60165,41.69823],[-93.60069,41.69822],[-93.60069,41.69735],[-93.60166,41.69736],[-93.60165,41.69823]]],[[[-93.66839,41.70073],[-93.66766,41.70198],[-93.66474,41.7015],[-93.65829,41.70347],[-93.65577,41.70372],[-93.65268,41.70737],[-93.64892,41.70793],[-93.64899,41.70212],[-93.65257,41.70179],[-93.65301,41.69919],[-93.64903,41.69919],[-93.64903,41.69559],[-93.63944,41.69558],[-93.6387,41.70287],[-93.63796,41.70275],[-93.63819,41.69756],[-93.63885,41.69749],[-93.6382,41.69738],[-93.63704,41.69559],[-93.63447,41.69561],[-93.63449,41.69354],[-93.63321,41.69391],[-93.63185,41.69206],[-93.62854,41.69177],[-93.62854,41.69063],[-93.62436,41.69063],[-93.62462,41.69682],[-93.62255,41.6956],[-93.62093,41.69561],[-93.62016,41.69257],[-93.61654,41.69252],[-93.61544,41.69345],[-93.61559,41.68836],[-93.60738,41.68838],[-93.6019,41.68959],[-93.60189,41.69208],[-93.60463,41.69324],[-93.60356,41.69473],[-93.60069,41.69473],[-93.60065,41.69416],[-93.59889,41.69391],[-93.59903,41.69246],[-93.60064,41.69246],[-93.60064,41.69201],[-93.59354,41.69246],[-93.5926,41.69306],[-93.59113,41.69719],[-93.59115,41.70075],[-93.59003,41.70142],[-93.58604,41.70165],[-93.58605,41.69563],[-93.59102,41.69563],[-93.59332,41.68839],[-93.59097,41.6884],[-93.591,41.68046],[-93.58612,41.6805],[-93.58606,41.67323],[-93.58125,41.67328],[-93.58125,41.66602],[-93.60058,41.66588],[-93.60084,41.66956],[-93.60064,41.68041],[-93.61992,41.68036],[-93.62042,41.66949],[-93.62386,41.66946],[-93.62772,41.66852],[-93.6291,41.65923],[-93.63004,41.65855],[-93.65407,41.65866],[-93.65388,41.68837],[-93.65704,41.68859],[-93.66026,41.69009],[-93.6643,41.69474],[-93.66797,41.6966],[-93.66839,41.70073]]]]}},{"type":"Feature","properties":{"name":"Scarville","county":"Winnebago","type":"city"},"geometry":{"type":"Polygon","coordinates":[[[-93.62692,43.47325],[-93.61168,43.4735],[-93.61166,43.46726],[-93.6217,43.46921],[-93.6269,43.4696],[-93.6269,43.47029],[-93.61914,43.46919],[-93.6269,43.47058],[-93.62692,43.47325]]]}},{"type":"Feature","properties":{"name":"Schaller","county":"Sac","type":"city"},"geometry":{"type":"Polygon","coordinates":[[[-95.30864,42.50385],[-95.28395,42.50371],[-95.28397,42.48925],[-95.30853,42.4893],[-95.30864,42.50385]]]}},{"type":"Feature","properties":{"name":"Schleswig","county":"Crawford","type":"city"},"geometry":{"type":"Polygon","coordinates":[[[-95.44415,42.17107],[-95.42592,42.17108],[-95.42596,42.15304],[-95.43521,42.15297],[-95.4352,42.14773],[-95.43952,42.1477],[-95.43953,42.15294],[-95.44433,42.15296],[-95.44415,42.17107]]]}},{"type":"Feature","properties":{"name":"Scranton","county":"Greene","type":"city"},"geometry":{"type":"Polygon","coordinates":[[[-94.56135,42.02998],[-94.53713,42.02997],[-94.53706,42.00834],[-94.56119,42.0083],[-94.56135,42.02998]]]}},{"type":"Feature","properties":{"name":"Searsboro","county":"Poweshiek","type":"city"},"geometry":{"type":"Polygon","coordinates":[[[-92.71022,41.58497],[-92.70052,41.58501],[-92.70051,41.58275],[-92.69826,41.58279],[-92.69826,41.58143],[-92.70037,41.5804],[-92.70033,41.57778],[-92.69562,41.57785],[-92.69557,41.5742],[-92.71008,41.57411],[-92.71022,41.58497]]]}},{"type":"Feature","properties":{"name":"Sergeant Bluff","county":"Woodbury","type":"city"},"geometry":{"type":"Polygon","coordinates":[[[-96.37012,42.40741],[-96.36561,42.40746],[-96.36536,42.40887],[-96.36118,42.40843],[-96.36275,42.41115],[-96.36426,42.40915],[-96.36653,42.40916],[-96.36546,42.41106],[-96.36505,42.4148],[-96.35431,42.41489],[-96.35409,42.4113],[-96.34594,42.41145],[-96.3459,42.40722],[-96.34308,42.4072],[-96.34311,42.40926],[-96.34103,42.40924],[-96.34088,42.40068],[-96.33123,42.40082],[-96.33115,42.39722],[-96.32614,42.3973],[-96.32609,42.39375],[-96.33809,42.39353],[-96.33809,42.39274],[-96.34077,42.39271],[-96.3407,42.38088],[-96.35064,42.38066],[-96.35068,42.37991],[-96.35202,42.38095],[-96.35186,42.3844],[-96.35304,42.38438],[-96.35593,42.38246],[-96.35817,42.38175],[-96.36606,42.39378],[-96.36655,42.396],[-96.3658,42.39932],[-96.36762,42.39928],[-96.36877,42.40072],[-96.37004,42.40013],[-96.37012,42.40741]]]}},{"type":"Feature","properties":{"name":"Sexton","county":"Kossuth","type":"community"},"geometry":{"type":"Polygon","coordinates":[[[-94.10868,43.0829],[-94.06888,43.08293],[-94.0697,43.06742],[-94.08904,43.06672],[-94.10873,43.06669],[-94.10868,43.0829]]]}},{"type":"Feature","properties":{"name":"Seymour","county":"Wayne","type":"city"},"geometry":{"type":"Polygon","coordinates":[[[-93.13537,40.69377],[-93.10686,40.69363],[-93.10676,40.67056],[-93.13537,40.67062],[-93.13537,40.69377]]]}},{"type":"Feature","properties":{"name":"Shambaugh","county":"Page","type":"city"},"geometry":{"type":"Polygon","coordinates":[[[-95.03969,40.66316],[-95.03278,40.66311],[-95.03221,40.66152],[-95.03036,40.66056],[-95.03039,40.65199],[-95.04048,40.65229],[-95.03969,40.66316]]]}},{"type":"Feature","properties":{"name":"Shannon City","county":"Union","type":"city"},"geometry":{"type":"Polygon","coordinates":[[[-94.27098,40.902],[-94.26625,40.90193],[-94.26628,40.90554],[-94.26156,40.90548],[-94.26149,40.90186],[-94.25671,40.90177],[-94.25686,40.89455],[-94.26986,40.89468],[-94.26986,40.89678],[-94.26789,40.89736],[-94.26859,40.89836],[-94.27094,40.8984],[-94.27098,40.902]]]}},{"type":"Feature","properties":{"name":"Sharpsburg","county":"Taylor","type":"city"},"geometry":{"type":"Polygon","coordinates":[[[-94.64761,40.8064],[-94.63333,40.80642],[-94.63331,40.79949],[-94.64769,40.79943],[-94.64761,40.8064]]]}},{"type":"Feature","properties":{"name":"Sheffield","county":"Franklin","type":"city"},"geometry":{"type":"Polygon","coordinates":[[[-93.24153,42.9077],[-93.18242,42.90764],[-93.18233,42.87667],[-93.23163,42.87694],[-93.23164,42.89862],[-93.2413,42.89847],[-93.24153,42.9077]]]}},{"type":"Feature","properties":{"name":"Shelby","county":"Pottawattamie","type":"city"},"geometry":{"type":"Polygon","coordinates":[[[-95.46068,41.52047],[-95.44144,41.52047],[-95.44146,41.49843],[-95.43413,41.49825],[-95.43339,41.49256],[-95.43364,41.49139],[-95.45607,41.49145],[-95.45594,41.49892],[-95.46066,41.49899],[-95.46068,41.52047]]]}},{"type":"Feature","properties":{"name":"Sheldahl","county":"Story","type":"city"},"geometry":{"type":"Polygon","coordinates":[[[-93.70779,41.86336],[-93.70776,41.87047],[-93.68817,41.87059],[-93.68792,41.85694],[-93.69917,41.85695],[-93.69921,41.85993],[-93.70283,41.85992],[-93.70284,41.86335],[-93.70779,41.86336]]]}},{"type":"Feature","properties":{"name":"Sheldon","county":"O'Brien","type":"city"},"geometry":{"type":"Polygon","coordinates":[[[-95.88187,43.18425],[-95.88192,43.18592],[-95.86212,43.1858],[-95.86215,43.18941],[-95.85711,43.18948],[-95.85722,43.19311],[-95.84231,43.19328],[-95.84227,43.19131],[-95.8416,43.19068],[-95.83349,43.19073],[-95.83354,43.19329],[-95.8323,43.19329],[-95.8322,43.18737],[-95.8287,43.18737],[-95.82868,43.18602],[-95.8272,43.18602],[-95.82733,43.19329],[-95.82238,43.19329],[-95.8223,43.18965],[-95.8072,43.18979],[-95.80716,43.17921],[-95.80215,43.17923],[-95.80215,43.17836],[-95.81214,43.17826],[-95.81211,43.17508],[-95.81709,43.17506],[-95.81704,43.17144],[-95.82202,43.17143],[-95.82206,43.17505],[-95.83199,43.17506],[-95.83187,43.16742],[-95.8517,43.16732],[-95.85161,43.16041],[-95.8614,43.16043],[-95.86196,43.16535],[-95.86156,43.17132],[-95.87143,43.17136],[-95.87176,43.1799],[-95.88174,43.18023],[-95.88184,43.18343],[-95.88349,43.18426],[-95.88187,43.18425]]]}},{"type":"Feature","properties":{"name":"Shell Rock","county":"Butler","type":"city"},"geometry":{"type":"Polygon","coordinates":[[[-92.59375,42.70017],[-92.59373,42.72225],[-92.56918,42.72218],[-92.56914,42.715],[-92.5642,42.71492],[-92.56421,42.71314],[-92.56905,42.71319],[-92.56917,42.70381],[-92.58149,42.70376],[-92.58231,42.70194],[-92.58369,42.70376],[-92.58891,42.70376],[-92.58893,42.70016],[-92.59375,42.70017]]]}},{"type":"Feature","properties":{"name":"Shellsburg","county":"Benton","type":"city"},"geometry":{"type":"Polygon","coordinates":[[[-91.88361,42.09678],[-91.88005,42.0968],[-91.88003,42.09974],[-91.8788,42.09975],[-91.87882,42.09681],[-91.87341,42.09686],[-91.87344,42.09957],[-91.8686,42.0996],[-91.86862,42.09822],[-91.85894,42.09831],[-91.85906,42.09025],[-91.86384,42.09102],[-91.86873,42.09098],[-91.86884,42.08739],[-91.87366,42.08734],[-91.87375,42.08372],[-91.87974,42.0837],[-91.87963,42.09201],[-91.88023,42.09434],[-91.88362,42.09452],[-91.88361,42.09678]]]}},{"type":"Feature","properties":{"name":"Shenandoah","county":"Page","type":"city"},"geometry":{"type":"Polygon","coordinates":[[[-95.40399,40.75724],[-95.39266,40.75725],[-95.39266,40.75505],[-95.39079,40.75444],[-95.38519,40.75443],[-95.38512,40.75866],[-95.38661,40.75867],[-95.38659,40.76019],[-95.38916,40.76135],[-95.38842,40.76134],[-95.38781,40.76326],[-95.38651,40.76326],[-95.38646,40.76702],[-95.38706,40.76813],[-95.38504,40.76817],[-95.3849,40.77531],[-95.36613,40.77543],[-95.36615,40.7718],[-95.35657,40.77182],[-95.35652,40.75908],[-95.35177,40.75907],[-95.35151,40.75347],[-95.34705,40.75347],[-95.34704,40.74999],[-95.35175,40.74999],[-95.35173,40.74537],[-95.35285,40.74614],[-95.35647,40.74651],[-95.35648,40.74586],[-95.35228,40.7439],[-95.35121,40.74277],[-95.36599,40.743],[-95.36602,40.74929],[-95.3639,40.74929],[-95.36325,40.75012],[-95.36604,40.75242],[-95.36603,40.75057],[-95.36837,40.75055],[-95.36736,40.75216],[-95.37076,40.75229],[-95.37071,40.74638],[-95.36954,40.74638],[-95.36951,40.7432],[-95.37299,40.74356],[-95.37445,40.74324],[-95.38025,40.74635],[-95.38177,40.74635],[-95.38181,40.74997],[-95.38526,40.74996],[-95.38534,40.74262],[-95.39033,40.74272],[-95.39019,40.75005],[-95.39461,40.75007],[-95.39457,40.75359],[-95.404,40.7536],[-95.40399,40.75724]]]}},{"type":"Feature","properties":{"name":"Sherrill","county":"Dubuque","type":"city"},"geometry":{"type":"Polygon","coordinates":[[[-90.78699,42.60538],[-90.78811,42.60674],[-90.78571,42.60656],[-90.78595,42.60879],[-90.78719,42.6105],[-90.78494,42.61052],[-90.78496,42.6088],[-90.78268,42.60876],[-90.78415,42.60696],[-90.78385,42.60405],[-90.78272,42.60319],[-90.78004,42.60426],[-90.78007,42.60153],[-90.77893,42.59939],[-90.78014,42.59879],[-90.78014,42.59909],[-90.78301,42.6015],[-90.78188,42.60157],[-90.7839,42.60213],[-90.78673,42.60401],[-90.78978,42.60331],[-90.78699,42.60538]]]}},{"type":"Feature","properties":{"name":"Shueyville","county":"Johnson","type":"city"},"geometry":{"type":"Polygon","coordinates":[[[-91.66584,41.86153],[-91.65607,41.86142],[-91.65604,41.85825],[-91.64629,41.85812],[-91.64623,41.85493],[-91.64132,41.85488],[-91.64103,41.84031],[-91.63181,41.84025],[-91.63187,41.83648],[-91.63506,41.83719],[-91.63752,41.83719],[-91.63653,41.8361],[-91.63658,41.83299],[-91.64899,41.8332],[-91.64882,41.84042],[-91.65728,41.8404],[-91.65733,41.83784],[-91.65611,41.83691],[-91.6658,41.83692],[-91.66575,41.8479],[-91.65816,41.84785],[-91.65827,41.85478],[-91.66244,41.85484],[-91.66249,41.8582],[-91.66581,41.85822],[-91.66584,41.86153]]]}},{"type":"Feature","properties":{"name":"Sibley","county":"Osceola","type":"city"},"geometry":{"type":"Polygon","coordinates":[[[-95.76164,43.40393],[-95.75231,43.40399],[-95.75147,43.40489],[-95.75163,43.40763],[-95.74633,43.41131],[-95.72764,43.41132],[-95.72766,43.39729],[-95.73263,43.39703],[-95.73263,43.3929],[-95.73108,43.3929],[-95.73107,43.38953],[-95.7352,43.39026],[-95.74172,43.39608],[-95.74175,43.39391],[-95.74571,43.3948],[-95.75259,43.3941],[-95.75521,43.39432],[-95.75578,43.39244],[-95.75851,43.39224],[-95.76168,43.39319],[-95.76164,43.40393]]]}},{"type":"Feature","properties":{"name":"Sidney","county":"Fremont","type":"city"},"geometry":{"type":"Polygon","coordinates":[[[-95.6563,40.7542],[-95.64859,40.75425],[-95.64932,40.75508],[-95.64742,40.75536],[-95.64729,40.75424],[-95.63742,40.75417],[-95.63726,40.75055],[-95.6279,40.75047],[-95.62778,40.74685],[-95.63268,40.74692],[-95.63248,40.7434],[-95.6372,40.7434],[-95.63744,40.73629],[-95.65179,40.73626],[-95.65167,40.73982],[-95.6564,40.73978],[-95.6563,40.7542]]]}},{"type":"Feature","properties":{"name":"Sigourney","county":"Keokuk","type":"city"},"geometry":{"type":"Polygon","coordinates":[[[-92.21957,41.34041],[-92.21464,41.34037],[-92.21478,41.34766],[-92.20776,41.34768],[-92.2051,41.34588],[-92.20024,41.34589],[-92.20005,41.34043],[-92.19053,41.34046],[-92.19055,41.33683],[-92.18764,41.33684],[-92.18762,41.33585],[-92.18836,41.33656],[-92.19054,41.33655],[-92.19051,41.33431],[-92.18572,41.33432],[-92.18336,41.33373],[-92.18335,41.333],[-92.18092,41.333],[-92.18092,41.33227],[-92.17948,41.33281],[-92.17604,41.33268],[-92.17619,41.32842],[-92.18092,41.3283],[-92.18092,41.33013],[-92.18572,41.33014],[-92.18573,41.33242],[-92.1876,41.33241],[-92.19051,41.33356],[-92.19048,41.33012],[-92.19287,41.33011],[-92.19281,41.32649],[-92.2,41.32645],[-92.19998,41.32287],[-92.20512,41.32283],[-92.20511,41.32318],[-92.20978,41.32232],[-92.20977,41.32281],[-92.2191,41.32275],[-92.21957,41.34041]]]}},{"type":"Feature","properties":{"name":"Silver City","county":"Mills","type":"city"},"geometry":{"type":"Polygon","coordinates":[[[-95.64224,41.11331],[-95.63867,41.11336],[-95.63861,41.11699],[-95.63609,41.11705],[-95.63622,41.11446],[-95.63383,41.11442],[-95.63387,41.1079],[-95.64221,41.10782],[-95.64315,41.11113],[-95.64224,41.11331]]]}},{"type":"Feature","properties":{"name":"Sioux Center","county":"Sioux","type":"city"},"geometry":{"type":"Polygon","coordinates":[[[-96.19566,43.08787],[-96.18569,43.08792],[-96.18578,43.09888],[-96.17573,43.09889],[-96.17586,43.10847],[-96.17237,43.10887],[-96.16594,43.10889],[-96.16584,43.09891],[-96.15587,43.09894],[-96.15588,43.09492],[-96.15387,43.09492],[-96.15386,43.0917],[-96.15587,43.0917],[-96.15584,43.08443],[-96.1539,43.08444],[-96.15389,43.08361],[-96.15582,43.08292],[-96.15562,43.07106],[-96.15402,43.06972],[-96.15152,43.06974],[-96.15153,43.07115],[-96.15012,43.0712],[-96.14931,43.07236],[-96.14924,43.07579],[-96.14581,43.07582],[-96.14568,43.0698],[-96.14568,43.06617],[-96.15558,43.06607],[-96.15555,43.06144],[-96.15375,43.06146],[-96.15373,43.05968],[-96.15553,43.05966],[-96.15552,43.05784],[-96.15268,43.05777],[-96.15158,43.05685],[-96.15056,43.05676],[-96.15054,43.05524],[-96.1555,43.0552],[-96.15549,43.04793],[-96.16539,43.04794],[-96.16536,43.0443],[-96.17523,43.04431],[-96.17526,43.04792],[-96.18517,43.04792],[-96.18556,43.08083],[-96.19546,43.08088],[-96.19566,43.08787]]]}},{"type":"Feature","properties":{"name":"Sioux City","county":"Woodbury","type":"city"},"geometry":{"type":"Polygon","coordinates":[[[-96.49878,42.56104],[-96.43894,42.56209],[-96.33205,42.56185],[-96.33193,42.56399],[-96.33383,42.56541],[-96.3299,42.56527],[-96.32774,42.56391],[-96.33186,42.56033],[-96.33217,42.51835],[-96.31165,42.5186],[-96.31153,42.51142],[-96.32136,42.51132],[-96.32148,42.51492],[-96.3311,42.51479],[-96.33225,42.51518],[-96.3323,42.50497],[-96.33051,42.50328],[-96.33235,42.50172],[-96.33232,42.50042],[-96.32833,42.5005],[-96.3283,42.49884],[-96.3323,42.49879],[-96.33219,42.48977],[-96.33068,42.48978],[-96.33158,42.49387],[-96.3305,42.49494],[-96.32965,42.49389],[-96.32809,42.49436],[-96.32893,42.49538],[-96.32632,42.49609],[-96.32556,42.49515],[-96.3223,42.49508],[-96.32246,42.49657],[-96.31884,42.49696],[-96.31943,42.49632],[-96.31949,42.49329],[-96.32053,42.48981],[-96.33219,42.48965],[-96.33219,42.48334],[-96.32976,42.48302],[-96.32966,42.48248],[-96.3322,42.48172],[-96.32978,42.48082],[-96.32996,42.4791],[-96.33149,42.47902],[-96.33148,42.47789],[-96.32683,42.47869],[-96.327,42.47773],[-96.32504,42.47922],[-96.32457,42.48251],[-96.32342,42.48243],[-96.32222,42.4789],[-96.32043,42.47738],[-96.3204,42.479],[-96.31188,42.47894],[-96.31197,42.47557],[-96.31545,42.47525],[-96.31896,42.47452],[-96.32159,42.47268],[-96.32244,42.47119],[-96.32237,42.46824],[-96.3247,42.4679],[-96.32581,42.47262],[-96.3276,42.4736],[-96.32833,42.47521],[-96.32937,42.4736],[-96.33134,42.47325],[-96.33143,42.46576],[-96.32942,42.46444],[-96.33099,42.46361],[-96.32878,42.46134],[-96.32621,42.46321],[-96.325,42.46609],[-96.31175,42.46684],[-96.31133,42.47536],[-96.3083,42.47544],[-96.30857,42.47052],[-96.30201,42.47067],[-96.30095,42.4686],[-96.29963,42.46709],[-96.30196,42.46703],[-96.30214,42.45256],[-96.29967,42.45264],[-96.29961,42.44388],[-96.30218,42.44399],[-96.30489,42.44521],[-96.30499,42.44279],[-96.31267,42.44559],[-96.31339,42.44874],[-96.31675,42.45374],[-96.32168,42.45824],[-96.32552,42.45808],[-96.32314,42.45552],[-96.32167,42.45559],[-96.32165,42.45523],[-96.32051,42.45525],[-96.32052,42.45353],[-96.32215,42.45373],[-96.32164,42.45284],[-96.32177,42.45008],[-96.32449,42.45002],[-96.32452,42.44523],[-96.32291,42.44551],[-96.32286,42.44419],[-96.32795,42.44442],[-96.32662,42.44093],[-96.3364,42.44066],[-96.33788,42.44246],[-96.3379,42.44423],[-96.34515,42.44365],[-96.3448,42.44138],[-96.34125,42.44045],[-96.33941,42.44047],[-96.33773,42.43912],[-96.34122,42.4389],[-96.34123,42.43956],[-96.34349,42.4395],[-96.34344,42.43864],[-96.34613,42.43857],[-96.34553,42.43677],[-96.33593,42.43709],[-96.33214,42.43461],[-96.33156,42.43353],[-96.33877,42.43338],[-96.33879,42.43607],[-96.34117,42.43601],[-96.34123,42.43118],[-96.34301,42.42969],[-96.34623,42.42958],[-96.34607,42.42843],[-96.34405,42.42833],[-96.34452,42.42642],[-96.34758,42.42844],[-96.34756,42.42954],[-96.35104,42.42942],[-96.35102,42.43302],[-96.36083,42.43293],[-96.36081,42.42932],[-96.35237,42.42942],[-96.35104,42.42909],[-96.35103,42.42582],[-96.3461,42.42594],[-96.34605,42.42006],[-96.34453,42.42009],[-96.34585,42.41461],[-96.34914,42.41355],[-96.35424,42.41392],[-96.35431,42.41489],[-96.36505,42.4148],[-96.36546,42.41106],[-96.36653,42.40916],[-96.36426,42.40915],[-96.36275,42.41115],[-96.36118,42.40843],[-96.36536,42.40887],[-96.36561,42.40746],[-96.37012,42.40741],[-96.37004,42.40013],[-96.36956,42.39998],[-96.36727,42.39729],[-96.36708,42.39332],[-96.36219,42.38594],[-96.36086,42.38271],[-96.36053,42.37708],[-96.35794,42.37742],[-96.36007,42.38071],[-96.35817,42.38175],[-96.35747,42.38154],[-96.35398,42.37629],[-96.35203,42.37645],[-96.3497,42.37483],[-96.34936,42.37047],[-96.35152,42.37033],[-96.35447,42.37359],[-96.36108,42.37242],[-96.3609,42.37929],[-96.36189,42.3806],[-96.37009,42.37805],[-96.37023,42.37082],[-96.38485,42.37115],[-96.38478,42.37469],[-96.37832,42.37458],[-96.37822,42.37813],[-96.37496,42.37809],[-96.37492,42.3799],[-96.37,42.37985],[-96.36998,42.38168],[-96.37487,42.38172],[-96.37479,42.38573],[-96.37964,42.3857],[-96.37976,42.38175],[-96.38947,42.3819],[-96.38937,42.3858],[-96.39438,42.38613],[-96.39448,42.39669],[-96.39884,42.3967],[-96.40236,42.39434],[-96.40466,42.38964],[-96.40668,42.39312],[-96.41012,42.40034],[-96.4155,42.40034],[-96.41361,42.40789],[-96.41181,42.41089],[-96.38761,42.43249],[-96.38431,42.43729],[-96.38071,42.44639],[-96.38011,42.45149],[-96.38131,42.46169],[-96.38601,42.47449],[-96.39611,42.4841],[-96.40941,42.48759],[-96.45073,42.49111],[-96.45575,42.49256],[-96.46351,42.49046],[-96.46962,42.4914],[-96.46994,42.49025],[-96.47075,42.48947],[-96.4722,42.48924],[-96.47541,42.48962],[-96.47719,42.49105],[-96.4779,42.49435],[-96.47691,42.4978],[-96.47471,42.50116],[-96.47414,42.50318],[-96.47334,42.50354],[-96.47745,42.50959],[-96.47938,42.51114],[-96.48359,42.51035],[-96.49009,42.51244],[-96.49297,42.51728],[-96.4908,42.52033],[-96.47991,42.52419],[-96.47901,42.5264],[-96.47981,42.5296],[-96.47771,42.5356],[-96.47696,42.54643],[-96.47695,42.55608],[-96.48457,42.55689],[-96.49554,42.55644],[-96.49726,42.55698],[-96.49854,42.55812],[-96.499,42.56083],[-96.49878,42.56104]]]}},{"type":"Feature","properties":{"name":"Sioux Rapids","county":"Buena Vista","type":"city"},"geometry":{"type":"Polygon","coordinates":[[[-95.15618,42.89609],[-95.15126,42.8961],[-95.15128,42.90149],[-95.142,42.90156],[-95.14209,42.8943],[-95.14045,42.89435],[-95.142,42.89227],[-95.14203,42.88344],[-95.15126,42.88326],[-95.15142,42.88071],[-95.15253,42.88341],[-95.15619,42.88339],[-95.15618,42.89609]]]}},{"type":"Feature","properties":{"name":"Slater","county":"Story","type":"city"},"geometry":{"type":"Polygon","coordinates":[[[-93.71088,41.88234],[-93.7078,41.88259],[-93.70785,41.89075],[-93.70588,41.89075],[-93.70589,41.89247],[-93.70301,41.89248],[-93.70296,41.88881],[-93.6786,41.88878],[-93.67857,41.88636],[-93.67613,41.88637],[-93.67612,41.88548],[-93.67854,41.88494],[-93.67368,41.88536],[-93.67357,41.87784],[-93.67769,41.87785],[-93.67844,41.87727],[-93.67839,41.87077],[-93.67562,41.87076],[-93.67562,41.8717],[-93.67439,41.8717],[-93.67438,41.87067],[-93.67839,41.87069],[-93.67839,41.86809],[-93.68065,41.86876],[-93.68179,41.87058],[-93.69804,41.87058],[-93.69806,41.87787],[-93.71085,41.87792],[-93.71088,41.88234]]]}},{"type":"Feature","properties":{"name":"Sloan","county":"Woodbury","type":"city"},"geometry":{"type":"Polygon","coordinates":[[[-96.23692,42.22892],[-96.22735,42.22885],[-96.23207,42.23523],[-96.23213,42.23968],[-96.22306,42.23967],[-96.2225,42.24321],[-96.22247,42.23606],[-96.21758,42.23603],[-96.21757,42.23248],[-96.21583,42.23247],[-96.21583,42.23071],[-96.21407,42.2307],[-96.21406,42.2286],[-96.22336,42.22838],[-96.22293,42.22407],[-96.22543,42.2241],[-96.22624,42.2283],[-96.23468,42.22847],[-96.23467,42.22648],[-96.23805,42.22721],[-96.23692,42.22892]]]}},{"type":"Feature","properties":{"name":"Smithland","county":"Woodbury","type":"city"},"geometry":{"type":"Polygon","coordinates":[[[-95.93778,42.23297],[-95.92827,42.23309],[-95.92772,42.2295],[-95.9234,42.22955],[-95.92344,42.22595],[-95.92773,42.22626],[-95.92775,42.22529],[-95.93313,42.22459],[-95.93314,42.2257],[-95.93783,42.22582],[-95.93778,42.23297]]]}},{"type":"Feature","properties":{"name":"Soldier","county":"Monona","type":"city"},"geometry":{"type":"Polygon","coordinates":[[[-95.78595,41.98856],[-95.7822,41.98855],[-95.78222,41.98923],[-95.77908,41.98928],[-95.77607,41.98856],[-95.7761,41.98215],[-95.77388,41.98098],[-95.77544,41.97947],[-95.78345,41.97945],[-95.78356,41.98296],[-95.78607,41.98306],[-95.78595,41.98856]]]}},{"type":"Feature","properties":{"name":"Solon","county":"Johnson","type":"city"},"geometry":{"type":"Polygon","coordinates":[[[-91.52067,41.81729],[-91.50132,41.81681],[-91.50142,41.8096],[-91.49654,41.80951],[-91.49528,41.80986],[-91.49584,41.81527],[-91.49556,41.81553],[-91.49339,41.81137],[-91.48978,41.81184],[-91.48979,41.80938],[-91.48418,41.8093],[-91.48246,41.80406],[-91.48169,41.80378],[-91.48169,41.80411],[-91.48074,41.8041],[-91.48009,41.80319],[-91.48011,41.80199],[-91.48226,41.802],[-91.48257,41.79189],[-91.49037,41.79601],[-91.49474,41.79916],[-91.4982,41.80224],[-91.50151,41.80229],[-91.50156,41.80022],[-91.50637,41.80031],[-91.50629,41.80513],[-91.51112,41.80523],[-91.51109,41.80853],[-91.51326,41.80976],[-91.51324,41.81164],[-91.51587,41.81168],[-91.5159,41.80985],[-91.52078,41.81055],[-91.52067,41.81729]],[[-91.50379,41.80634],[-91.50362,41.80598],[-91.50245,41.80595],[-91.50379,41.80634]]]}},{"type":"Feature","properties":{"name":"Somers","county":"Calhoun","type":"city"},"geometry":{"type":"Polygon","coordinates":[[[-94.43633,42.38392],[-94.42651,42.38377],[-94.42652,42.3722],[-94.43142,42.37223],[-94.43153,42.37576],[-94.43628,42.37577],[-94.43633,42.38392]]]}},{"type":"Feature","properties":{"name":"South Amana","county":"Iowa","type":"community"},"geometry":{"type":"Polygon","coordinates":[[[-91.97481,41.77434],[-91.97037,41.77813],[-91.96864,41.77894],[-91.94818,41.77578],[-91.94816,41.77188],[-91.94324,41.77129],[-91.94327,41.7634],[-91.95308,41.76337],[-91.95321,41.76467],[-91.95822,41.76426],[-91.96818,41.76456],[-91.97119,41.76395],[-91.97488,41.76243],[-91.9749,41.76491],[-91.97355,41.76805],[-91.97502,41.77008],[-91.97481,41.77434]]]}},{"type":"Feature","properties":{"name":"South English","county":"Keokuk","type":"city"},"geometry":{"type":"Polygon","coordinates":[[[-92.09847,41.45502],[-92.08887,41.45508],[-92.08777,41.45412],[-92.08404,41.45465],[-92.08162,41.45412],[-92.0816,41.44961],[-92.08749,41.44963],[-92.09064,41.44895],[-92.09365,41.44963],[-92.09846,41.44961],[-92.09847,41.45502]]]}},{"type":"Feature","properties":{"name":"Spencer","county":"Clay","type":"city"},"geometry":{"type":"Polygon","coordinates":[[[-95.20195,43.15652],[-95.19992,43.16923],[-95.19008,43.16922],[-95.19202,43.15606],[-95.18906,43.15599],[-95.18899,43.15778],[-95.18686,43.15773],[-95.18733,43.15596],[-95.18077,43.15581],[-95.179,43.15738],[-95.17638,43.15837],[-95.17405,43.16012],[-95.17253,43.15963],[-95.17253,43.16077],[-95.17026,43.16072],[-95.17025,43.16237],[-95.15546,43.16271],[-95.15554,43.19821],[-95.15047,43.19811],[-95.15051,43.19088],[-95.15221,43.19089],[-95.15068,43.18406],[-95.15028,43.18363],[-95.14159,43.18365],[-95.14173,43.16663],[-95.13177,43.16681],[-95.13161,43.16353],[-95.12174,43.16345],[-95.12109,43.14901],[-95.11157,43.14895],[-95.1114,43.14166],[-95.12081,43.14179],[-95.12235,43.1251],[-95.11879,43.12501],[-95.11256,43.12619],[-95.11255,43.12461],[-95.12236,43.12418],[-95.12239,43.12298],[-95.12819,43.12302],[-95.13138,43.12234],[-95.13127,43.12298],[-95.14217,43.12288],[-95.1428,43.11224],[-95.1494,43.11222],[-95.14943,43.10954],[-95.15119,43.1086],[-95.15837,43.10864],[-95.15845,43.10505],[-95.16234,43.10508],[-95.16092,43.11225],[-95.16089,43.11515],[-95.16336,43.1152],[-95.16332,43.11959],[-95.16583,43.11962],[-95.1657,43.12576],[-95.16715,43.12573],[-95.16713,43.12692],[-95.16354,43.12693],[-95.16351,43.12897],[-95.1606,43.12898],[-95.16044,43.13824],[-95.1613,43.1382],[-95.16245,43.1397],[-95.16274,43.14121],[-95.16935,43.14124],[-95.17055,43.14149],[-95.17052,43.14284],[-95.17489,43.14298],[-95.18575,43.14153],[-95.18579,43.13783],[-95.20144,43.138],[-95.20148,43.14885],[-95.1964,43.14825],[-95.19595,43.14154],[-95.191,43.14154],[-95.19146,43.14795],[-95.2018,43.1492],[-95.20195,43.15652]]]}},{"type":"Feature","properties":{"name":"Sperry","county":"Des Moines","type":"community"},"geometry":{"type":"Polygon","coordinates":[[[-91.17013,40.96831],[-91.14136,40.9679],[-91.14118,40.94646],[-91.15157,40.94627],[-91.15531,40.94588],[-91.16584,40.94704],[-91.1701,40.94713],[-91.17013,40.96831]]]}},{"type":"Feature","properties":{"name":"Spillville","county":"Winneshiek","type":"city"},"geometry":{"type":"Polygon","coordinates":[[[-91.95812,43.21043],[-91.95387,43.20889],[-91.94824,43.20889],[-91.94813,43.201],[-91.94249,43.2009],[-91.94311,43.19804],[-91.95822,43.19817],[-91.95812,43.21043]]]}},{"type":"Feature","properties":{"name":"Spirit Lake","county":"Dickinson","type":"city"},"geometry":{"type":"MultiPolygon","coordinates":[[[[-95.142,43.4251],[-95.12132,43.42651],[-95.12138,43.42561],[-95.11572,43.42556],[-95.11567,43.42813],[-95.11215,43.42811],[-95.1122,43.43058],[-95.10525,43.43057],[-95.10753,43.44138],[-95.10606,43.44336],[-95.10216,43.44494],[-95.102,43.43994],[-95.10286,43.43567],[-95.09981,43.43323],[-95.09694,43.43264],[-95.09723,43.43062],[-95.09814,43.42891],[-95.09466,43.42431],[-95.09385,43.4244],[-95.09174,43.42906],[-95.09058,43.43063],[-95.08975,43.43063],[-95.08925,43.43309],[-95.09076,43.4367],[-95.07905,43.43668],[-95.07224,43.43778],[-95.0722,43.43056],[-95.07939,43.43057],[-95.07946,43.43362],[-95.08212,43.4336],[-95.08208,43.43056],[-95.08908,43.43039],[-95.09132,43.42881],[-95.09257,43.42631],[-95.09004,43.42467],[-95.09357,43.42432],[-95.08982,43.42143],[-95.08871,43.42001],[-95.08569,43.41441],[-95.08692,43.4147],[-95.09235,43.41473],[-95.09234,43.41112],[-95.09652,43.41111],[-95.09739,43.41248],[-95.09983,43.41248],[-95.09983,43.41111],[-95.09738,43.41111],[-95.09729,43.4002],[-95.10233,43.40017],[-95.10233,43.40381],[-95.11229,43.40381],[-95.11237,43.39291],[-95.12102,43.39296],[-95.11395,43.40732],[-95.11739,43.40179],[-95.12148,43.39297],[-95.12729,43.39304],[-95.12733,43.396],[-95.12835,43.39895],[-95.13033,43.39895],[-95.12867,43.40023],[-95.12704,43.40653],[-95.12914,43.40762],[-95.13108,43.40762],[-95.1318,43.40886],[-95.13118,43.4104],[-95.12825,43.41358],[-95.1285,43.41485],[-95.13142,43.41668],[-95.12984,43.41815],[-95.13175,43.41845],[-95.13417,43.41985],[-95.13646,43.41883],[-95.13644,43.42191],[-95.13937,43.42227],[-95.14202,43.42316],[-95.142,43.4251]],[[-95.13418,43.42224],[-95.13209,43.42231],[-95.13206,43.42386],[-95.13413,43.42375],[-95.13418,43.42224]],[[-95.11395,43.40732],[-95.111,43.4123],[-95.11121,43.4148],[-95.11445,43.4138],[-95.11726,43.41473],[-95.12226,43.41476],[-95.12227,43.4111],[-95.11851,43.41109],[-95.11849,43.41291],[-95.1159,43.41277],[-95.11586,43.41105],[-95.1173,43.41105],[-95.11732,43.40748],[-95.12231,43.40752],[-95.12226,43.4002],[-95.12029,43.4002],[-95.12036,43.40513],[-95.11733,43.40512],[-95.11732,43.40735],[-95.11395,43.40732]]],[[[-95.15515,43.42521],[-95.15517,43.42947],[-95.15239,43.42835],[-95.15213,43.42864],[-95.14202,43.42316],[-95.14204,43.42197],[-95.15659,43.42188],[-95.15515,43.42521]]]]}},{"type":"Feature","properties":{"name":"Spragueville","county":"Jackson","type":"city"},"geometry":{"type":"Polygon","coordinates":[[[-90.4424,42.07696],[-90.42325,42.07703],[-90.42322,42.07388],[-90.42191,42.07361],[-90.42316,42.07291],[-90.42315,42.0661],[-90.44246,42.06602],[-90.4424,42.07696]]]}},{"type":"Feature","properties":{"name":"Spring Hill","county":"Warren","type":"city"},"geometry":{"type":"Polygon","coordinates":[[[-93.65491,41.41397],[-93.64548,41.41405],[-93.64522,41.41322],[-93.64525,41.41044],[-93.65485,41.41033],[-93.65491,41.41397]]]}},{"type":"Feature","properties":{"name":"Springbrook","county":"Jackson","type":"city"},"geometry":{"type":"Polygon","coordinates":[[[-90.48688,42.17129],[-90.47228,42.1713],[-90.47133,42.16933],[-90.47133,42.16036],[-90.48693,42.16031],[-90.48688,42.17129]]]}},{"type":"Feature","properties":{"name":"Springville","county":"Linn","type":"city"},"geometry":{"type":"Polygon","coordinates":[[[-91.47256,42.04198],[-91.46769,42.042],[-91.46759,42.04565],[-91.46258,42.04565],[-91.46259,42.05016],[-91.45786,42.04983],[-91.45792,42.05295],[-91.45303,42.05291],[-91.45308,42.0565],[-91.45019,42.05647],[-91.44852,42.05838],[-91.44848,42.06371],[-91.43856,42.06371],[-91.43839,42.05188],[-91.44292,42.05189],[-91.44363,42.05073],[-91.44328,42.04936],[-91.44774,42.04894],[-91.44976,42.04899],[-91.45008,42.05236],[-91.45434,42.05165],[-91.45295,42.0481],[-91.44929,42.04807],[-91.44899,42.04193],[-91.44319,42.04191],[-91.44763,42.04183],[-91.44761,42.03967],[-91.44533,42.03461],[-91.44571,42.03461],[-91.44724,42.03796],[-91.45299,42.03798],[-91.45301,42.03465],[-91.47255,42.03477],[-91.47256,42.04198]]]}},{"type":"Feature","properties":{"name":"St. Ansgar","county":"Mitchell","type":"city"},"geometry":{"type":"Polygon","coordinates":[[[-92.93125,43.3822],[-92.93097,43.38217],[-92.93072,43.38292],[-92.93128,43.38353],[-92.93091,43.38342],[-92.9308,43.38375],[-92.92765,43.38207],[-92.92576,43.38206],[-92.92522,43.3828],[-92.92537,43.38877],[-92.92327,43.38878],[-92.92346,43.39164],[-92.92246,43.38752],[-92.91534,43.3876],[-92.91026,43.38811],[-92.91026,43.38932],[-92.90524,43.38932],[-92.90524,43.38573],[-92.91119,43.38574],[-92.91119,43.38208],[-92.90959,43.38208],[-92.90937,43.37961],[-92.90852,43.37835],[-92.90857,43.37118],[-92.92527,43.37127],[-92.9253,43.37503],[-92.92771,43.37502],[-92.92769,43.3785],[-92.93033,43.3794],[-92.93125,43.3822]]]}},{"type":"Feature","properties":{"name":"St. Anthony","county":"Marshall","type":"city"},"geometry":{"type":"Polygon","coordinates":[[[-93.20491,42.11762],[-93.20466,42.12951],[-93.19011,42.12945],[-93.19029,42.11759],[-93.20491,42.11762]]]}},{"type":"Feature","properties":{"name":"St. Benedict","county":"Kossuth","type":"community"},"geometry":{"type":"Polygon","coordinates":[[[-94.06958,43.05278],[-94.06165,43.05271],[-94.06171,43.04681],[-94.04977,43.04679],[-94.04974,43.03807],[-94.06431,43.03827],[-94.06469,43.0367],[-94.06563,43.03826],[-94.06953,43.03828],[-94.06958,43.05278]]]}},{"type":"Feature","properties":{"name":"St. Charles","county":"Madison","type":"city"},"geometry":{"type":"Polygon","coordinates":[[[-93.81836,41.28764],[-93.81354,41.28842],[-93.81352,41.29274],[-93.81229,41.29404],[-93.80872,41.29432],[-93.80979,41.29184],[-93.80578,41.29211],[-93.80298,41.29584],[-93.80295,41.29342],[-93.79921,41.29263],[-93.79919,41.28525],[-93.80394,41.28495],[-93.80393,41.27772],[-93.80869,41.27738],[-93.80871,41.28463],[-93.81834,41.28401],[-93.81836,41.28764]]]}},{"type":"Feature","properties":{"name":"St. Donatus","county":"Jackson","type":"city"},"geometry":{"type":"Polygon","coordinates":[[[-90.54881,42.3638],[-90.5452,42.36375],[-90.54525,42.36744],[-90.5358,42.36732],[-90.53557,42.35954],[-90.5404,42.36026],[-90.54416,42.35769],[-90.54882,42.35647],[-90.54881,42.3638]]]}},{"type":"Feature","properties":{"name":"St. Joseph","county":"Kossuth","type":"community"},"geometry":{"type":"Polygon","coordinates":[[[-94.25298,42.91539],[-94.22704,42.91537],[-94.22703,42.92259],[-94.22433,42.92076],[-94.22549,42.92001],[-94.22309,42.91873],[-94.22499,42.91843],[-94.22439,42.91761],[-94.22163,42.91772],[-94.22085,42.91857],[-94.21963,42.91779],[-94.22137,42.91621],[-94.21951,42.91498],[-94.221,42.91454],[-94.21923,42.91365],[-94.21876,42.91168],[-94.21559,42.91008],[-94.21356,42.91107],[-94.21319,42.90953],[-94.21098,42.9104],[-94.21067,42.90818],[-94.24658,42.90817],[-94.24698,42.91483],[-94.25298,42.91539]]]}},{"type":"Feature","properties":{"name":"St. Lucas","county":"Fayette","type":"city"},"geometry":{"type":"Polygon","coordinates":[[[-91.94316,43.06757],[-91.93825,43.06741],[-91.93824,43.07066],[-91.9334,43.07053],[-91.93336,43.06904],[-91.92934,43.06882],[-91.92826,43.06956],[-91.92833,43.06296],[-91.93331,43.063],[-91.93679,43.06243],[-91.93795,43.06603],[-91.94315,43.06687],[-91.94316,43.06757]]]}},{"type":"Feature","properties":{"name":"St. Marys","county":"Warren","type":"city"},"geometry":{"type":"Polygon","coordinates":[[[-93.74273,41.30896],[-93.73383,41.30903],[-93.72991,41.30979],[-93.72992,41.30803],[-93.72658,41.30801],[-93.7266,41.30503],[-93.73023,41.30507],[-93.73146,41.30726],[-93.74035,41.30724],[-93.74272,41.30651],[-93.74273,41.30896]]]}},{"type":"Feature","properties":{"name":"St. Olaf","county":"Clayton","type":"city"},"geometry":{"type":"Polygon","coordinates":[[[-91.39174,42.9316],[-91.38536,42.93162],[-91.38425,42.92114],[-91.38924,42.92113],[-91.38924,42.9247],[-91.39171,42.9247],[-91.39174,42.9316]]]}},{"type":"Feature","properties":{"name":"St. Paul","county":"Lee","type":"city"},"geometry":{"type":"Polygon","coordinates":[[[-91.52127,40.76895],[-91.52118,40.77331],[-91.51163,40.77333],[-91.51163,40.76236],[-91.52115,40.76235],[-91.52117,40.7678],[-91.52192,40.76895],[-91.52127,40.76895]]]}},{"type":"Feature","properties":{"name":"Stacyville","county":"Mitchell","type":"city"},"geometry":{"type":"Polygon","coordinates":[[[-92.7905,43.44711],[-92.78227,43.44712],[-92.78229,43.44575],[-92.7863,43.44578],[-92.7863,43.44337],[-92.77732,43.44342],[-92.77731,43.43612],[-92.77705,43.43479],[-92.77824,43.43428],[-92.77813,43.43248],[-92.78228,43.43171],[-92.78727,43.4317],[-92.78726,43.43623],[-92.79044,43.43617],[-92.7905,43.44711]]]}},{"type":"Feature","properties":{"name":"Stanhope","county":"Hamilton","type":"city"},"geometry":{"type":"Polygon","coordinates":[[[-93.80584,42.29601],[-93.78626,42.29605],[-93.7862,42.28186],[-93.80567,42.28184],[-93.80584,42.29601]]]}},{"type":"Feature","properties":{"name":"Stanley","county":"Buchanan","type":"city"},"geometry":{"type":"Polygon","coordinates":[[[-91.81945,42.64362],[-91.81454,42.64362],[-91.8146,42.64544],[-91.81264,42.64543],[-91.81258,42.64362],[-91.80473,42.64358],[-91.8048,42.63981],[-91.81949,42.64002],[-91.81945,42.64362]]]}},{"type":"Feature","properties":{"name":"Stanton","county":"Montgomery","type":"city"},"geometry":{"type":"Polygon","coordinates":[[[-95.11311,40.98399],[-95.11038,40.98428],[-95.11036,40.98714],[-95.10921,40.98713],[-95.1091,40.99078],[-95.10018,40.99076],[-95.09939,40.99049],[-95.09956,40.98722],[-95.09482,40.9871],[-95.09407,40.97338],[-95.09775,40.97336],[-95.09777,40.97141],[-95.09884,40.97141],[-95.09884,40.97336],[-95.10396,40.97326],[-95.10395,40.97218],[-95.10558,40.97212],[-95.10563,40.97322],[-95.11047,40.97317],[-95.1104,40.98298],[-95.11311,40.98399]]]}},{"type":"Feature","properties":{"name":"Stanwood","county":"Cedar","type":"city"},"geometry":{"type":"Polygon","coordinates":[[[-91.16194,41.88844],[-91.157,41.88846],[-91.15703,41.89354],[-91.15906,41.89363],[-91.15904,41.8958],[-91.157,41.89579],[-91.15696,41.89945],[-91.14216,41.89942],[-91.1422,41.89218],[-91.13484,41.89208],[-91.13486,41.88845],[-91.1422,41.88846],[-91.1422,41.88694],[-91.16191,41.88694],[-91.16194,41.88844]]]}},{"type":"Feature","properties":{"name":"State Center","county":"Marshall","type":"city"},"geometry":{"type":"Polygon","coordinates":[[[-93.17499,42.02215],[-93.15554,42.02199],[-93.15552,42.00772],[-93.1748,42.00734],[-93.17499,42.02215]]]}},{"type":"Feature","properties":{"name":"Steamboat Rock","county":"Hardin","type":"city"},"geometry":{"type":"Polygon","coordinates":[[[-93.07832,42.40606],[-93.07564,42.40608],[-93.07581,42.41195],[-93.06113,42.41205],[-93.06109,42.41014],[-93.05134,42.41014],[-93.05134,42.40658],[-93.06053,42.40653],[-93.06107,42.40486],[-93.07079,42.40472],[-93.07077,42.40356],[-93.07826,42.40357],[-93.07832,42.40606]]]}},{"type":"Feature","properties":{"name":"Stockport","county":"Van Buren","type":"city"},"geometry":{"type":"Polygon","coordinates":[[[-91.84302,40.86458],[-91.82355,40.86448],[-91.82368,40.84988],[-91.84326,40.85005],[-91.84302,40.86458]]]}},{"type":"Feature","properties":{"name":"Stockton","county":"Muscatine","type":"city"},"geometry":{"type":"Polygon","coordinates":[[[-90.86138,41.5929],[-90.85819,41.59364],[-90.8563,41.59182],[-90.85149,41.59145],[-90.85197,41.58832],[-90.85695,41.5887],[-90.85684,41.58937],[-90.86146,41.5903],[-90.86138,41.5929]]]}},{"type":"Feature","properties":{"name":"Stone City","county":"Jones","type":"community"},"geometry":{"type":"Polygon","coordinates":[[[-91.36482,42.12191],[-91.34557,42.12196],[-91.34233,42.1197],[-91.34248,42.10536],[-91.34573,42.10598],[-91.34767,42.10399],[-91.34711,42.10239],[-91.34894,42.10206],[-91.34894,42.09548],[-91.35278,42.0955],[-91.35551,42.09743],[-91.35833,42.09613],[-91.36017,42.09595],[-91.36374,42.09872],[-91.36484,42.10023],[-91.36482,42.12191]]]}},{"type":"Feature","properties":{"name":"Storm Lake","county":"Buena Vista","type":"city"},"geometry":{"type":"Polygon","coordinates":[[[-95.24544,42.63337],[-95.23975,42.63341],[-95.23855,42.63607],[-95.23467,42.64014],[-95.23024,42.64318],[-95.23197,42.6462],[-95.23027,42.64621],[-95.23025,42.65182],[-95.2327,42.65257],[-95.23271,42.65475],[-95.23028,42.65429],[-95.23028,42.66197],[-95.22534,42.66196],[-95.22535,42.65112],[-95.21557,42.65107],[-95.21557,42.65336],[-95.21062,42.65336],[-95.21055,42.66919],[-95.20071,42.66915],[-95.20073,42.66499],[-95.1958,42.6653],[-95.19594,42.66306],[-95.19868,42.66306],[-95.19867,42.66193],[-95.19559,42.66194],[-95.19567,42.65597],[-95.19094,42.65597],[-95.19099,42.65117],[-95.1861,42.65105],[-95.18611,42.64807],[-95.18489,42.64744],[-95.17788,42.64742],[-95.17787,42.64645],[-95.1774,42.64645],[-95.17739,42.64515],[-95.17627,42.64514],[-95.17628,42.64741],[-95.17139,42.64739],[-95.17134,42.64095],[-95.16152,42.64087],[-95.16149,42.63829],[-95.1584,42.63829],[-95.15837,42.63646],[-95.15169,42.63645],[-95.15164,42.62843],[-95.15669,42.62849],[-95.15668,42.62629],[-95.15808,42.6263],[-95.15807,42.62268],[-95.16632,42.62278],[-95.16633,42.62639],[-95.17119,42.62643],[-95.17121,42.62223],[-95.17251,42.62431],[-95.1754,42.6243],[-95.17538,42.62545],[-95.1783,42.63149],[-95.18007,42.63244],[-95.18557,42.63327],[-95.1843,42.63381],[-95.18691,42.63509],[-95.19116,42.63582],[-95.19509,42.63476],[-95.19496,42.63316],[-95.19534,42.63374],[-95.2031,42.63726],[-95.21046,42.63743],[-95.2123,42.63986],[-95.21375,42.64086],[-95.21965,42.64243],[-95.22379,42.64265],[-95.23039,42.64221],[-95.23334,42.64063],[-95.23403,42.63763],[-95.23721,42.63706],[-95.23842,42.63594],[-95.23691,42.63425],[-95.23578,42.63177],[-95.23547,42.62749],[-95.23632,42.62664],[-95.23585,42.62398],[-95.23593,42.61888],[-95.23471,42.61888],[-95.23475,42.61526],[-95.238,42.61524],[-95.238,42.61696],[-95.23963,42.61695],[-95.23974,42.62623],[-95.24465,42.62621],[-95.24475,42.63257],[-95.24544,42.63337]]]}},{"type":"Feature","properties":{"name":"Story City","county":"Story","type":"city"},"geometry":{"type":"MultiPolygon","coordinates":[[[[-93.57054,42.18338],[-93.57018,42.18546],[-93.56885,42.18754],[-93.56886,42.18812],[-93.57005,42.19007],[-93.57045,42.1921],[-93.57038,42.19504],[-93.56517,42.19507],[-93.56519,42.18783],[-93.55542,42.18792],[-93.55547,42.18066],[-93.57006,42.18055],[-93.57054,42.18338]]],[[[-93.6106,42.18719],[-93.60843,42.18714],[-93.60842,42.19506],[-93.60081,42.1949],[-93.6008,42.19857],[-93.59104,42.19856],[-93.59104,42.19499],[-93.57492,42.19499],[-93.57495,42.2022],[-93.57053,42.20224],[-93.57067,42.19504],[-93.57492,42.19487],[-93.5749,42.18904],[-93.57177,42.18909],[-93.57249,42.18775],[-93.57139,42.18542],[-93.57131,42.18168],[-93.57304,42.18167],[-93.57305,42.18051],[-93.58021,42.18044],[-93.57956,42.17829],[-93.5813,42.17893],[-93.5815,42.17674],[-93.58431,42.17772],[-93.58872,42.17771],[-93.58859,42.17674],[-93.60085,42.17675],[-93.60084,42.17557],[-93.60821,42.17574],[-93.60822,42.17741],[-93.60577,42.1805],[-93.60572,42.18641],[-93.60933,42.18643],[-93.61065,42.18591],[-93.6106,42.18719]]]]}},{"type":"Feature","properties":{"name":"Stout","county":"Grundy","type":"city"},"geometry":{"type":"Polygon","coordinates":[[[-92.71673,42.53136],[-92.70704,42.53138],[-92.70677,42.52315],[-92.70978,42.52312],[-92.70814,42.52053],[-92.71174,42.52051],[-92.71179,42.52311],[-92.71662,42.52411],[-92.71673,42.53136]]]}},{"type":"Feature","properties":{"name":"Stratford","county":"Hamilton","type":"city"},"geometry":{"type":"Polygon","coordinates":[[[-93.94156,42.27862],[-93.91326,42.2786],[-93.91315,42.26058],[-93.94154,42.26047],[-93.94156,42.27862]]]}},{"type":"Feature","properties":{"name":"Strawberry Point","county":"Clayton","type":"city"},"geometry":{"type":"Polygon","coordinates":[[[-91.54931,42.6866],[-91.54928,42.68791],[-91.54686,42.68791],[-91.54676,42.69523],[-91.52685,42.69523],[-91.52708,42.68436],[-91.51718,42.68427],[-91.51726,42.67699],[-91.52718,42.67706],[-91.52724,42.67344],[-91.53664,42.67344],[-91.537,42.66979],[-91.53704,42.66253],[-91.53224,42.66255],[-91.53225,42.6589],[-91.52729,42.65892],[-91.52733,42.65161],[-91.53226,42.65161],[-91.53226,42.65525],[-91.53725,42.65524],[-91.53717,42.67093],[-91.53884,42.66979],[-91.54086,42.66978],[-91.54216,42.67345],[-91.54181,42.67705],[-91.54714,42.67703],[-91.54702,42.6806],[-91.54944,42.68062],[-91.54931,42.68627],[-91.55097,42.68659],[-91.54931,42.6866]]]}},{"type":"Feature","properties":{"name":"Struble","county":"Plymouth","type":"city"},"geometry":{"type":"Polygon","coordinates":[[[-96.19992,42.89671],[-96.19054,42.89686],[-96.19002,42.89127],[-96.19492,42.89135],[-96.19496,42.8932],[-96.19987,42.89315],[-96.19992,42.89671]]]}},{"type":"Feature","properties":{"name":"Stuart","county":"Adair","type":"city"},"geometry":{"type":"Polygon","coordinates":[[[-94.33765,41.50364],[-94.32796,41.50373],[-94.32778,41.51458],[-94.3087,41.51454],[-94.30874,41.50744],[-94.30687,41.5088],[-94.30474,41.50795],[-94.30272,41.50628],[-94.30268,41.51095],[-94.29911,41.51096],[-94.29905,41.51456],[-94.29423,41.51454],[-94.29434,41.50368],[-94.3089,41.50369],[-94.30887,41.4822],[-94.31718,41.48213],[-94.31724,41.48566],[-94.3185,41.48566],[-94.31851,41.48936],[-94.33775,41.48947],[-94.33765,41.50364]]]}},{"type":"Feature","properties":{"name":"Sully","county":"Jasper","type":"city"},"geometry":{"type":"Polygon","coordinates":[[[-92.85718,41.57738],[-92.85357,41.57959],[-92.85574,41.57959],[-92.85532,41.58161],[-92.85357,41.58241],[-92.84637,41.58288],[-92.84637,41.5847],[-92.84398,41.5847],[-92.84397,41.58107],[-92.83678,41.58106],[-92.83693,41.57387],[-92.85716,41.57377],[-92.85718,41.57738]]]}},{"type":"Feature","properties":{"name":"Sumner","county":"Bremer","type":"city"},"geometry":{"type":"Polygon","coordinates":[[[-92.12395,42.84934],[-92.12127,42.84898],[-92.12127,42.84874],[-92.11755,42.84875],[-92.11755,42.85101],[-92.11135,42.85105],[-92.1114,42.8547],[-92.11021,42.85569],[-92.10641,42.85569],[-92.10665,42.85833],[-92.10141,42.85836],[-92.10138,42.86204],[-92.08141,42.86206],[-92.08155,42.8493],[-92.07383,42.84927],[-92.07379,42.85109],[-92.07096,42.85107],[-92.07103,42.84748],[-92.08156,42.84748],[-92.08181,42.84024],[-92.10142,42.84016],[-92.10138,42.83655],[-92.10639,42.83654],[-92.10643,42.84014],[-92.11131,42.84011],[-92.11139,42.84379],[-92.11898,42.84376],[-92.119,42.84579],[-92.12124,42.8458],[-92.12126,42.84739],[-92.12372,42.84767],[-92.12395,42.84934]]]}},{"type":"Feature","properties":{"name":"Sun Valley Lake","county":"Ringgold","type":"community"},"geometry":{"type":"Polygon","coordinates":[[[-94.09179,40.8546],[-94.06527,40.85449],[-94.06503,40.86165],[-94.06144,40.86416],[-94.05737,40.86446],[-94.04879,40.86422],[-94.0487,40.84801],[-94.05301,40.84717],[-94.05355,40.8403],[-94.09178,40.84004],[-94.09179,40.8546]]]}},{"type":"Feature","properties":{"name":"Superior","county":"Dickinson","type":"city"},"geometry":{"type":"Polygon","coordinates":[[[-94.95424,43.43769],[-94.9393,43.43758],[-94.93929,43.4314],[-94.93479,43.43047],[-94.93929,43.43112],[-94.93928,43.42955],[-94.95421,43.42957],[-94.95424,43.43769]]]}},{"type":"Feature","properties":{"name":"Sutherland","county":"O'Brien","type":"city"},"geometry":{"type":"Polygon","coordinates":[[[-95.5059,42.97693],[-95.50486,42.97672],[-95.50489,42.97893],[-95.48623,42.97886],[-95.48626,42.97705],[-95.48375,42.97705],[-95.48378,42.97525],[-95.4851,42.97525],[-95.4851,42.97595],[-95.48627,42.97595],[-95.4863,42.97163],[-95.48497,42.97163],[-95.48496,42.97274],[-95.48137,42.97022],[-95.48139,42.96802],[-95.48339,42.96802],[-95.48413,42.97004],[-95.48633,42.96941],[-95.48652,42.96816],[-95.48761,42.96708],[-95.50601,42.96725],[-95.5059,42.97693]]]}},{"type":"Feature","properties":{"name":"Swaledale","county":"Cerro Gordo","type":"city"},"geometry":{"type":"Polygon","coordinates":[[[-93.32036,42.9801],[-93.31062,42.9801],[-93.31061,42.97281],[-93.3204,42.97282],[-93.32036,42.9801]]]}},{"type":"Feature","properties":{"name":"Swan","county":"Marion","type":"city"},"geometry":{"type":"Polygon","coordinates":[[[-93.32005,41.47225],[-93.30106,41.47231],[-93.30097,41.46149],[-93.31058,41.46139],[-93.31058,41.46513],[-93.32001,41.46505],[-93.32005,41.47225]]]}},{"type":"Feature","properties":{"name":"Swea City","county":"Kossuth","type":"city"},"geometry":{"type":"Polygon","coordinates":[[[-94.32028,43.38903],[-94.30065,43.389],[-94.30073,43.38574],[-94.29783,43.38572],[-94.29781,43.38424],[-94.30073,43.38438],[-94.30069,43.37817],[-94.30574,43.37815],[-94.31063,43.37733],[-94.32038,43.37814],[-94.32028,43.38903]]]}},{"type":"Feature","properties":{"name":"Swedesburg","county":"Henry","type":"community"},"geometry":{"type":"Polygon","coordinates":[[[-91.56437,41.11998],[-91.54027,41.11987],[-91.5403,41.11154],[-91.54156,41.10674],[-91.54466,41.09888],[-91.54503,41.09561],[-91.54496,41.09042],[-91.56389,41.09049],[-91.56437,41.11998]]]}},{"type":"Feature","properties":{"name":"Swisher","county":"Johnson","type":"city"},"geometry":{"type":"Polygon","coordinates":[[[-91.70981,41.84683],[-91.7091,41.84752],[-91.70018,41.84752],[-91.70006,41.85477],[-91.69523,41.85476],[-91.69527,41.8511],[-91.69426,41.84954],[-91.69476,41.85112],[-91.69199,41.8512],[-91.69171,41.84759],[-91.68064,41.84781],[-91.68054,41.84234],[-91.68561,41.84225],[-91.68559,41.84042],[-91.69035,41.84037],[-91.68999,41.83507],[-91.69064,41.8344],[-91.69137,41.83487],[-91.69531,41.83478],[-91.6953,41.8366],[-91.69337,41.83667],[-91.69529,41.83825],[-91.6953,41.83704],[-91.69745,41.83824],[-91.69656,41.83906],[-91.69861,41.83928],[-91.70014,41.84023],[-91.705,41.84022],[-91.705,41.84453],[-91.70892,41.84453],[-91.7098,41.84506],[-91.70981,41.84683]]]}},{"type":"Feature","properties":{"name":"Tabor","county":"Fremont","type":"city"},"geometry":{"type":"Polygon","coordinates":[[[-95.6857,40.90143],[-95.67732,40.90145],[-95.67627,40.90326],[-95.67141,40.90328],[-95.67146,40.90642],[-95.66779,40.9065],[-95.66778,40.90455],[-95.66967,40.90454],[-95.66967,40.90327],[-95.67065,40.90278],[-95.67063,40.90146],[-95.66188,40.90149],[-95.66167,40.88743],[-95.68557,40.88725],[-95.6857,40.90143]]]}},{"type":"Feature","properties":{"name":"Tama","county":"Tama","type":"city"},"geometry":{"type":"Polygon","coordinates":[[[-92.59125,41.9785],[-92.56232,41.97846],[-92.56223,41.96518],[-92.55745,41.96482],[-92.55749,41.967],[-92.55947,41.96708],[-92.55947,41.96972],[-92.55723,41.96971],[-92.55723,41.96552],[-92.55244,41.96553],[-92.55248,41.96393],[-92.5427,41.96395],[-92.54273,41.9559],[-92.54735,41.95665],[-92.55228,41.95795],[-92.55251,41.96049],[-92.56231,41.96205],[-92.56223,41.95856],[-92.5658,41.95917],[-92.56607,41.95584],[-92.57018,41.95575],[-92.57054,41.95388],[-92.572,41.95292],[-92.57707,41.95289],[-92.57724,41.95043],[-92.57588,41.94931],[-92.59117,41.94933],[-92.59145,41.97105],[-92.59125,41.9785]]]}},{"type":"Feature","properties":{"name":"Templeton","county":"Carroll","type":"city"},"geometry":{"type":"Polygon","coordinates":[[[-94.94853,41.91887],[-94.94719,41.9201],[-94.94721,41.92343],[-94.93749,41.92353],[-94.93748,41.92079],[-94.9317,41.9208],[-94.93164,41.9172],[-94.93469,41.91721],[-94.93466,41.91358],[-94.93552,41.91359],[-94.9355,41.91089],[-94.93741,41.91089],[-94.93744,41.9136],[-94.94713,41.9135],[-94.94716,41.91567],[-94.9485,41.91565],[-94.94853,41.91887]]]}},{"type":"Feature","properties":{"name":"Tennant","county":"Shelby","type":"city"},"geometry":{"type":"Polygon","coordinates":[[[-95.45086,41.60247],[-95.43897,41.60251],[-95.43906,41.58575],[-95.451,41.58564],[-95.45086,41.60247]]]}},{"type":"Feature","properties":{"name":"Terril","county":"Dickinson","type":"city"},"geometry":{"type":"Polygon","coordinates":[[[-94.97547,43.30788],[-94.97343,43.30792],[-94.97349,43.31312],[-94.96358,43.31311],[-94.96337,43.29863],[-94.9733,43.29865],[-94.97332,43.30173],[-94.97536,43.30172],[-94.97547,43.30788]]]}},{"type":"Feature","properties":{"name":"Thayer","county":"Union","type":"city"},"geometry":{"type":"Polygon","coordinates":[[[-94.05339,41.03139],[-94.04644,41.03157],[-94.04649,41.02596],[-94.05344,41.02581],[-94.05339,41.03139]]]}},{"type":"Feature","properties":{"name":"Thompson","county":"Winnebago","type":"city"},"geometry":{"type":"Polygon","coordinates":[[[-93.78361,43.37839],[-93.77379,43.37841],[-93.77318,43.37589],[-93.76725,43.37199],[-93.76336,43.3713],[-93.7634,43.36402],[-93.76745,43.36404],[-93.76974,43.36224],[-93.77375,43.36226],[-93.77549,43.36407],[-93.78361,43.36412],[-93.78361,43.37839]]]}},{"type":"Feature","properties":{"name":"Thor","county":"Humboldt","type":"city"},"geometry":{"type":"Polygon","coordinates":[[[-94.05944,42.69536],[-94.03975,42.69531],[-94.03974,42.68087],[-94.0594,42.68089],[-94.05944,42.69536]]]}},{"type":"Feature","properties":{"name":"Thornburg","county":"Keokuk","type":"city"},"geometry":{"type":"MultiPolygon","coordinates":[[[[-92.3358,41.45943],[-92.32693,41.45952],[-92.32852,41.45812],[-92.32844,41.45506],[-92.32889,41.4522],[-92.33571,41.45218],[-92.3358,41.45943]]],[[[-92.33763,41.45219],[-92.33571,41.45218],[-92.3357,41.45096],[-92.33757,41.45097],[-92.33763,41.45219]]]]}},{"type":"Feature","properties":{"name":"Thornton","county":"Cerro Gordo","type":"city"},"geometry":{"type":"Polygon","coordinates":[[[-93.3992,42.95159],[-93.37476,42.95137],[-93.37475,42.93693],[-93.39926,42.93705],[-93.3992,42.95159]]]}},{"type":"Feature","properties":{"name":"Thurman","county":"Fremont","type":"city"},"geometry":{"type":"Polygon","coordinates":[[[-95.75596,40.82555],[-95.74161,40.82557],[-95.74165,40.81471],[-95.75615,40.81467],[-95.75596,40.82555]]]}},{"type":"Feature","properties":{"name":"Tiffin","county":"Johnson","type":"city"},"geometry":{"type":"Polygon","coordinates":[[[-91.69081,41.71286],[-91.68597,41.71283],[-91.68601,41.70936],[-91.6811,41.70893],[-91.68108,41.71646],[-91.66715,41.71636],[-91.66654,41.71848],[-91.66647,41.71997],[-91.67062,41.72002],[-91.67102,41.7204],[-91.67115,41.72366],[-91.66157,41.72354],[-91.66156,41.7272],[-91.65177,41.72706],[-91.65181,41.72344],[-91.64694,41.72339],[-91.64691,41.71976],[-91.64223,41.71972],[-91.64226,41.70544],[-91.64175,41.70049],[-91.63434,41.68699],[-91.65192,41.68714],[-91.65193,41.69369],[-91.6609,41.6934],[-91.66268,41.6928],[-91.66164,41.69085],[-91.66166,41.68815],[-91.66391,41.68823],[-91.66395,41.68722],[-91.67133,41.68726],[-91.67136,41.69355],[-91.67621,41.69429],[-91.67,41.69465],[-91.66654,41.69572],[-91.66655,41.69815],[-91.66898,41.69817],[-91.66901,41.70345],[-91.68592,41.70301],[-91.68592,41.70879],[-91.69082,41.71049],[-91.69081,41.71286]]]}},{"type":"Feature","properties":{"name":"Tingley","county":"Ringgold","type":"city"},"geometry":{"type":"Polygon","coordinates":[[[-94.20472,40.85837],[-94.1904,40.85843],[-94.19039,40.85482],[-94.18564,40.85482],[-94.1856,40.84759],[-94.20467,40.84754],[-94.20472,40.85837]]]}},{"type":"Feature","properties":{"name":"Tipton","county":"Cedar","type":"city"},"geometry":{"type":"Polygon","coordinates":[[[-91.14406,41.76233],[-91.14402,41.76357],[-91.14208,41.76367],[-91.14223,41.77738],[-91.13247,41.77737],[-91.1325,41.78283],[-91.12749,41.78283],[-91.12747,41.78466],[-91.12259,41.78466],[-91.12256,41.78283],[-91.12016,41.78285],[-91.12017,41.77919],[-91.11746,41.77921],[-91.11745,41.77739],[-91.1153,41.77739],[-91.11532,41.77557],[-91.11424,41.77556],[-91.11423,41.77372],[-91.1129,41.77372],[-91.11308,41.76996],[-91.11673,41.76998],[-91.11671,41.76811],[-91.11493,41.76808],[-91.11491,41.76626],[-91.11794,41.76631],[-91.1179,41.76086],[-91.12046,41.76089],[-91.11822,41.7572],[-91.13075,41.75733],[-91.12917,41.75904],[-91.13255,41.75907],[-91.13254,41.761],[-91.14649,41.76089],[-91.14406,41.76233]]]}},{"type":"Feature","properties":{"name":"Titonka","county":"Kossuth","type":"city"},"geometry":{"type":"Polygon","coordinates":[[[-94.04511,43.236],[-94.0452,43.23875],[-94.04394,43.24062],[-94.04722,43.24061],[-94.04723,43.24186],[-94.0371,43.24186],[-94.03712,43.23634],[-94.03457,43.23471],[-94.03943,43.23454],[-94.03945,43.23182],[-94.04442,43.23182],[-94.0444,43.23462],[-94.04892,43.23463],[-94.04511,43.236]]]}},{"type":"Feature","properties":{"name":"Toeterville","county":"Mitchell","type":"community"},"geometry":{"type":"Polygon","coordinates":[[[-92.90531,43.44381],[-92.87057,43.44367],[-92.87047,43.43631],[-92.90529,43.43642],[-92.90531,43.44381]]]}},{"type":"Feature","properties":{"name":"Toledo","county":"Tama","type":"city"},"geometry":{"type":"Polygon","coordinates":[[[-92.60001,41.99644],[-92.59136,41.99647],[-92.59135,41.99999],[-92.58164,41.99999],[-92.58168,42.00371],[-92.56704,42.00389],[-92.56697,41.97845],[-92.5963,41.9785],[-92.59628,41.9856],[-92.59138,41.98564],[-92.59137,41.99283],[-92.59999,41.99279],[-92.60001,41.99644]]]}},{"type":"Feature","properties":{"name":"Toronto","county":"Clinton","type":"city"},"geometry":{"type":"Polygon","coordinates":[[[-90.86641,41.90563],[-90.86595,41.90803],[-90.86446,41.90654],[-90.85945,41.90649],[-90.85949,41.89876],[-90.86445,41.89876],[-90.8645,41.90187],[-90.86782,41.90331],[-90.86641,41.90563]]]}},{"type":"Feature","properties":{"name":"Traer","county":"Tama","type":"city"},"geometry":{"type":"Polygon","coordinates":[[[-92.47527,42.19929],[-92.45573,42.19919],[-92.45571,42.19199],[-92.45043,42.18836],[-92.45081,42.18729],[-92.44588,42.18477],[-92.44588,42.18114],[-92.451,42.18112],[-92.45202,42.18474],[-92.4478,42.18476],[-92.4538,42.18835],[-92.45265,42.18953],[-92.45543,42.19128],[-92.45575,42.18472],[-92.46427,42.18475],[-92.46379,42.18114],[-92.46062,42.18113],[-92.46061,42.1739],[-92.46548,42.17392],[-92.46566,42.17569],[-92.46654,42.17668],[-92.4657,42.17851],[-92.46552,42.18212],[-92.4668,42.18213],[-92.46679,42.18295],[-92.47032,42.18298],[-92.47032,42.1849],[-92.47504,42.18488],[-92.47527,42.19929]]]}},{"type":"Feature","properties":{"name":"Trenton","county":"Henry","type":"community"},"geometry":{"type":"Polygon","coordinates":[[[-91.64985,41.06712],[-91.64028,41.06505],[-91.64017,41.07233],[-91.62954,41.07242],[-91.62974,41.07129],[-91.63304,41.069],[-91.63436,41.06719],[-91.63459,41.06502],[-91.63112,41.06151],[-91.63645,41.06157],[-91.63641,41.06077],[-91.64044,41.06086],[-91.64044,41.0616],[-91.64986,41.06142],[-91.64985,41.06712]]]}},{"type":"Feature","properties":{"name":"Treynor","county":"Pottawattamie","type":"city"},"geometry":{"type":"Polygon","coordinates":[[[-95.62256,41.2332],[-95.61705,41.23348],[-95.61824,41.23456],[-95.61726,41.23533],[-95.61306,41.23672],[-95.61307,41.23955],[-95.60912,41.23962],[-95.60917,41.23816],[-95.60597,41.23619],[-95.60452,41.23608],[-95.60456,41.2334],[-95.59966,41.23347],[-95.59969,41.23258],[-95.59685,41.23262],[-95.59679,41.23549],[-95.59471,41.23554],[-95.59491,41.22536],[-95.60212,41.22526],[-95.60216,41.22915],[-95.60482,41.22912],[-95.60482,41.23157],[-95.60697,41.23154],[-95.60703,41.22911],[-95.60825,41.22779],[-95.613,41.22735],[-95.61301,41.23141],[-95.62256,41.23192],[-95.62256,41.2332]]]}},{"type":"Feature","properties":{"name":"Tripoli","county":"Bremer","type":"city"},"geometry":{"type":"Polygon","coordinates":[[[-92.26803,42.81836],[-92.24836,42.81836],[-92.2482,42.80234],[-92.23986,42.80239],[-92.23986,42.80075],[-92.24386,42.80044],[-92.24387,42.80229],[-92.2482,42.80226],[-92.24821,42.79868],[-92.25814,42.79819],[-92.25814,42.79869],[-92.26806,42.79877],[-92.26803,42.81836]]]}},{"type":"Feature","properties":{"name":"Truesdale","county":"Buena Vista","type":"city"},"geometry":{"type":"Polygon","coordinates":[[[-95.18642,42.73261],[-95.1803,42.73253],[-95.18039,42.72581],[-95.18688,42.72603],[-95.18642,42.73261]]]}},{"type":"Feature","properties":{"name":"Truro","county":"Madison","type":"city"},"geometry":{"type":"Polygon","coordinates":[[[-93.85619,41.21651],[-93.83727,41.21747],[-93.83709,41.20309],[-93.85616,41.2024],[-93.85619,41.21651]]]}},{"type":"Feature","properties":{"name":"Turin","county":"Monona","type":"city"},"geometry":{"type":"Polygon","coordinates":[[[-95.96915,42.01879],[-95.96913,42.02301],[-95.96317,42.0229],[-95.96317,42.0188],[-95.96915,42.01879]]]}},{"type":"Feature","properties":{"name":"Twin Lakes","county":"Calhoun","type":"community"},"geometry":{"type":"Polygon","coordinates":[[[-94.66326,42.45808],[-94.66007,42.46202],[-94.65653,42.46401],[-94.65225,42.46944],[-94.64981,42.47071],[-94.64981,42.47375],[-94.64615,42.47374],[-94.64382,42.47632],[-94.64377,42.47755],[-94.63962,42.47944],[-94.63856,42.48813],[-94.63542,42.48818],[-94.63542,42.49219],[-94.63124,42.49218],[-94.63035,42.49518],[-94.62651,42.49632],[-94.62381,42.49644],[-94.61885,42.49998],[-94.61419,42.49996],[-94.61421,42.49908],[-94.60997,42.49908],[-94.60976,42.48817],[-94.62259,42.4881],[-94.62249,42.47728],[-94.63041,42.47728],[-94.63044,42.47371],[-94.6329,42.47124],[-94.63421,42.4706],[-94.63871,42.46516],[-94.64253,42.46312],[-94.64324,42.46019],[-94.64264,42.45917],[-94.64362,42.45569],[-94.64651,42.4532],[-94.6478,42.45269],[-94.65155,42.4526],[-94.65618,42.45532],[-94.65912,42.45659],[-94.66186,42.45649],[-94.66326,42.45808]]]}},{"type":"Feature","properties":{"name":"Udell","county":"Appanoose","type":"city"},"geometry":{"type":"Polygon","coordinates":[[[-92.74822,40.78324],[-92.74347,40.78325],[-92.74349,40.78506],[-92.73871,40.78508],[-92.73857,40.77604],[-92.74816,40.77607],[-92.74822,40.78324]]]}},{"type":"Feature","properties":{"name":"Underwood","county":"Pottawattamie","type":"city"},"geometry":{"type":"Polygon","coordinates":[[[-95.69502,41.3653],[-95.68955,41.37203],[-95.68956,41.37533],[-95.68838,41.37623],[-95.68458,41.3826],[-95.68456,41.38712],[-95.68945,41.38712],[-95.68934,41.39075],[-95.68449,41.39076],[-95.68447,41.39441],[-95.67972,41.39439],[-95.67972,41.39384],[-95.67557,41.39213],[-95.67384,41.39074],[-95.67225,41.39073],[-95.67313,41.38908],[-95.67188,41.38714],[-95.67439,41.38713],[-95.67758,41.38376],[-95.6701,41.3835],[-95.67289,41.37951],[-95.67703,41.37725],[-95.68003,41.3727],[-95.68761,41.3653],[-95.6924,41.3653],[-95.69286,41.36672],[-95.69502,41.3653]]]}},{"type":"Feature","properties":{"name":"Union","county":"Hardin","type":"city"},"geometry":{"type":"Polygon","coordinates":[[[-93.06987,42.2488],[-93.0601,42.24885],[-93.06072,42.25169],[-93.0594,42.25171],[-93.05933,42.24885],[-93.05529,42.24887],[-93.05524,42.238],[-93.0698,42.23795],[-93.06987,42.2488]]]}},{"type":"Feature","properties":{"name":"Unionville","county":"Appanoose","type":"city"},"geometry":{"type":"Polygon","coordinates":[[[-92.70539,40.8236],[-92.68636,40.82357],[-92.68626,40.81303],[-92.7053,40.81269],[-92.70539,40.8236]]]}},{"type":"Feature","properties":{"name":"University Heights","county":"Johnson","type":"city"},"geometry":{"type":"Polygon","coordinates":[[[-91.56454,41.65567],[-91.56247,41.65543],[-91.56208,41.65687],[-91.55968,41.65688],[-91.55956,41.6606],[-91.55777,41.66058],[-91.55017,41.65508],[-91.55471,41.65508],[-91.55474,41.65334],[-91.55693,41.65222],[-91.55952,41.65239],[-91.55948,41.65045],[-91.56165,41.65047],[-91.56445,41.64963],[-91.56454,41.65567]]]}},{"type":"Feature","properties":{"name":"University Park","county":"Mahaska","type":"city"},"geometry":{"type":"Polygon","coordinates":[[[-92.6223,41.27802],[-92.62224,41.29232],[-92.60787,41.29385],[-92.60788,41.27799],[-92.6223,41.27802]]]}},{"type":"Feature","properties":{"name":"Urbana","county":"Benton","type":"city"},"geometry":{"type":"MultiPolygon","coordinates":[[[[-91.89097,42.22446],[-91.88455,42.22457],[-91.88458,42.22577],[-91.89098,42.22565],[-91.89082,42.24788],[-91.88981,42.24738],[-91.88096,42.24755],[-91.88108,42.23776],[-91.87127,42.23171],[-91.87126,42.23084],[-91.86875,42.22794],[-91.8657,42.227],[-91.86825,42.22603],[-91.86919,42.22411],[-91.86895,42.22253],[-91.87406,42.22219],[-91.87403,42.22026],[-91.87866,42.22024],[-91.87869,42.21907],[-91.88125,42.2185],[-91.89098,42.21844],[-91.89097,42.22446]]],[[[-91.9106,42.22532],[-91.90064,42.22547],[-91.90071,42.21827],[-91.91044,42.21808],[-91.9106,42.22532]]]]}},{"type":"Feature","properties":{"name":"Urbandale","county":"Polk","type":"city"},"geometry":{"type":"Polygon","coordinates":[[[-93.87235,41.66909],[-93.85777,41.66913],[-93.85771,41.65829],[-93.85287,41.65828],[-93.85284,41.6637],[-93.8433,41.66364],[-93.84337,41.67268],[-93.82414,41.67277],[-93.82411,41.66552],[-93.81446,41.66565],[-93.81442,41.65297],[-93.80722,41.653],[-93.8072,41.65115],[-93.80411,41.65116],[-93.80403,41.64392],[-93.81434,41.64385],[-93.81433,41.63298],[-93.80891,41.63318],[-93.80886,41.63665],[-93.79918,41.63673],[-93.79924,41.65119],[-93.77141,41.65108],[-93.76258,41.65279],[-93.76257,41.65847],[-93.74619,41.65839],[-93.74618,41.65658],[-93.73644,41.65653],[-93.73645,41.6533],[-93.73157,41.65292],[-93.72192,41.6532],[-93.7219,41.65472],[-93.71712,41.65472],[-93.71722,41.65829],[-93.70602,41.6582],[-93.70416,41.65727],[-93.70253,41.65518],[-93.70254,41.65302],[-93.69758,41.65303],[-93.69766,41.63668],[-93.70268,41.63666],[-93.70257,41.6294],[-93.7036,41.6294],[-93.70354,41.62214],[-93.7086,41.62214],[-93.70865,41.61669],[-93.70734,41.61609],[-93.70809,41.61488],[-93.71632,41.61466],[-93.79152,41.61494],[-93.82392,41.61476],[-93.82391,41.62213],[-93.84323,41.62213],[-93.84319,41.64375],[-93.87221,41.64374],[-93.87224,41.65345],[-93.86858,41.6546],[-93.86254,41.65463],[-93.86259,41.65824],[-93.87228,41.6582],[-93.87234,41.66416],[-93.87146,41.66529],[-93.87235,41.66909]]]}},{"type":"Feature","properties":{"name":"Ute","county":"Monona","type":"city"},"geometry":{"type":"Polygon","coordinates":[[[-95.71066,42.05565],[-95.70089,42.0556],[-95.70089,42.04483],[-95.71066,42.04484],[-95.71066,42.05565]]]}},{"type":"Feature","properties":{"name":"Vail","county":"Crawford","type":"city"},"geometry":{"type":"Polygon","coordinates":[[[-95.20767,42.06534],[-95.19313,42.06517],[-95.19309,42.0544],[-95.2015,42.05449],[-95.20277,42.05152],[-95.20277,42.0545],[-95.20778,42.05449],[-95.20767,42.06534]]]}},{"type":"Feature","properties":{"name":"Valeria","county":"Jasper","type":"city"},"geometry":{"type":"Polygon","coordinates":[[[-93.32831,41.73005],[-93.32719,41.73005],[-93.3259,41.73163],[-93.32351,41.73183],[-93.32347,41.72821],[-93.32824,41.72827],[-93.32831,41.73005]]]}},{"type":"Feature","properties":{"name":"Van Horne","county":"Benton","type":"city"},"geometry":{"type":"Polygon","coordinates":[[[-92.10492,42.00704],[-92.10035,42.00728],[-92.10026,42.01423],[-92.08097,42.0142],[-92.08089,42.01059],[-92.07604,42.01061],[-92.07594,42.00339],[-92.10485,42.00342],[-92.10492,42.00704]]]}},{"type":"Feature","properties":{"name":"Van Meter","county":"Dallas","type":"city"},"geometry":{"type":"Polygon","coordinates":[[[-93.96607,41.52433],[-93.96422,41.52434],[-93.9635,41.52729],[-93.96449,41.52851],[-93.96188,41.5285],[-93.96181,41.53929],[-93.9642,41.54045],[-93.96416,41.54514],[-93.95786,41.54637],[-93.95271,41.54641],[-93.95224,41.54706],[-93.9484,41.54859],[-93.94491,41.54951],[-93.94491,41.54465],[-93.9425,41.54465],[-93.94252,41.54285],[-93.93053,41.5429],[-93.93052,41.53926],[-93.92811,41.53925],[-93.92807,41.5429],[-93.92327,41.54287],[-93.92333,41.5356],[-93.9161,41.53556],[-93.91615,41.52753],[-93.92581,41.5272],[-93.93063,41.52844],[-93.94081,41.5286],[-93.94024,41.52492],[-93.94028,41.51775],[-93.93068,41.5177],[-93.93074,41.51044],[-93.91395,41.51031],[-93.91426,41.51143],[-93.91309,41.51077],[-93.91263,41.51268],[-93.91026,41.51385],[-93.90666,41.51382],[-93.90665,41.51032],[-93.91139,41.51031],[-93.9114,41.50664],[-93.92594,41.50681],[-93.92587,41.50323],[-93.94035,41.50326],[-93.9403,41.51047],[-93.95214,41.51047],[-93.95307,41.5119],[-93.95223,41.51409],[-93.9544,41.51408],[-93.95473,41.51773],[-93.95463,41.52777],[-93.95588,41.52612],[-93.95951,41.52493],[-93.95929,41.52263],[-93.95811,41.5213],[-93.9618,41.52129],[-93.96614,41.51929],[-93.96607,41.52433]]]}},{"type":"Feature","properties":{"name":"Van Wert","county":"Decatur","type":"city"},"geometry":{"type":"Polygon","coordinates":[[[-93.80056,40.86794],[-93.80066,40.87008],[-93.79585,40.87025],[-93.79589,40.87165],[-93.79434,40.87171],[-93.79446,40.87308],[-93.79133,40.87388],[-93.7914,40.87784],[-93.78675,40.87784],[-93.78654,40.86699],[-93.80204,40.8664],[-93.80056,40.86794]]]}},{"type":"Feature","properties":{"name":"Varina","county":"Pocahontas","type":"city"},"geometry":{"type":"Polygon","coordinates":[[[-94.90191,42.66159],[-94.89953,42.66159],[-94.89951,42.6647],[-94.89885,42.66314],[-94.89641,42.66287],[-94.89238,42.66153],[-94.89463,42.66081],[-94.89473,42.65432],[-94.90203,42.65436],[-94.90191,42.66159]]]}},{"type":"Feature","properties":{"name":"Ventura","county":"Cerro Gordo","type":"city"},"geometry":{"type":"Polygon","coordinates":[[[-93.49265,43.12735],[-93.48761,43.12798],[-93.48767,43.13378],[-93.45797,43.13376],[-93.45799,43.13737],[-93.43821,43.13732],[-93.43805,43.12104],[-93.48753,43.1211],[-93.48757,43.12409],[-93.49145,43.12319],[-93.49147,43.12657],[-93.49265,43.12735]]]}},{"type":"Feature","properties":{"name":"Victor","county":"Iowa","type":"city"},"geometry":{"type":"Polygon","coordinates":[[[-92.30308,41.7318],[-92.29991,41.73217],[-92.29987,41.73613],[-92.28846,41.73589],[-92.28878,41.72501],[-92.29995,41.72533],[-92.29993,41.72797],[-92.30157,41.72796],[-92.30156,41.72879],[-92.30313,41.72879],[-92.30308,41.7318]]]}},{"type":"Feature","properties":{"name":"Villisca","county":"Montgomery","type":"city"},"geometry":{"type":"Polygon","coordinates":[[[-95.01005,40.92974],[-95.00451,40.92972],[-95.00458,40.92421],[-94.99025,40.92417],[-94.99022,40.92853],[-94.99498,40.92969],[-94.99501,40.93692],[-94.97589,40.93691],[-94.97594,40.94057],[-94.97356,40.94055],[-94.97353,40.9369],[-94.96158,40.93691],[-94.9616,40.92466],[-94.97089,40.92345],[-94.98075,40.92346],[-94.98076,40.92243],[-95.01009,40.92248],[-95.01005,40.92974]]]}},{"type":"Feature","properties":{"name":"Vincent","county":"Webster","type":"city"},"geometry":{"type":"Polygon","coordinates":[[[-94.02409,42.59436],[-94.02051,42.59432],[-94.02053,42.59645],[-94.0173,42.59641],[-94.01729,42.59549],[-94.01315,42.59522],[-94.0131,42.5907],[-94.01552,42.59073],[-94.0155,42.58801],[-94.02045,42.58798],[-94.02204,42.5871],[-94.02291,42.59072],[-94.03028,42.58754],[-94.02409,42.59436]]]}},{"type":"Feature","properties":{"name":"Vining","county":"Tama","type":"city"},"geometry":{"type":"Polygon","coordinates":[[[-92.3947,41.99633],[-92.38013,41.99643],[-92.37995,41.99068],[-92.38057,41.98815],[-92.37984,41.98565],[-92.39436,41.98562],[-92.3947,41.99633]]]}},{"type":"Feature","properties":{"name":"Vinton","county":"Benton","type":"city"},"geometry":{"type":"Polygon","coordinates":[[[-92.05679,42.17384],[-92.05254,42.17387],[-92.05156,42.17281],[-92.0516,42.17051],[-92.0509,42.16871],[-92.04721,42.16824],[-92.04726,42.1739],[-92.04685,42.18104],[-92.04212,42.18105],[-92.03857,42.1758],[-92.03732,42.1758],[-92.03717,42.18108],[-92.03251,42.18111],[-92.0326,42.17938],[-92.03081,42.17692],[-92.02711,42.17459],[-92.0255,42.17146],[-92.02394,42.17011],[-92.02132,42.17892],[-92.019,42.18104],[-92.00786,42.18124],[-92.00579,42.17924],[-92.00544,42.17713],[-92.00631,42.17487],[-92.00555,42.17181],[-92.00339,42.1694],[-92.0036,42.16073],[-91.99393,42.15737],[-91.99411,42.15203],[-91.99894,42.15208],[-91.99888,42.15566],[-92.01341,42.15552],[-92.01361,42.14672],[-92.01122,42.14673],[-92.01125,42.14506],[-92.01896,42.14489],[-92.01579,42.14125],[-92.02336,42.14119],[-92.02326,42.14489],[-92.02803,42.1449],[-92.02792,42.14805],[-92.02322,42.14804],[-92.04757,42.14854],[-92.04725,42.16666],[-92.05318,42.16661],[-92.05315,42.16814],[-92.0543,42.16813],[-92.05433,42.1666],[-92.05545,42.16659],[-92.05538,42.17049],[-92.0569,42.17048],[-92.05679,42.17384]]]}},{"type":"Feature","properties":{"name":"Volga","county":"Clayton","type":"city"},"geometry":{"type":"Polygon","coordinates":[[[-91.5522,42.80839],[-91.53252,42.80837],[-91.5324,42.79753],[-91.55219,42.79749],[-91.5522,42.80839]]]}},{"type":"Feature","properties":{"name":"Wadena","county":"Fayette","type":"city"},"geometry":{"type":"Polygon","coordinates":[[[-91.66669,42.84656],[-91.65191,42.8473],[-91.6521,42.83266],[-91.66701,42.83224],[-91.66669,42.84656]]]}},{"type":"Feature","properties":{"name":"Wahpeton","county":"Dickinson","type":"city"},"geometry":{"type":"Polygon","coordinates":[[[-95.18737,43.37864],[-95.18536,43.37865],[-95.1852,43.38582],[-95.1702,43.38574],[-95.17009,43.39293],[-95.16751,43.39289],[-95.16806,43.39403],[-95.17005,43.39544],[-95.1698,43.39631],[-95.16735,43.39478],[-95.16573,43.39269],[-95.16694,43.39132],[-95.16634,43.39001],[-95.16686,43.3879],[-95.16855,43.38553],[-95.17172,43.38337],[-95.1748,43.38249],[-95.17639,43.38056],[-95.17894,43.38207],[-95.18162,43.38099],[-95.18165,43.37913],[-95.18015,43.37604],[-95.178,43.37554],[-95.17712,43.37622],[-95.17288,43.3747],[-95.16701,43.37671],[-95.16174,43.37252],[-95.16148,43.3714],[-95.15827,43.3708],[-95.16092,43.36999],[-95.16259,43.36681],[-95.16223,43.36446],[-95.16436,43.36584],[-95.16852,43.36585],[-95.17138,43.36512],[-95.1739,43.36257],[-95.17424,43.36384],[-95.17635,43.36427],[-95.1784,43.36307],[-95.17711,43.35998],[-95.17525,43.35902],[-95.17562,43.35708],[-95.17996,43.35703],[-95.18013,43.36791],[-95.18037,43.36932],[-95.18217,43.37154],[-95.18512,43.3715],[-95.18533,43.37731],[-95.18733,43.37727],[-95.18737,43.37864]]]}},{"type":"Feature","properties":{"name":"Walcott","county":"Scott","type":"city"},"geometry":{"type":"Polygon","coordinates":[[[-90.79349,41.593],[-90.78376,41.59289],[-90.78381,41.59653],[-90.78313,41.59655],[-90.78311,41.60745],[-90.78797,41.60746],[-90.78683,41.61381],[-90.78667,41.61716],[-90.78309,41.6149],[-90.78309,41.61805],[-90.78554,41.61732],[-90.79277,41.61863],[-90.79275,41.62437],[-90.78302,41.621],[-90.783,41.62563],[-90.77339,41.62567],[-90.77345,41.61834],[-90.77297,41.61403],[-90.76334,41.61207],[-90.76336,41.61834],[-90.7536,41.61831],[-90.75362,41.61103],[-90.77776,41.6111],[-90.77782,41.59653],[-90.76475,41.59647],[-90.76489,41.58932],[-90.75767,41.58925],[-90.75657,41.58676],[-90.75662,41.58375],[-90.75033,41.58328],[-90.75035,41.58195],[-90.75524,41.58199],[-90.75524,41.58107],[-90.76498,41.58126],[-90.76503,41.57656],[-90.78398,41.57657],[-90.78385,41.59026],[-90.78658,41.59031],[-90.78662,41.58981],[-90.78928,41.58987],[-90.79353,41.59058],[-90.79349,41.593]]]}},{"type":"Feature","properties":{"name":"Walford","county":"Benton","type":"city"},"geometry":{"type":"MultiPolygon","coordinates":[[[[-91.84123,41.87438],[-91.83819,41.87462],[-91.83729,41.8727],[-91.83749,41.87595],[-91.8364,41.87694],[-91.83907,41.87567],[-91.84123,41.87631],[-91.84139,41.88351],[-91.83164,41.88345],[-91.83168,41.88727],[-91.82837,41.88728],[-91.83115,41.89091],[-91.82207,41.89093],[-91.82205,41.88697],[-91.83161,41.87969],[-91.8316,41.87933],[-91.8255,41.88365],[-91.81716,41.88365],[-91.8171,41.87639],[-91.83005,41.87638],[-91.83155,41.87549],[-91.83147,41.86911],[-91.83631,41.86906],[-91.83634,41.87205],[-91.83463,41.87272],[-91.83617,41.87271],[-91.83853,41.87033],[-91.84119,41.87336],[-91.84119,41.87267],[-91.84513,41.87264],[-91.84123,41.87438]]],[[[-91.84607,41.87595],[-91.84123,41.87631],[-91.84121,41.87471],[-91.84585,41.87263],[-91.84607,41.87595]]]]}},{"type":"Feature","properties":{"name":"Walker","county":"Linn","type":"city"},"geometry":{"type":"Polygon","coordinates":[[[-91.79338,42.28592],[-91.78853,42.28583],[-91.78846,42.29486],[-91.77391,42.29463],[-91.77409,42.27649],[-91.77647,42.27653],[-91.77644,42.27925],[-91.77886,42.2802],[-91.78373,42.28027],[-91.78418,42.28266],[-91.78599,42.28394],[-91.79339,42.28415],[-91.79338,42.28592]]]}},{"type":"Feature","properties":{"name":"Wall Lake","county":"Sac","type":"city"},"geometry":{"type":"Polygon","coordinates":[[[-95.10533,42.25432],[-95.0997,42.2559],[-95.09556,42.25626],[-95.09548,42.26462],[-95.10035,42.26497],[-95.10039,42.26828],[-95.10321,42.26833],[-95.1032,42.26941],[-95.10037,42.26966],[-95.10024,42.2755],[-95.09785,42.2756],[-95.09779,42.2827],[-95.09053,42.28264],[-95.09057,42.27541],[-95.08656,42.27542],[-95.08658,42.27342],[-95.08529,42.27344],[-95.08535,42.2713],[-95.08661,42.27053],[-95.08676,42.25377],[-95.09073,42.25371],[-95.09073,42.2532],[-95.09304,42.25313],[-95.09497,42.25376],[-95.10533,42.25393],[-95.10533,42.25432]]]}},{"type":"Feature","properties":{"name":"Wallingford","county":"Emmet","type":"city"},"geometry":{"type":"Polygon","coordinates":[[[-94.80203,43.32758],[-94.78253,43.3275],[-94.78223,43.31317],[-94.80195,43.3132],[-94.80203,43.32758]]]}},{"type":"Feature","properties":{"name":"Walnut","county":"Pottawattamie","type":"city"},"geometry":{"type":"Polygon","coordinates":[[[-95.23176,41.49744],[-95.22214,41.4974],[-95.22218,41.50295],[-95.22048,41.50512],[-95.21914,41.50548],[-95.20289,41.50537],[-95.20286,41.49735],[-95.21245,41.49736],[-95.21251,41.47348],[-95.23172,41.47359],[-95.23176,41.49744]]]}},{"type":"Feature","properties":{"name":"Wapello","county":"Louisa","type":"city"},"geometry":{"type":"Polygon","coordinates":[[[-91.20175,41.1786],[-91.20046,41.17858],[-91.19905,41.17695],[-91.19695,41.17696],[-91.19691,41.18519],[-91.19877,41.18519],[-91.20165,41.18704],[-91.20159,41.1895],[-91.19259,41.18928],[-91.1887,41.18779],[-91.18691,41.18613],[-91.18587,41.18646],[-91.17974,41.17662],[-91.17697,41.17453],[-91.16791,41.17098],[-91.17777,41.17105],[-91.17777,41.17007],[-91.17454,41.17008],[-91.17461,41.16747],[-91.18262,41.16755],[-91.18256,41.17109],[-91.18448,41.17112],[-91.18451,41.16809],[-91.18719,41.16757],[-91.19467,41.16803],[-91.19465,41.17127],[-91.19697,41.1713],[-91.19696,41.17493],[-91.20178,41.17499],[-91.20175,41.1786]]]}},{"type":"Feature","properties":{"name":"Washburn","county":"Black Hawk","type":"community"},"geometry":{"type":"Polygon","coordinates":[[[-92.27886,42.41982],[-92.27242,42.42299],[-92.27018,42.42117],[-92.26607,42.42097],[-92.26562,42.41823],[-92.26671,42.41577],[-92.26488,42.41439],[-92.25675,42.41385],[-92.25549,42.41307],[-92.25575,42.41085],[-92.25444,42.40722],[-92.25163,42.40445],[-92.25516,42.40452],[-92.25556,42.402],[-92.2587,42.40307],[-92.26135,42.40674],[-92.26451,42.40309],[-92.27738,42.40328],[-92.27904,42.40195],[-92.27886,42.41982]]]}},{"type":"Feature","properties":{"name":"Washington","county":"Washington","type":"city"},"geometry":{"type":"Polygon","coordinates":[[[-91.72352,41.31172],[-91.72208,41.31224],[-91.72062,41.31141],[-91.72068,41.31007],[-91.71553,41.30812],[-91.70333,41.30864],[-91.70323,41.31594],[-91.68312,41.31634],[-91.68324,41.31348],[-91.67835,41.31353],[-91.67848,41.30918],[-91.66867,41.30908],[-91.66874,41.30276],[-91.66546,41.30269],[-91.66485,41.29806],[-91.6591,41.29562],[-91.65909,41.29456],[-91.6652,41.2945],[-91.66642,41.29814],[-91.66642,41.29635],[-91.66884,41.29633],[-91.66875,41.28716],[-91.67845,41.28719],[-91.67831,41.28045],[-91.67922,41.27976],[-91.68408,41.27973],[-91.68416,41.28319],[-91.69152,41.28309],[-91.69153,41.28335],[-91.69346,41.28333],[-91.69145,41.28182],[-91.6908,41.27882],[-91.69327,41.27682],[-91.69772,41.27721],[-91.7026,41.27705],[-91.70262,41.27818],[-91.69913,41.2784],[-91.69912,41.2796],[-91.69778,41.27999],[-91.69788,41.28321],[-91.70157,41.28334],[-91.70158,41.28438],[-91.70754,41.28417],[-91.70747,41.27928],[-91.71392,41.27905],[-91.71411,41.28334],[-91.7104,41.28653],[-91.71158,41.28759],[-91.71599,41.28762],[-91.71603,41.29355],[-91.71382,41.29365],[-91.71381,41.29478],[-91.71602,41.29426],[-91.716,41.29717],[-91.7208,41.29717],[-91.7207,41.30815],[-91.72354,41.30817],[-91.72352,41.31172]]]}},{"type":"Feature","properties":{"name":"Washta","county":"Cherokee","type":"city"},"geometry":{"type":"Polygon","coordinates":[[[-95.72952,42.58285],[-95.70983,42.58288],[-95.7104,42.57454],[-95.71035,42.56839],[-95.73002,42.56836],[-95.72952,42.58285]]]}},{"type":"Feature","properties":{"name":"Waterloo","county":"Black Hawk","type":"city"},"geometry":{"type":"Polygon","coordinates":[[[-92.43674,42.4695],[-92.43597,42.4695],[-92.43601,42.47312],[-92.40598,42.47299],[-92.40638,42.49884],[-92.40631,42.52011],[-92.40845,42.5204],[-92.40878,42.52208],[-92.41123,42.52212],[-92.41122,42.52032],[-92.41613,42.52039],[-92.41517,42.52393],[-92.41608,42.52712],[-92.41613,42.52872],[-92.4206,42.5266],[-92.42572,42.52483],[-92.43017,42.5246],[-92.43316,42.52666],[-92.43312,42.52699],[-92.4284,42.52902],[-92.4267,42.53299],[-92.42503,42.53506],[-92.42194,42.53667],[-92.41749,42.53749],[-92.41656,42.53811],[-92.41611,42.55588],[-92.41632,42.57047],[-92.39668,42.57046],[-92.39661,42.5632],[-92.38673,42.56321],[-92.38673,42.56499],[-92.37937,42.56505],[-92.37935,42.56323],[-92.32271,42.56314],[-92.32277,42.5311],[-92.29756,42.53118],[-92.2976,42.52757],[-92.25839,42.52731],[-92.25861,42.52264],[-92.25365,42.52255],[-92.25376,42.51996],[-92.25872,42.51999],[-92.25874,42.51817],[-92.25383,42.51813],[-92.25386,42.51724],[-92.24884,42.5172],[-92.24932,42.5108],[-92.25468,42.51083],[-92.25483,42.51273],[-92.2584,42.5118],[-92.25593,42.51124],[-92.25589,42.50843],[-92.25881,42.50844],[-92.25607,42.50791],[-92.25609,42.50578],[-92.25702,42.50567],[-92.25702,42.50541],[-92.25884,42.50542],[-92.25884,42.50178],[-92.26375,42.50182],[-92.26375,42.50009],[-92.26498,42.5001],[-92.26499,42.49822],[-92.26864,42.49826],[-92.26827,42.47498],[-92.29396,42.48339],[-92.29403,42.47889],[-92.29357,42.47845],[-92.29293,42.47602],[-92.2941,42.47362],[-92.29798,42.47014],[-92.3026,42.46796],[-92.30103,42.46717],[-92.3072,42.46708],[-92.30969,42.46415],[-92.30998,42.46092],[-92.30941,42.45944],[-92.30826,42.45814],[-92.30079,42.45449],[-92.29519,42.45338],[-92.29198,42.45399],[-92.28789,42.45391],[-92.28795,42.44663],[-92.27323,42.4465],[-92.27361,42.43196],[-92.2871,42.43209],[-92.28405,42.42896],[-92.28531,42.42846],[-92.30287,42.42859],[-92.30286,42.4322],[-92.31756,42.43213],[-92.3176,42.42853],[-92.32741,42.42851],[-92.32756,42.42124],[-92.36683,42.42119],[-92.36666,42.43209],[-92.43669,42.43198],[-92.43674,42.4695]]]}},{"type":"Feature","properties":{"name":"Waterville","county":"Allamakee","type":"city"},"geometry":{"type":"Polygon","coordinates":[[[-91.30414,43.21094],[-91.30006,43.21157],[-91.30009,43.21321],[-91.29646,43.21456],[-91.29576,43.21207],[-91.29421,43.21204],[-91.29424,43.20834],[-91.28927,43.20823],[-91.28934,43.20167],[-91.29428,43.20172],[-91.29424,43.20559],[-91.29813,43.20494],[-91.30418,43.20553],[-91.30414,43.21094]]]}},{"type":"Feature","properties":{"name":"Watkins","county":"Benton","type":"community"},"geometry":{"type":"Polygon","coordinates":[[[-91.99186,41.89859],[-91.98003,41.89849],[-91.97982,41.88685],[-91.9881,41.88686],[-91.98813,41.88995],[-91.99028,41.89313],[-91.99186,41.89859]]]}},{"type":"Feature","properties":{"name":"Waucoma","county":"Fayette","type":"city"},"geometry":{"type":"Polygon","coordinates":[[[-92.04273,43.06142],[-92.03769,43.06142],[-92.03722,43.0596],[-92.02755,43.05962],[-92.02766,43.05052],[-92.02971,43.0505],[-92.02606,43.04698],[-92.0273,43.04656],[-92.03123,43.05048],[-92.03739,43.05052],[-92.0373,43.05413],[-92.04261,43.05412],[-92.04273,43.06142]]]}},{"type":"Feature","properties":{"name":"Waukee","county":"Dallas","type":"city"},"geometry":{"type":"Polygon","coordinates":[[[-93.95534,41.61362],[-93.95422,41.61363],[-93.95423,41.61463],[-93.94059,41.61458],[-93.94074,41.62571],[-93.93102,41.62566],[-93.93102,41.62926],[-93.91071,41.62939],[-93.91079,41.63665],[-93.89143,41.63664],[-93.89145,41.65113],[-93.87222,41.65097],[-93.87193,41.62928],[-93.86985,41.62928],[-93.86713,41.63155],[-93.86488,41.62932],[-93.85307,41.62936],[-93.8536,41.63126],[-93.85351,41.63565],[-93.85285,41.6366],[-93.85286,41.62541],[-93.85221,41.6254],[-93.85216,41.62511],[-93.85048,41.6251],[-93.85048,41.62431],[-93.85286,41.62432],[-93.85286,41.62361],[-93.85165,41.6236],[-93.85165,41.62396],[-93.84804,41.62394],[-93.84804,41.62349],[-93.85286,41.62352],[-93.85289,41.61855],[-93.84806,41.61853],[-93.84697,41.61775],[-93.84589,41.615],[-93.84059,41.61498],[-93.84068,41.61381],[-93.8384,41.61376],[-93.83841,41.60764],[-93.81426,41.60769],[-93.81427,41.60317],[-93.81668,41.60316],[-93.81668,41.60133],[-93.81522,41.60134],[-93.81522,41.60045],[-93.84342,41.60041],[-93.84348,41.59511],[-93.8425,41.59327],[-93.84236,41.57979],[-93.83763,41.58024],[-93.83768,41.5773],[-93.85938,41.56628],[-93.86175,41.56559],[-93.88067,41.56274],[-93.88087,41.54765],[-93.88466,41.54731],[-93.88568,41.5463],[-93.88576,41.53282],[-93.89718,41.53186],[-93.90654,41.5319],[-93.90654,41.52828],[-93.90894,41.5283],[-93.90894,41.52649],[-93.91134,41.52651],[-93.91134,41.52831],[-93.91614,41.52835],[-93.9161,41.53556],[-93.92333,41.5356],[-93.92327,41.54287],[-93.91606,41.54279],[-93.91604,41.5464],[-93.91128,41.54637],[-93.91129,41.54275],[-93.90652,41.5427],[-93.90649,41.54998],[-93.89693,41.5499],[-93.89694,41.54673],[-93.89852,41.54624],[-93.90145,41.54626],[-93.90171,41.53546],[-93.89696,41.53542],[-93.89694,41.54258],[-93.89045,41.54319],[-93.89038,41.55401],[-93.88555,41.55444],[-93.88553,41.55805],[-93.89691,41.55705],[-93.8969,41.56799],[-93.90165,41.56801],[-93.90166,41.57519],[-93.90643,41.57522],[-93.90644,41.57882],[-93.91121,41.57886],[-93.91121,41.5771],[-93.91263,41.57711],[-93.91263,41.57596],[-93.91339,41.57528],[-93.91598,41.5753],[-93.91599,41.58771],[-93.9112,41.58779],[-93.90904,41.58675],[-93.90488,41.58695],[-93.90427,41.5848],[-93.90165,41.58423],[-93.90166,41.58237],[-93.897,41.58232],[-93.88464,41.5834],[-93.88548,41.58066],[-93.88223,41.57977],[-93.87589,41.58056],[-93.87589,41.57693],[-93.88174,41.57646],[-93.8807,41.57488],[-93.88054,41.57289],[-93.87513,41.57339],[-93.87513,41.577],[-93.87271,41.57722],[-93.8727,41.57527],[-93.87359,41.57353],[-93.87114,41.57375],[-93.87117,41.57089],[-93.87402,41.57086],[-93.87218,41.56917],[-93.87123,41.56651],[-93.86773,41.56681],[-93.86668,41.56621],[-93.86176,41.56732],[-93.86156,41.57456],[-93.86648,41.57415],[-93.86643,41.57779],[-93.87107,41.57737],[-93.87105,41.581],[-93.86979,41.58111],[-93.86982,41.58475],[-93.87103,41.58464],[-93.87102,41.58823],[-93.88066,41.58751],[-93.88369,41.5867],[-93.88541,41.58692],[-93.88543,41.60041],[-93.89681,41.60043],[-93.89682,41.59671],[-93.90161,41.5968],[-93.90163,41.58956],[-93.9112,41.58969],[-93.9112,41.59695],[-93.90641,41.59689],[-93.90641,41.60042],[-93.91575,41.6004],[-93.91571,41.60402],[-93.92059,41.604],[-93.92064,41.60039],[-93.92566,41.60038],[-93.92569,41.59533],[-93.93165,41.59605],[-93.9354,41.59605],[-93.93541,41.60035],[-93.95478,41.60032],[-93.95524,41.60264],[-93.95534,41.61362]]]}},{"type":"Feature","properties":{"name":"Waukon","county":"Allamakee","type":"city"},"geometry":{"type":"Polygon","coordinates":[[[-91.49523,43.27322],[-91.49283,43.27321],[-91.49281,43.27809],[-91.49081,43.27806],[-91.49033,43.27952],[-91.49327,43.28105],[-91.4928,43.28383],[-91.49254,43.28383],[-91.49206,43.2827],[-91.49003,43.2802],[-91.48354,43.28018],[-91.48339,43.28742],[-91.47849,43.28738],[-91.47847,43.29095],[-91.47209,43.29096],[-91.47061,43.28959],[-91.46929,43.28679],[-91.47289,43.28489],[-91.47444,43.28356],[-91.47535,43.282],[-91.47561,43.28014],[-91.47416,43.28011],[-91.46374,43.28221],[-91.46374,43.28005],[-91.46824,43.28007],[-91.4687,43.27819],[-91.46847,43.26924],[-91.46572,43.26922],[-91.46571,43.26832],[-91.4667,43.26832],[-91.4667,43.26788],[-91.46408,43.26788],[-91.46408,43.26922],[-91.46111,43.2692],[-91.46111,43.26556],[-91.46358,43.26557],[-91.46358,43.26195],[-91.46603,43.2619],[-91.46606,43.25834],[-91.46848,43.25835],[-91.4688,43.24756],[-91.47365,43.24759],[-91.47346,43.25344],[-91.47932,43.25407],[-91.48195,43.25337],[-91.48386,43.25218],[-91.48768,43.25332],[-91.48776,43.24497],[-91.48301,43.24496],[-91.48301,43.24297],[-91.4866,43.24299],[-91.48796,43.2424],[-91.4881,43.2462],[-91.49027,43.24625],[-91.49027,43.24771],[-91.48813,43.2477],[-91.48813,43.25105],[-91.49284,43.25108],[-91.49291,43.25481],[-91.48793,43.25481],[-91.48793,43.25838],[-91.48331,43.25836],[-91.48332,43.26199],[-91.49042,43.262],[-91.49038,43.26564],[-91.49287,43.26565],[-91.49286,43.26747],[-91.49209,43.26929],[-91.49365,43.2693],[-91.49366,43.27054],[-91.49524,43.27054],[-91.49523,43.27322]]]}},{"type":"Feature","properties":{"name":"Waverly","county":"Bremer","type":"city"},"geometry":{"type":"Polygon","coordinates":[[[-92.51481,42.72232],[-92.50499,42.7223],[-92.50491,42.7259],[-92.51475,42.72594],[-92.51469,42.74453],[-92.49494,42.74461],[-92.49498,42.74824],[-92.49007,42.74826],[-92.4901,42.75373],[-92.4852,42.75376],[-92.48515,42.74829],[-92.46556,42.74832],[-92.46556,42.75091],[-92.46094,42.75092],[-92.46095,42.74834],[-92.4558,42.74836],[-92.4558,42.74469],[-92.44591,42.74477],[-92.44586,42.73754],[-92.43608,42.73756],[-92.43617,42.72214],[-92.42085,42.72229],[-92.42084,42.70768],[-92.44614,42.7076],[-92.44614,42.70395],[-92.45616,42.70405],[-92.45616,42.70042],[-92.47087,42.70035],[-92.47083,42.69669],[-92.48326,42.69678],[-92.48353,42.70766],[-92.49546,42.70776],[-92.49541,42.71502],[-92.5149,42.71503],[-92.51481,42.72232]]]}},{"type":"Feature","properties":{"name":"Wayland","county":"Henry","type":"city"},"geometry":{"type":"Polygon","coordinates":[[[-91.66819,41.15428],[-91.6658,41.15427],[-91.66581,41.15598],[-91.6538,41.15606],[-91.65384,41.15254],[-91.6491,41.15258],[-91.64911,41.15082],[-91.6476,41.15082],[-91.64759,41.15257],[-91.63942,41.15255],[-91.63944,41.14893],[-91.64908,41.14947],[-91.64911,41.14164],[-91.66083,41.14146],[-91.66083,41.14016],[-91.66275,41.13931],[-91.66564,41.14058],[-91.66561,41.14152],[-91.66821,41.14147],[-91.66819,41.15428]]]}},{"type":"Feature","properties":{"name":"Webb","county":"Clay","type":"city"},"geometry":{"type":"Polygon","coordinates":[[[-95.02277,42.95335],[-95.00293,42.95333],[-95.0031,42.94612],[-95.02283,42.94607],[-95.02277,42.95335]]]}},{"type":"Feature","properties":{"name":"Webster","county":"Keokuk","type":"city"},"geometry":{"type":"Polygon","coordinates":[[[-92.1815,41.43845],[-92.17172,41.43872],[-92.17175,41.44063],[-92.17059,41.44064],[-92.17061,41.44389],[-92.16821,41.44388],[-92.16822,41.44207],[-92.16384,41.4421],[-92.16384,41.43888],[-92.16312,41.43843],[-92.16374,41.43751],[-92.16877,41.43747],[-92.17051,41.43517],[-92.18147,41.43512],[-92.1815,41.43845]]]}},{"type":"Feature","properties":{"name":"Webster City","county":"Hamilton","type":"city"},"geometry":{"type":"Polygon","coordinates":[[[-93.85818,42.47875],[-93.82297,42.47862],[-93.82327,42.48226],[-93.81836,42.48226],[-93.81836,42.47863],[-93.81591,42.47863],[-93.81591,42.47953],[-93.81348,42.47953],[-93.81348,42.48089],[-93.81101,42.4809],[-93.81099,42.475],[-93.80595,42.47498],[-93.80627,42.47867],[-93.80858,42.4787],[-93.80861,42.48585],[-93.7939,42.48587],[-93.79392,42.48227],[-93.78407,42.48229],[-93.78406,42.48588],[-93.77913,42.48589],[-93.77921,42.47504],[-93.77779,42.47504],[-93.77791,42.47296],[-93.77575,42.47294],[-93.77545,42.47423],[-93.77431,42.47423],[-93.77432,42.47218],[-93.77924,42.47182],[-93.77922,42.46717],[-93.79146,42.46699],[-93.79146,42.46726],[-93.79632,42.46729],[-93.79636,42.45609],[-93.79155,42.4562],[-93.79155,42.45467],[-93.78953,42.45624],[-93.78704,42.4563],[-93.7869,42.45439],[-93.79261,42.45088],[-93.78919,42.44545],[-93.78945,42.44401],[-93.79174,42.44386],[-93.79362,42.44257],[-93.79749,42.44146],[-93.79896,42.43966],[-93.79993,42.4368],[-93.80311,42.43449],[-93.80631,42.43445],[-93.80634,42.43287],[-93.80537,42.43179],[-93.80595,42.43182],[-93.80651,42.4275],[-93.81308,42.42719],[-93.80895,42.43173],[-93.80648,42.43218],[-93.8086,42.43482],[-93.81579,42.43435],[-93.81575,42.44163],[-93.83558,42.44179],[-93.83551,42.449],[-93.84535,42.449],[-93.84536,42.44545],[-93.85025,42.44546],[-93.85023,42.449],[-93.8551,42.449],[-93.85501,42.4564],[-93.84529,42.45636],[-93.84526,42.4629],[-93.85813,42.46362],[-93.85818,42.47875]],[[-93.80627,42.47867],[-93.79882,42.47864],[-93.79882,42.48227],[-93.80372,42.48228],[-93.8037,42.48052],[-93.80571,42.48052],[-93.80627,42.47867]]]}},{"type":"Feature","properties":{"name":"Weldon","county":"Decatur","type":"city"},"geometry":{"type":"Polygon","coordinates":[[[-93.74173,40.8993],[-93.72761,40.89927],[-93.7276,40.89608],[-93.73411,40.89611],[-93.73412,40.89437],[-93.73895,40.89451],[-93.73896,40.89582],[-93.74171,40.89582],[-93.74173,40.8993]]]}},{"type":"Feature","properties":{"name":"Wellman","county":"Washington","type":"city"},"geometry":{"type":"Polygon","coordinates":[[[-91.84515,41.46595],[-91.84392,41.46591],[-91.84379,41.47699],[-91.84015,41.47688],[-91.83944,41.47541],[-91.83889,41.47847],[-91.83662,41.47839],[-91.83645,41.47998],[-91.83424,41.4819],[-91.83401,41.48189],[-91.83402,41.48002],[-91.83237,41.47995],[-91.83161,41.4772],[-91.82791,41.47701],[-91.82626,41.47618],[-91.82632,41.47437],[-91.8292,41.47437],[-91.82927,41.46765],[-91.82641,41.46765],[-91.8264,41.47015],[-91.82149,41.47017],[-91.82152,41.46941],[-91.81985,41.46993],[-91.81756,41.46827],[-91.81889,41.46772],[-91.82159,41.4673],[-91.82782,41.46726],[-91.82919,41.46646],[-91.82924,41.46502],[-91.82635,41.46457],[-91.82928,41.46446],[-91.82936,41.45985],[-91.84407,41.46031],[-91.84403,41.46327],[-91.84505,41.4633],[-91.84515,41.46595]]]}},{"type":"Feature","properties":{"name":"Wellsburg","county":"Grundy","type":"city"},"geometry":{"type":"Polygon","coordinates":[[[-92.94316,42.43402],[-92.93493,42.43402],[-92.935,42.44116],[-92.91555,42.44133],[-92.91541,42.42691],[-92.93485,42.42679],[-92.93492,42.43193],[-92.93768,42.43104],[-92.93767,42.42976],[-92.94314,42.42974],[-92.94316,42.43402]]]}},{"type":"Feature","properties":{"name":"Welton","county":"Clinton","type":"city"},"geometry":{"type":"Polygon","coordinates":[[[-90.61021,41.91636],[-90.60909,41.91636],[-90.6091,41.91481],[-90.60668,41.91435],[-90.59942,41.91445],[-90.5967,41.91135],[-90.59638,41.91014],[-90.59288,41.91004],[-90.59109,41.90744],[-90.59047,41.8987],[-90.5925,41.90189],[-90.59808,41.90193],[-90.59698,41.90288],[-90.59699,41.90919],[-90.59824,41.91064],[-90.59735,41.9113],[-90.5985,41.91209],[-90.6033,41.91204],[-90.60329,41.91273],[-90.60626,41.91273],[-90.61025,41.91487],[-90.61021,41.91636]]]}},{"type":"Feature","properties":{"name":"Wesley","county":"Kossuth","type":"city"},"geometry":{"type":"Polygon","coordinates":[[[-94.00009,43.09716],[-93.99014,43.09712],[-93.99008,43.08938],[-93.98508,43.0894],[-93.97782,43.09002],[-93.97781,43.08872],[-93.98395,43.08819],[-93.98394,43.0863],[-93.98514,43.08632],[-93.98517,43.08263],[-93.98814,43.08263],[-93.98816,43.08219],[-93.99016,43.0822],[-93.99014,43.08266],[-93.99997,43.08264],[-94.00009,43.09716]]]}},{"type":"Feature","properties":{"name":"West Amana","county":"Iowa","type":"community"},"geometry":{"type":"Polygon","coordinates":[[[-91.97113,41.81269],[-91.96268,41.8128],[-91.96134,41.81037],[-91.96172,41.80711],[-91.95881,41.80646],[-91.95862,41.80493],[-91.9625,41.80501],[-91.9638,41.80317],[-91.96715,41.80316],[-91.96988,41.80791],[-91.96958,41.81024],[-91.97153,41.81115],[-91.97113,41.81269]]]}},{"type":"Feature","properties":{"name":"West Bend","county":"Palo Alto","type":"city"},"geometry":{"type":"Polygon","coordinates":[[[-94.45275,42.96948],[-94.44295,42.96955],[-94.44297,42.96594],[-94.43783,42.96594],[-94.43794,42.9515],[-94.45287,42.95141],[-94.45275,42.96948]]]}},{"type":"Feature","properties":{"name":"West Branch","county":"Cedar","type":"city"},"geometry":{"type":"Polygon","coordinates":[[[-91.36887,41.68053],[-91.36754,41.68052],[-91.36628,41.68093],[-91.36627,41.68188],[-91.36274,41.68195],[-91.36276,41.67892],[-91.36014,41.67889],[-91.35774,41.67731],[-91.35631,41.67703],[-91.3563,41.67846],[-91.34651,41.67869],[-91.34651,41.68544],[-91.34171,41.6854],[-91.34179,41.67868],[-91.34014,41.67865],[-91.34016,41.67645],[-91.33197,41.67676],[-91.33198,41.67494],[-91.33396,41.67508],[-91.3339,41.67133],[-91.33553,41.67134],[-91.33561,41.66866],[-91.33689,41.66866],[-91.33671,41.66368],[-91.33173,41.65943],[-91.32733,41.65666],[-91.32044,41.65661],[-91.32045,41.65229],[-91.32115,41.64928],[-91.33698,41.64939],[-91.33697,41.65028],[-91.34673,41.65038],[-91.3467,41.66127],[-91.34782,41.66128],[-91.34782,41.66328],[-91.34674,41.66293],[-91.34669,41.66677],[-91.34888,41.66457],[-91.35045,41.66417],[-91.35603,41.66428],[-91.35595,41.67123],[-91.36132,41.67109],[-91.36128,41.66744],[-91.3663,41.66735],[-91.36629,41.67833],[-91.36889,41.67834],[-91.36887,41.68053]]]}},{"type":"Feature","properties":{"name":"West Burlington","county":"Des Moines","type":"city"},"geometry":{"type":"Polygon","coordinates":[[[-91.21326,40.83411],[-91.17978,40.83356],[-91.17979,40.8346],[-91.17877,40.83507],[-91.17869,40.83558],[-91.17506,40.8355],[-91.17485,40.83663],[-91.17098,40.8366],[-91.17274,40.83808],[-91.17029,40.83982],[-91.1703,40.84081],[-91.16072,40.84066],[-91.16069,40.83352],[-91.16638,40.83336],[-91.16632,40.8281],[-91.16065,40.82808],[-91.16065,40.82605],[-91.14615,40.82595],[-91.14619,40.81465],[-91.15314,40.81378],[-91.15317,40.81147],[-91.15482,40.81089],[-91.15511,40.80792],[-91.15694,40.80796],[-91.15779,40.80546],[-91.16396,40.80551],[-91.1636,40.80229],[-91.16572,40.80232],[-91.16576,40.80028],[-91.16814,40.79959],[-91.17135,40.80059],[-91.18019,40.80068],[-91.17987,40.81172],[-91.17712,40.81169],[-91.19559,40.82143],[-91.20407,40.82393],[-91.21109,40.82402],[-91.21097,40.82676],[-91.21328,40.82681],[-91.21326,40.83411]]]}},{"type":"Feature","properties":{"name":"West Chester","county":"Washington","type":"city"},"geometry":{"type":"Polygon","coordinates":[[[-91.8219,41.34367],[-91.81223,41.34371],[-91.81201,41.33638],[-91.82166,41.33638],[-91.8219,41.34367]]]}},{"type":"Feature","properties":{"name":"West Des Moines","county":"Polk","type":"city"},"geometry":{"type":"Polygon","coordinates":[[[-93.88575,41.51685],[-93.88335,41.51708],[-93.881,41.51657],[-93.87941,41.51537],[-93.87356,41.51588],[-93.87347,41.5195],[-93.86679,41.5201],[-93.86666,41.54892],[-93.84753,41.55053],[-93.84746,41.55767],[-93.84395,41.55797],[-93.84399,41.55459],[-93.84272,41.5547],[-93.84269,41.55808],[-93.83534,41.55875],[-93.83518,41.56196],[-93.83312,41.56266],[-93.83309,41.5662],[-93.83544,41.56599],[-93.83678,41.56382],[-93.83787,41.56372],[-93.83786,41.56577],[-93.84737,41.56491],[-93.84741,41.56129],[-93.85326,41.56083],[-93.8522,41.55729],[-93.85571,41.55701],[-93.85524,41.55882],[-93.85327,41.55787],[-93.85387,41.56078],[-93.85692,41.56053],[-93.85692,41.55876],[-93.86174,41.55836],[-93.86175,41.55653],[-93.86659,41.55615],[-93.8666,41.55973],[-93.86173,41.56014],[-93.86175,41.56559],[-93.85765,41.56704],[-93.83768,41.5773],[-93.83763,41.58024],[-93.84236,41.57979],[-93.8425,41.59327],[-93.84348,41.59511],[-93.84342,41.60041],[-93.72424,41.60035],[-93.71953,41.59742],[-93.71859,41.59642],[-93.71823,41.59554],[-93.71813,41.59271],[-93.71551,41.59157],[-93.70958,41.59183],[-93.70616,41.58915],[-93.70472,41.58915],[-93.7047,41.5882],[-93.70346,41.5882],[-93.70318,41.52658],[-93.69836,41.52657],[-93.6981,41.51198],[-93.73196,41.51209],[-93.73169,41.5013],[-93.73639,41.50132],[-93.7364,41.49766],[-93.74114,41.4977],[-93.74102,41.49046],[-93.75065,41.49052],[-93.75062,41.48926],[-93.75319,41.48924],[-93.75322,41.4905],[-93.76276,41.49044],[-93.76215,41.49309],[-93.76055,41.49556],[-93.76061,41.4976],[-93.76547,41.49762],[-93.7656,41.50493],[-93.75103,41.50505],[-93.75098,41.50214],[-93.7414,41.50399],[-93.74143,41.50503],[-93.73847,41.50501],[-93.73662,41.50588],[-93.73669,41.50863],[-93.74152,41.50866],[-93.74159,41.512],[-93.76568,41.51199],[-93.76569,41.51324],[-93.76776,41.51324],[-93.76922,41.51396],[-93.77051,41.51396],[-93.7705,41.51199],[-93.77953,41.51196],[-93.77964,41.49416],[-93.7906,41.49414],[-93.7906,41.4976],[-93.79531,41.49723],[-93.79533,41.50081],[-93.7906,41.50126],[-93.79062,41.50486],[-93.78264,41.50487],[-93.78248,41.51195],[-93.78077,41.51195],[-93.77915,41.51517],[-93.77574,41.51952],[-93.78381,41.51927],[-93.78382,41.5229],[-93.7802,41.52292],[-93.7802,41.52175],[-93.77593,41.52178],[-93.77459,41.52388],[-93.77544,41.52514],[-93.77443,41.52805],[-93.77514,41.53298],[-93.7801,41.53367],[-93.78166,41.53307],[-93.78251,41.53153],[-93.78276,41.52948],[-93.78523,41.5281],[-93.78637,41.53016],[-93.78499,41.53276],[-93.78528,41.53521],[-93.78686,41.53628],[-93.78944,41.53642],[-93.79053,41.53549],[-93.79052,41.53339],[-93.79101,41.53334],[-93.79235,41.5295],[-93.79193,41.52781],[-93.79293,41.5266],[-93.796,41.52617],[-93.79827,41.52733],[-93.79869,41.53082],[-93.80139,41.53045],[-93.80499,41.53063],[-93.80873,41.53183],[-93.81433,41.53167],[-93.81438,41.52805],[-93.81647,41.52521],[-93.8192,41.52401],[-93.8192,41.52255],[-93.82369,41.52016],[-93.82863,41.51958],[-93.82864,41.50875],[-93.83339,41.5084],[-93.83334,41.50139],[-93.84773,41.50023],[-93.84778,41.50373],[-93.84286,41.50414],[-93.84288,41.50765],[-93.8557,41.50662],[-93.85419,41.50769],[-93.85418,41.50961],[-93.85517,41.51091],[-93.85721,41.51003],[-93.86194,41.50964],[-93.86195,41.50609],[-93.8739,41.50512],[-93.874,41.50422],[-93.87625,41.50392],[-93.87626,41.49767],[-93.87694,41.49723],[-93.88199,41.49716],[-93.88165,41.50727],[-93.88262,41.51001],[-93.88697,41.5145],[-93.88575,41.51685]]]}},{"type":"Feature","properties":{"name":"West Liberty","county":"Muscatine","type":"city"},"geometry":{"type":"Polygon","coordinates":[[[-91.2753,41.57179],[-91.27032,41.57183],[-91.2703,41.57312],[-91.27205,41.57433],[-91.27201,41.57598],[-91.27064,41.57597],[-91.2706,41.5788],[-91.27017,41.5788],[-91.27009,41.58263],[-91.26823,41.58264],[-91.26825,41.58597],[-91.26286,41.58595],[-91.26283,41.58995],[-91.25781,41.58996],[-91.25793,41.58702],[-91.25941,41.58592],[-91.25793,41.58588],[-91.25843,41.58393],[-91.25254,41.58288],[-91.25257,41.57878],[-91.2533,41.57544],[-91.25472,41.57543],[-91.25472,41.57318],[-91.25223,41.57372],[-91.24811,41.57366],[-91.2482,41.56825],[-91.25154,41.56965],[-91.25289,41.56985],[-91.25445,41.56759],[-91.24987,41.56696],[-91.25366,41.5664],[-91.25372,41.56337],[-91.25653,41.56279],[-91.2565,41.56446],[-91.2615,41.56404],[-91.26182,41.5609],[-91.25799,41.56092],[-91.25799,41.55971],[-91.25563,41.559],[-91.25795,41.55681],[-91.25793,41.55613],[-91.26444,41.55607],[-91.26457,41.56091],[-91.26606,41.561],[-91.26821,41.55944],[-91.26811,41.56445],[-91.27529,41.56438],[-91.2753,41.57179]]]}},{"type":"Feature","properties":{"name":"West Okoboji","county":"Dickinson","type":"city"},"geometry":{"type":"Polygon","coordinates":[[[-95.17996,43.35703],[-95.17562,43.35708],[-95.17287,43.35446],[-95.16917,43.35317],[-95.16522,43.35355],[-95.16068,43.35549],[-95.15984,43.35509],[-95.16084,43.3518],[-95.15862,43.3498],[-95.15669,43.34951],[-95.15148,43.34973],[-95.14999,43.35063],[-95.14764,43.35561],[-95.14831,43.35815],[-95.14611,43.36078],[-95.14384,43.36075],[-95.14161,43.3595],[-95.14202,43.35704],[-95.14211,43.3534],[-95.14447,43.35343],[-95.14658,43.34874],[-95.14993,43.34745],[-95.14997,43.34246],[-95.16482,43.34246],[-95.16491,43.33881],[-95.16974,43.33879],[-95.16976,43.34245],[-95.17964,43.34247],[-95.17996,43.35703]]]}},{"type":"Feature","properties":{"name":"West Point","county":"Lee","type":"city"},"geometry":{"type":"Polygon","coordinates":[[[-91.46106,40.71132],[-91.45665,40.7113],[-91.45665,40.71349],[-91.45852,40.71381],[-91.4586,40.72223],[-91.45114,40.72228],[-91.44891,40.72263],[-91.449,40.71939],[-91.44698,40.71809],[-91.44434,40.71815],[-91.44435,40.71532],[-91.44663,40.71532],[-91.44663,40.71337],[-91.44833,40.71338],[-91.4482,40.71207],[-91.44618,40.71145],[-91.44618,40.71011],[-91.44812,40.71011],[-91.44829,40.70406],[-91.44989,40.70406],[-91.44989,40.70714],[-91.4513,40.7052],[-91.4516,40.70876],[-91.45852,40.70792],[-91.46108,40.7072],[-91.46106,40.71132]]]}},{"type":"Feature","properties":{"name":"West Union","county":"Fayette","type":"city"},"geometry":{"type":"Polygon","coordinates":[[[-91.82442,42.97512],[-91.8046,42.97497],[-91.80413,42.97614],[-91.80214,42.97752],[-91.80102,42.97554],[-91.79961,42.97555],[-91.79958,42.96277],[-91.79657,42.96282],[-91.79641,42.96046],[-91.79949,42.95959],[-91.79933,42.94982],[-91.81417,42.94982],[-91.81421,42.93529],[-91.82413,42.93531],[-91.82442,42.97512]]]}},{"type":"Feature","properties":{"name":"Westfield","county":"Plymouth","type":"city"},"geometry":{"type":"Polygon","coordinates":[[[-96.61037,42.75813],[-96.60052,42.75795],[-96.60045,42.75422],[-96.61069,42.75446],[-96.61037,42.75813]]]}},{"type":"Feature","properties":{"name":"Westgate","county":"Fayette","type":"city"},"geometry":{"type":"Polygon","coordinates":[[[-92.00183,42.77256],[-91.9896,42.77257],[-91.98949,42.76411],[-92.00176,42.76411],[-92.00183,42.77256]]]}},{"type":"Feature","properties":{"name":"Weston","county":"Pottawattamie","type":"community"},"geometry":{"type":"Polygon","coordinates":[[[-95.7518,41.34723],[-95.74131,41.34721],[-95.74082,41.34416],[-95.73631,41.34423],[-95.73598,41.3418],[-95.73907,41.33993],[-95.74313,41.33636],[-95.74722,41.33633],[-95.75078,41.34068],[-95.75176,41.34461],[-95.7518,41.34723]]]}},{"type":"Feature","properties":{"name":"Westphalia","county":"Shelby","type":"city"},"geometry":{"type":"MultiPolygon","coordinates":[[[[-95.39258,41.71805],[-95.38762,41.71803],[-95.38764,41.71657],[-95.39256,41.71659],[-95.39258,41.71805]]],[[[-95.39757,41.72223],[-95.39267,41.72219],[-95.39258,41.71805],[-95.39748,41.71809],[-95.39757,41.72223]]]]}},{"type":"Feature","properties":{"name":"Westside","county":"Crawford","type":"city"},"geometry":{"type":"Polygon","coordinates":[[[-95.11098,42.08648],[-95.09169,42.08647],[-95.09182,42.06487],[-95.111,42.06491],[-95.11098,42.08648]]]}},{"type":"Feature","properties":{"name":"Westwood","county":"Henry","type":"city"},"geometry":{"type":"Polygon","coordinates":[[[-91.63226,40.96399],[-91.62915,40.96675],[-91.62242,40.96682],[-91.62202,40.96344],[-91.6291,40.96343],[-91.63106,40.9629],[-91.63226,40.96399]]]}},{"type":"Feature","properties":{"name":"Wever","county":"Lee","type":"community"},"geometry":{"type":"Polygon","coordinates":[[[-91.24462,40.69649],[-91.24113,40.70106],[-91.23606,40.70857],[-91.23081,40.71481],[-91.22785,40.71757],[-91.21907,40.71736],[-91.2153,40.7164],[-91.214,40.71488],[-91.2167,40.71352],[-91.21549,40.71181],[-91.21671,40.70937],[-91.21975,40.70762],[-91.22015,40.69563],[-91.24334,40.69604],[-91.24462,40.69649]]]}},{"type":"Feature","properties":{"name":"What Cheer","county":"Keokuk","type":"city"},"geometry":{"type":"Polygon","coordinates":[[[-92.36437,41.40878],[-92.34507,41.4088],[-92.345,41.39066],[-92.36432,41.3906],[-92.36437,41.40878]]]}},{"type":"Feature","properties":{"name":"Wheatland","county":"Clinton","type":"city"},"geometry":{"type":"Polygon","coordinates":[[[-90.8461,41.8315],[-90.84603,41.83681],[-90.84392,41.83679],[-90.84457,41.83808],[-90.84012,41.83832],[-90.84007,41.84046],[-90.83527,41.84044],[-90.83525,41.83673],[-90.83058,41.83677],[-90.83071,41.8276],[-90.83568,41.82707],[-90.8397,41.82814],[-90.83916,41.82592],[-90.8364,41.82438],[-90.84035,41.8244],[-90.8403,41.82845],[-90.84238,41.8295],[-90.84511,41.82951],[-90.84508,41.83107],[-90.8461,41.8315]]]}},{"type":"Feature","properties":{"name":"Whiting","county":"Monona","type":"city"},"geometry":{"type":"Polygon","coordinates":[[[-96.1606,42.12007],[-96.16036,42.13471],[-96.14088,42.13447],[-96.14106,42.11957],[-96.1606,42.12007]]]}},{"type":"Feature","properties":{"name":"Whittemore","county":"Kossuth","type":"city"},"geometry":{"type":"Polygon","coordinates":[[[-94.43296,43.06722],[-94.41827,43.06736],[-94.41816,43.05857],[-94.42306,43.05857],[-94.42675,43.06004],[-94.43293,43.05999],[-94.43296,43.06722]]]}},{"type":"Feature","properties":{"name":"Whitten","county":"Hardin","type":"city"},"geometry":{"type":"Polygon","coordinates":[[[-93.02137,42.26695],[-93.00193,42.26718],[-93.00187,42.25628],[-93.01159,42.25619],[-93.01163,42.26344],[-93.02134,42.26331],[-93.02137,42.26695]]]}},{"type":"Feature","properties":{"name":"Willey","county":"Carroll","type":"city"},"geometry":{"type":"Polygon","coordinates":[[[-94.82722,41.98237],[-94.81751,41.9824],[-94.81762,41.97517],[-94.82729,41.97514],[-94.82722,41.98237]]]}},{"type":"Feature","properties":{"name":"Williams","county":"Hamilton","type":"city"},"geometry":{"type":"Polygon","coordinates":[[[-93.54831,42.4965],[-93.53845,42.49649],[-93.53847,42.50015],[-93.53363,42.50015],[-93.53348,42.48552],[-93.53839,42.48559],[-93.53838,42.48377],[-93.54272,42.48381],[-93.54328,42.48196],[-93.53838,42.48193],[-93.53834,42.4783],[-93.54814,42.47834],[-93.54831,42.4965]]]}},{"type":"Feature","properties":{"name":"Williamsburg","county":"Iowa","type":"city"},"geometry":{"type":"Polygon","coordinates":[[[-92.03676,41.66645],[-92.02689,41.6665],[-92.02685,41.66826],[-92.02288,41.66748],[-92.01716,41.66745],[-92.01713,41.67005],[-92.00977,41.67001],[-92.00985,41.67363],[-92.01228,41.67365],[-92.0124,41.6773],[-92.01713,41.67738],[-92.01717,41.68771],[-92.01482,41.68772],[-92.01476,41.69503],[-92.00837,41.69497],[-92.00835,41.69322],[-91.99784,41.69312],[-91.99792,41.68698],[-92.0011,41.68607],[-92.00554,41.68563],[-92.00501,41.67357],[-91.99492,41.67345],[-91.99607,41.6704],[-91.99868,41.66633],[-91.99308,41.66628],[-91.99313,41.66446],[-91.98837,41.66446],[-91.98847,41.65997],[-91.98907,41.66033],[-91.99201,41.66072],[-91.99205,41.65903],[-91.99327,41.65904],[-91.99325,41.65722],[-91.99806,41.65726],[-91.99802,41.64998],[-92.01239,41.65009],[-92.01245,41.6519],[-92.01975,41.65193],[-92.01999,41.65557],[-92.02458,41.65557],[-92.02452,41.65922],[-92.03676,41.65921],[-92.03676,41.66645]]]}},{"type":"Feature","properties":{"name":"Williamson","county":"Lucas","type":"city"},"geometry":{"type":"Polygon","coordinates":[[[-93.26067,41.08102],[-93.26056,41.09548],[-93.25296,41.09547],[-93.25331,41.09292],[-93.25322,41.08103],[-93.26067,41.08102]]]}},{"type":"Feature","properties":{"name":"Wilton","county":"Muscatine","type":"city"},"geometry":{"type":"Polygon","coordinates":[[[-91.05741,41.58378],[-91.05108,41.58377],[-91.05107,41.58662],[-91.04643,41.58688],[-91.04633,41.58886],[-91.04302,41.58885],[-91.04296,41.59741],[-91.02186,41.5974],[-91.02185,41.59946],[-91.01799,41.59945],[-91.018,41.5989],[-91.01654,41.5989],[-91.01655,41.59741],[-91.00529,41.59738],[-91.0053,41.5961],[-91.00737,41.59422],[-91.00862,41.59423],[-91.00838,41.59184],[-91.00637,41.59187],[-91.00648,41.58449],[-91.01119,41.58443],[-91.01131,41.58082],[-91.01881,41.58069],[-91.01885,41.5835],[-91.02386,41.58361],[-91.02384,41.58628],[-91.04886,41.58178],[-91.05746,41.57979],[-91.05741,41.58378]]]}},{"type":"Feature","properties":{"name":"Windsor Heights","county":"Polk","type":"city"},"geometry":{"type":"Polygon","coordinates":[[[-93.72678,41.61473],[-93.70376,41.61489],[-93.70355,41.59184],[-93.71304,41.59184],[-93.7133,41.59156],[-93.71551,41.59157],[-93.71813,41.59271],[-93.71823,41.59554],[-93.71859,41.59642],[-93.7181,41.60038],[-93.71958,41.60769],[-93.72535,41.60766],[-93.72538,41.60844],[-93.72674,41.60845],[-93.72678,41.61473]]]}},{"type":"Feature","properties":{"name":"Winfield","county":"Henry","type":"city"},"geometry":{"type":"Polygon","coordinates":[[[-91.44868,41.12266],[-91.44751,41.12266],[-91.44753,41.13363],[-91.42832,41.13316],[-91.42817,41.11859],[-91.44437,41.11893],[-91.44437,41.11745],[-91.44754,41.11751],[-91.44752,41.11998],[-91.44869,41.11999],[-91.44868,41.12266]]]}},{"type":"Feature","properties":{"name":"Winterset","county":"Madison","type":"city"},"geometry":{"type":"Polygon","coordinates":[[[-94.04224,41.34473],[-94.03946,41.34422],[-94.03861,41.3432],[-94.03622,41.34436],[-94.03279,41.34474],[-94.03279,41.345],[-94.02671,41.34494],[-94.02671,41.34904],[-94.02307,41.34905],[-94.02307,41.36327],[-94.02551,41.36327],[-94.02552,41.36642],[-94.02404,41.36641],[-94.01681,41.35913],[-94.01823,41.35914],[-94.01822,41.35553],[-94.01357,41.35632],[-94.01368,41.35402],[-94.0121,41.35404],[-94.012,41.35565],[-94.01076,41.35754],[-94.00796,41.35751],[-94.00796,41.36092],[-94.01155,41.36104],[-94.0107,41.36248],[-94.0107,41.36635],[-94.00927,41.36633],[-94.00926,41.36816],[-94.0079,41.36813],[-94.00788,41.36995],[-94.00303,41.36989],[-94.00297,41.38073],[-93.99341,41.38061],[-93.99344,41.37338],[-93.99056,41.37336],[-93.99061,41.37151],[-93.99231,41.37154],[-93.99237,41.36613],[-93.98986,41.36285],[-93.99298,41.36248],[-93.99349,41.36583],[-93.99463,41.36747],[-93.99899,41.36748],[-94.00072,41.36623],[-94.00086,41.36235],[-94.00226,41.36036],[-94.00228,41.35694],[-94.00081,41.35692],[-94.0008,41.35898],[-93.99835,41.35896],[-93.99829,41.35176],[-94.00069,41.35186],[-94.0007,41.35481],[-94.00282,41.35183],[-94.00551,41.35183],[-94.00548,41.3482],[-93.99827,41.34815],[-93.99829,41.34562],[-94.00047,41.34564],[-94.0005,41.34455],[-93.99711,41.34453],[-93.99738,41.33809],[-93.99799,41.33447],[-93.99339,41.33447],[-93.99336,41.33324],[-94.0002,41.33322],[-94.00303,41.32908],[-94.00303,41.32009],[-93.99785,41.3205],[-93.99847,41.31842],[-93.99854,41.31566],[-94.00331,41.31566],[-94.00327,41.31928],[-94.0044,41.319],[-94.00544,41.32186],[-94.00505,41.32317],[-94.0055,41.32618],[-94.01834,41.32637],[-94.01832,41.32282],[-94.01653,41.32281],[-94.01641,41.32082],[-94.02316,41.32108],[-94.02314,41.31905],[-94.03031,41.31929],[-94.03016,41.31979],[-94.02741,41.32197],[-94.02647,41.32528],[-94.02523,41.32648],[-94.02597,41.32649],[-94.02596,41.33024],[-94.034,41.33029],[-94.03363,41.33178],[-94.03265,41.33177],[-94.03267,41.33357],[-94.0348,41.33357],[-94.03484,41.3357],[-94.04223,41.33567],[-94.04224,41.34473]]]}},{"type":"Feature","properties":{"name":"Winthrop","county":"Buchanan","type":"city"},"geometry":{"type":"Polygon","coordinates":[[[-91.75743,42.46835],[-91.74044,42.47125],[-91.7405,42.47661],[-91.73682,42.47662],[-91.73684,42.47936],[-91.72709,42.47937],[-91.72699,42.47293],[-91.72929,42.47193],[-91.72927,42.46845],[-91.72855,42.46845],[-91.72876,42.46463],[-91.73218,42.46572],[-91.73357,42.46475],[-91.7434,42.4648],[-91.74331,42.4684],[-91.74272,42.4684],[-91.74291,42.4704],[-91.74168,42.47039],[-91.74173,42.46841],[-91.7404,42.46842],[-91.74044,42.47107],[-91.74661,42.47005],[-91.74661,42.46838],[-91.74826,42.46838],[-91.7484,42.46185],[-91.75324,42.46328],[-91.7532,42.46835],[-91.75743,42.46835]]]}},{"type":"Feature","properties":{"name":"Wiota","county":"Cass","type":"city"},"geometry":{"type":"Polygon","coordinates":[[[-94.89323,41.40355],[-94.89215,41.40354],[-94.89244,41.40717],[-94.89019,41.4072],[-94.89029,41.40417],[-94.88206,41.40425],[-94.88212,41.39643],[-94.89169,41.39632],[-94.89162,41.402],[-94.89262,41.40268],[-94.89323,41.40355]]]}},{"type":"Feature","properties":{"name":"Woden","county":"Hancock","type":"city"},"geometry":{"type":"Polygon","coordinates":[[[-93.92129,43.23431],[-93.90155,43.23437],[-93.90152,43.22722],[-93.92126,43.22716],[-93.92129,43.23431]]]}},{"type":"Feature","properties":{"name":"Woodbine","county":"Harrison","type":"city"},"geometry":{"type":"Polygon","coordinates":[[[-95.73173,41.74389],[-95.71233,41.74364],[-95.71224,41.74595],[-95.71026,41.74595],[-95.71026,41.74727],[-95.70743,41.74726],[-95.70459,41.74496],[-95.69702,41.74496],[-95.69848,41.74189],[-95.70204,41.74192],[-95.70126,41.74049],[-95.69909,41.7405],[-95.69989,41.73824],[-95.6979,41.73824],[-95.69793,41.73087],[-95.70141,41.73089],[-95.70274,41.72776],[-95.70281,41.72192],[-95.71266,41.72192],[-95.71254,41.72549],[-95.7165,41.72294],[-95.71886,41.7256],[-95.71502,41.72555],[-95.71497,41.73105],[-95.71651,41.73106],[-95.7165,41.73277],[-95.71727,41.73369],[-95.71853,41.73279],[-95.72209,41.73284],[-95.72205,41.73646],[-95.72687,41.73651],[-95.72684,41.74021],[-95.73175,41.74031],[-95.73173,41.74389]]]}},{"type":"Feature","properties":{"name":"Woodburn","county":"Clarke","type":"city"},"geometry":{"type":"Polygon","coordinates":[[[-93.60493,41.01563],[-93.58574,41.01553],[-93.58577,41.00822],[-93.59526,41.00829],[-93.59536,41.00473],[-93.605,41.00472],[-93.60493,41.01563]]]}},{"type":"Feature","properties":{"name":"Woodward","county":"Dallas","type":"city"},"geometry":{"type":"Polygon","coordinates":[[[-93.93109,41.86318],[-93.92658,41.86321],[-93.92682,41.88326],[-93.90747,41.88331],[-93.9075,41.87063],[-93.91207,41.87063],[-93.91259,41.84969],[-93.91973,41.84974],[-93.91964,41.84248],[-93.91725,41.84247],[-93.91717,41.83884],[-93.91503,41.83883],[-93.91482,41.83474],[-93.91367,41.83409],[-93.91239,41.83191],[-93.91246,41.82063],[-93.91388,41.82145],[-93.91333,41.82406],[-93.91511,41.82426],[-93.9156,41.82062],[-93.93095,41.82058],[-93.93101,41.84253],[-93.92723,41.84252],[-93.92718,41.84974],[-93.93098,41.84974],[-93.93109,41.86318]]]}},{"type":"Feature","properties":{"name":"Woolstock","county":"Wright","type":"city"},"geometry":{"type":"Polygon","coordinates":[[[-93.85337,42.57205],[-93.83296,42.572],[-93.83288,42.55751],[-93.85335,42.5575],[-93.85337,42.57205]]]}},{"type":"Feature","properties":{"name":"Worthington","county":"Dubuque","type":"city"},"geometry":{"type":"Polygon","coordinates":[[[-91.13062,42.4029],[-91.12857,42.4029],[-91.12859,42.40454],[-91.12568,42.40454],[-91.12259,42.40084],[-91.11177,42.40088],[-91.1118,42.39633],[-91.11424,42.39634],[-91.11423,42.39357],[-91.11674,42.39358],[-91.11598,42.3924],[-91.12162,42.39239],[-91.12162,42.39362],[-91.12652,42.3936],[-91.12649,42.40085],[-91.13062,42.40085],[-91.13062,42.4029]]]}},{"type":"Feature","properties":{"name":"Wyoming","county":"Jones","type":"city"},"geometry":{"type":"Polygon","coordinates":[[[-91.01463,42.05597],[-91.01461,42.06317],[-90.99563,42.06318],[-90.99578,42.05592],[-91.01463,42.05597]]]}},{"type":"Feature","properties":{"name":"Yale","county":"Guthrie","type":"city"},"geometry":{"type":"Polygon","coordinates":[[[-94.36275,41.77096],[-94.36264,41.77925],[-94.35283,41.77924],[-94.35292,41.77104],[-94.36275,41.77096]]]}},{"type":"Feature","properties":{"name":"Yarmouth","county":"Des Moines","type":"community"},"geometry":{"type":"Polygon","coordinates":[[[-91.34267,41.03101],[-91.30383,41.03105],[-91.30399,41.02598],[-91.30834,41.01646],[-91.33312,41.01646],[-91.33302,41.02369],[-91.34281,41.02358],[-91.34267,41.03101]]]}},{"type":"Feature","properties":{"name":"Yetter","county":"Calhoun","type":"city"},"geometry":{"type":"Polygon","coordinates":[[[-94.84805,42.31803],[-94.83829,42.31793],[-94.83816,42.31431],[-94.8465,42.3143],[-94.84798,42.31405],[-94.84805,42.31803]]]}},{"type":"Feature","properties":{"name":"Yorktown","county":"Page","type":"city"},"geometry":{"type":"Polygon","coordinates":[[[-95.15909,40.73891],[-95.14848,40.73892],[-95.14843,40.73443],[-95.159,40.72948],[-95.15909,40.73891]]]}},{"type":"Feature","properties":{"name":"Zearing","county":"Story","type":"city"},"geometry":{"type":"Polygon","coordinates":[[[-93.30446,42.16619],[-93.28989,42.16611],[-93.2899,42.15167],[-93.30448,42.1517],[-93.30446,42.16619]]]}},{"type":"Feature","properties":{"name":"Zwingle","county":"Dubuque","type":"city"},"geometry":{"type":"Polygon","coordinates":[[[-90.69136,42.29941],[-90.68804,42.29921],[-90.68719,42.30209],[-90.68565,42.30235],[-90.68318,42.29464],[-90.68514,42.29472],[-90.68514,42.2937],[-90.68999,42.29372],[-90.69002,42.29484],[-90.69143,42.29482],[-90.69136,42.29941]]]}}]}