{"type": "FeatureCollection", "features": [{"type": "Feature", "geometry": {"type": "Point", "coordinates": [-91.67, 41.975]}, "properties": {"Name": "605 CENTER", "Category": "Correctional Facility", "Type": "CORRECTIONAL INSTITUTIONS", "Address": "53 3RD AVENUE BRIDGE", "City": "Cedar Rapids", "County": "LINN", "Zip": "52401", "ExcessLow": 62.205, "ExcessHigh": 102.456, "UniqueID": "CF3148", "LocationSource": "source file"}}, {"type": "Feature", "geometry": {"type": "Point", "coordinates": [-91.611, 41.713]}, "properties": {"Name": "605 CENTER", "Category": "Correctional Facility", "Type": "CORRECTIONAL INSTITUTIONS", "Address": "2700 CORAL RIDGE AVE", "City": "Coralville", "County": "JOHNSON", "Zip": "52241", "ExcessLow": 90.748, "ExcessHigh": 149.468, "UniqueID": "CF3457", "LocationSource": "source file"}}, {"type": "Feature", "geometry": {"type": "Point", "coordinates": [-91.298, 40.652]}, "properties": {"Name": "605 CENTER", "Category": "Correctional Facility", "Type": "CORRECTIONAL INSTITUTIONS", "Address": "2111 330TH AVENUE", "City": "Fort Madison", "County": "LEE", "Zip": "52627", "ExcessLow": 119.756, "ExcessHigh": 197.246, "UniqueID": "CF3698", "LocationSource": "source file"}}, {"type": "Feature", "geometry": {"type": "Point", "coordinates": [-93.364, 41.663]}, "properties": {"Name": "605 CENTER", "Category": "Correctional Facility", "Type": "CORRECTIONAL INSTITUTIONS", "Address": "420 MILL STREET SOUTHWEST", "City": "Mitchellville", "County": "POLK", "Zip": "50169", "ExcessLow": 120.067, "ExcessHigh": 197.757, "UniqueID": "CF3699", "LocationSource": "source file"}}, {"type": "Feature", "geometry": {"type": "Point", "coordinates": [-91.537, 40.964]}, "properties": {"Name": "605 CENTER", "Category": "Correctional Facility", "Type": "CORRECTIONAL INSTITUTIONS", "Address": "1200 EAST WASHINGTON STREET", "City": "Mount Pleasant", "County": "HENRY", "Zip": "52641", "ExcessLow": 120.377, "ExcessHigh": 198.268, "UniqueID": "CF3702", "LocationSource": "source file"}}, {"type": "Feature", "geometry": {"type": "Point", "coordinates": [-91.289, 42.111]}, "properties": {"Name": "605 CENTER", "Category": "Correctional Facility", "Type": "CORRECTIONAL INSTITUTIONS", "Address": "406 N HIGH ST", "City": "Anamosa", "County": "JONES", "Zip": "52205", "ExcessLow": 141.319, "ExcessHigh": 232.76, "UniqueID": "CF3830", "LocationSource": "source file"}}, {"type": "Feature", "geometry": {"type": "Point", "coordinates": [-95.038, 40.754]}, "properties": {"Name": "605 CENTER", "Category": "Correctional Facility", "Type": "CORRECTIONAL INSTITUTIONS", "Address": "2000 NORTH 16TH STREET", "City": "Clarinda", "County": "PAGE", "Zip": "51632", "ExcessLow": 149.075, "ExcessHigh": 245.535, "UniqueID": "CF3874", "LocationSource": "source file"}}, {"type": "Feature", "geometry": {"type": "Point", "coordinates": [-93.056, 41.627]}, "properties": {"Name": "605 CENTER", "Category": "Correctional Facility", "Type": "CORRECTIONAL INSTITUTIONS", "Address": "307 SOUTH 60TH AVENUE WEST", "City": "Newton", "County": "JASPER", "Zip": "50208", "ExcessLow": 157.297, "ExcessHigh": 259.077, "UniqueID": "CF3926", "LocationSource": "source file"}}, {"type": "Feature", "geometry": {"type": "Point", "coordinates": [-94.192, 42.486]}, "properties": {"Name": "605 CENTER", "Category": "Correctional Facility", "Type": "CORRECTIONAL INSTITUTIONS", "Address": "1550 L STREET", "City": "Fort Dodge", "County": "WEBSTER", "Zip": "50501", "ExcessLow": 180.255, "ExcessHigh": 296.891, "UniqueID": "CF4078", "LocationSource": "source file"}}, {"type": "Feature", "geometry": {"type": "Point", "coordinates": [-93.588, 41.654]}, "properties": {"Name": "605 CENTER", "Category": "Correctional Facility", "Type": "CORRECTIONAL INSTITUTIONS", "Address": "1985 NE 51ST PL", "City": "Des Moines", "County": "POLK", "Zip": "50309", "ExcessLow": 232.688, "ExcessHigh": 383.25, "UniqueID": "CF4304", "LocationSource": "source file"}}, {"type": "Feature", "geometry": {"type": "Point", "coordinates": [-93.61, 41.592]}, "properties": {"Name": "American College of Hairstyling-Des Moines", "Category": "Educational Institution", "Type": "Postsecondary", "Address": "603 E Sixth St", "City": "Des Moines", "County": "Polk", "Zip": "50309", "ExcessLow": 40.854, "ExcessHigh": 247.928, "UniqueID": "EDU2022376876", "LocationSource": "source file"}}, {"type": "Feature", "geometry": {"type": "Point", "coordinates": [-93.803, 41.563]}, "properties": {"Name": "Aveda Institute-Des Moines", "Category": "Educational Institution", "Type": "Postsecondary", "Address": "6905 Mills Civic Pkwy Suite 120", "City": "West Des Moines", "County": "Dallas", "Zip": "50266", "ExcessLow": 55.132, "ExcessHigh": 334.576, "UniqueID": "EDU2022377176", "LocationSource": "source file"}}, {"type": "Feature", "geometry": {"type": "Point", "coordinates": [-95.209, 42.642]}, "properties": {"Name": "Buena Vista University", "Category": "Educational Institution", "Type": "Postsecondary", "Address": "610 W 4th St", "City": "Storm Lake", "County": "Buena Vista", "Zip": "50588", "ExcessLow": 42.152, "ExcessHigh": 255.805, "UniqueID": "EDU2022376923", "LocationSource": "source file"}}, {"type": "Feature", "geometry": {"type": "Point", "coordinates": [-92.922, 41.402]}, "properties": {"Name": "Central College", "Category": "Educational Institution", "Type": "Postsecondary", "Address": "812 University", "City": "Pella", "County": "Marion", "Zip": "50219", "ExcessLow": 102.52, "ExcessHigh": 622.157, "UniqueID": "EDU2022377651", "LocationSource": "source file"}}, {"type": "Feature", "geometry": {"type": "Point", "coordinates": [-91.424, 41.925]}, "properties": {"Name": "Cornell College", "Category": "Educational Institution", "Type": "Postsecondary", "Address": "600 First St. SW", "City": "Mount Vernon", "County": "Linn", "Zip": "52314", "ExcessLow": 37.829, "ExcessHigh": 229.57, "UniqueID": "EDU2022376783", "LocationSource": "source file"}}, {"type": "Feature", "geometry": {"type": "Point", "coordinates": [-96.167, 43.083]}, "properties": {"Name": "Dordt University", "Category": "Educational Institution", "Type": "Postsecondary", "Address": "700 7th St SE", "City": "Sioux Center", "County": "Sioux", "Zip": "51250", "ExcessLow": 56.98, "ExcessHigh": 345.791, "UniqueID": "EDU2022377201", "LocationSource": "source file"}}, {"type": "Feature", "geometry": {"type": "Point", "coordinates": [-92.395, 41.045]}, "properties": {"Name": "Indian Hills Community College", "Category": "Educational Institution", "Type": "Postsecondary", "Address": "525 Grandview Ave", "City": "Ottumwa", "County": "Wapello", "Zip": "52501", "ExcessLow": 27.61, "ExcessHigh": 167.555, "UniqueID": "EDU2022376239", "LocationSource": "source file"}}, {"type": "Feature", "geometry": {"type": "Point", "coordinates": [-94.203, 42.49]}, "properties": {"Name": "Iowa Central Community College", "Category": "Educational Institution", "Type": "Postsecondary", "Address": "One Triton Circle", "City": "Fort Dodge", "County": "Webster", "Zip": "50501", "ExcessLow": 422.312, "ExcessHigh": 2562.858, "UniqueID": "EDU2022378355", "LocationSource": "source file"}}, {"type": "Feature", "geometry": {"type": "Point", "coordinates": [-92.418, 41.023]}, "properties": {"Name": "Iowa School of Beauty-Ottumwa", "Category": "Educational Institution", "Type": "Postsecondary", "Address": "609 W Second St", "City": "Ottumwa", "County": "Wapello", "Zip": "52501", "ExcessLow": 41.712, "ExcessHigh": 253.135, "UniqueID": "EDU2022376908", "LocationSource": "source file"}}, {"type": "Feature", "geometry": {"type": "Point", "coordinates": [-91.552, 40.974]}, "properties": {"Name": "Iowa Wesleyan University", "Category": "Educational Institution", "Type": "Postsecondary", "Address": "601 N Main Street", "City": "Mount Pleasant", "County": "Henry", "Zip": "52641", "ExcessLow": 39.864, "ExcessHigh": 241.92, "UniqueID": "EDU2022376844", "LocationSource": "source file"}}, {"type": "Feature", "geometry": {"type": "Point", "coordinates": [-91.651, 41.911]}, "properties": {"Name": "Kirkwood Community College", "Category": "Educational Institution", "Type": "Postsecondary", "Address": "6301 Kirkwood Blvd SW", "City": "Cedar Rapids", "County": "Linn", "Zip": "52406", "ExcessLow": 46.068, "ExcessHigh": 279.57, "UniqueID": "EDU2022377013", "LocationSource": "source file"}}, {"type": "Feature", "geometry": {"type": "Point", "coordinates": [-92.434, 42.515]}, "properties": {"Name": "La James International College-Cedar Falls", "Category": "Educational Institution", "Type": "Postsecondary", "Address": "6322 University Ave", "City": "Cedar Falls", "County": "Black Hawk", "Zip": "50613", "ExcessLow": 46.398, "ExcessHigh": 281.573, "UniqueID": "EDU2022377023", "LocationSource": "source file"}}, {"type": "Feature", "geometry": {"type": "Point", "coordinates": [-90.568, 41.573]}, "properties": {"Name": "La James International College-Davenport", "Category": "Educational Institution", "Type": "Postsecondary", "Address": "5205 North Brady Street", "City": "Davenport", "County": "Scott", "Zip": "52806", "ExcessLow": 27.291, "ExcessHigh": 165.619, "UniqueID": "EDU2022376197", "LocationSource": "source file"}}, {"type": "Feature", "geometry": {"type": "Point", "coordinates": [-93.739, 41.661]}, "properties": {"Name": "La James International College-Johnston", "Category": "Educational Institution", "Type": "Postsecondary", "Address": "8805 Chambery Blvd", "City": "Johnston", "County": "Polk", "Zip": "50131", "ExcessLow": 127.468, "ExcessHigh": 773.557, "UniqueID": "EDU2022377803", "LocationSource": "source file"}}, {"type": "Feature", "geometry": {"type": "Point", "coordinates": [-91.803, 43.312]}, "properties": {"Name": "Luther College", "Category": "Educational Institution", "Type": "Postsecondary", "Address": "700 College Drive", "City": "Decorah", "County": "Winneshiek", "Zip": "52101", "ExcessLow": 57.156, "ExcessHigh": 346.859, "UniqueID": "EDU2022377205", "LocationSource": "source file"}}, {"type": "Feature", "geometry": {"type": "Point", "coordinates": [-93.626, 41.595]}, "properties": {"Name": "Mercy College of Health Sciences", "Category": "Educational Institution", "Type": "Postsecondary", "Address": "928 6th Ave", "City": "Des Moines", "County": "Polk", "Zip": "50309", "ExcessLow": 171.237, "ExcessHigh": 1039.175, "UniqueID": "EDU2022377981", "LocationSource": "source file"}}, {"type": "Feature", "geometry": {"type": "Point", "coordinates": [-93.131, 43.157]}, "properties": {"Name": "North Iowa Area Community College", "Category": "Educational Institution", "Type": "Postsecondary", "Address": "500 College Dr", "City": "Mason City", "County": "Cerro Gordo", "Zip": "50401", "ExcessLow": 22.451, "ExcessHigh": 136.247, "UniqueID": "EDU2022375527", "LocationSource": "source file"}}, {"type": "Feature", "geometry": {"type": "Point", "coordinates": [-95.881, 43.185]}, "properties": {"Name": "Northwest Iowa Community College", "Category": "Educational Institution", "Type": "Postsecondary", "Address": "603 W Park St", "City": "Sheldon", "County": "Sioux", "Zip": "51201", "ExcessLow": 40.887, "ExcessHigh": 248.128, "UniqueID": "EDU2022376878", "LocationSource": "source file"}}, {"type": "Feature", "geometry": {"type": "Point", "coordinates": [-90.58, 41.541]}, "properties": {"Name": "Saint Ambrose University", "Category": "Educational Institution", "Type": "Postsecondary", "Address": "518 W Locust St", "City": "Davenport", "County": "Scott", "Zip": "52803", "ExcessLow": 26.851, "ExcessHigh": 162.949, "UniqueID": "EDU2022376153", "LocationSource": "source file"}}, {"type": "Feature", "geometry": {"type": "Point", "coordinates": [-93.563, 41.366]}, "properties": {"Name": "Simpson College", "Category": "Educational Institution", "Type": "Postsecondary", "Address": "701 North C St", "City": "Indianola", "County": "Warren", "Zip": "50125", "ExcessLow": 60.313, "ExcessHigh": 366.018, "UniqueID": "EDU2022377254", "LocationSource": "source file"}}, {"type": "Feature", "geometry": {"type": "Point", "coordinates": [-91.8, 42.838]}, "properties": {"Name": "Upper Iowa University", "Category": "Educational Institution", "Type": "Postsecondary", "Address": "605 Washington St", "City": "Fayette", "County": "Fayette", "Zip": "52142", "ExcessLow": 41.195, "ExcessHigh": 249.997, "UniqueID": "EDU2022376887", "LocationSource": "source file"}}, {"type": "Feature", "geometry": {"type": "Point", "coordinates": [-96.349, 42.483]}, "properties": {"Name": "Western Iowa Tech Community College", "Category": "Educational Institution", "Type": "Postsecondary", "Address": "4647 Stone Ave", "City": "Sioux City", "County": "Woodbury", "Zip": "51102", "ExcessLow": 19.096, "ExcessHigh": 115.887, "UniqueID": "EDU2022374651", "LocationSource": "source file"}}, {"type": "Feature", "geometry": {"type": "Point", "coordinates": [-90.22843, 41.84067]}, "properties": {"Name": "ADM Clinton Bioprocessing, Inc.", "Category": "Food Manufacturer / Processor", "Type": "Wet Corn Milling", "Address": "410 18th Ave S", "City": "Clinton", "County": "Clinton", "Zip": "52732", "ExcessLow": 100.48, "ExcessHigh": 322.293, "UniqueID": "FMP36912", "LocationSource": "Census geocoder (non_exact)"}}, {"type": "Feature", "geometry": {"type": "Point", "coordinates": [-94.93264, 41.7182]}, "properties": {"Name": "Amvc Employees Services, Llc.", "Category": "Food Manufacturer / Processor", "Type": "Animal (except Poultry) Slaughtering", "Address": "508 Market St", "City": "Audubon", "County": "Audubon", "Zip": "50025", "ExcessLow": 138.934, "ExcessHigh": 445.637, "UniqueID": "FMP37332", "LocationSource": "Census geocoder (exact)"}}, {"type": "Feature", "geometry": {"type": "Point", "coordinates": [-93.57141, 41.60055]}, "properties": {"Name": "Anderson Erickson Dairy Co.", "Category": "Food Manufacturer / Processor", "Type": "Fluid Milk Manufacturing", "Address": "2420 E University Ave", "City": "Des Moines", "County": "Polk", "Zip": "50317", "ExcessLow": 3103.223, "ExcessHigh": 9953.733, "UniqueID": "FMP39128", "LocationSource": "Census geocoder (exact)"}}, {"type": "Feature", "geometry": {"type": "Point", "coordinates": [-94.76784, 41.44284]}, "properties": {"Name": "Anita Meat Processing Inc", "Category": "Food Manufacturer / Processor", "Type": "Animal (except Poultry) Slaughtering", "Address": "104 Linn St", "City": "Anita", "County": "Cass", "Zip": "50020", "ExcessLow": 31.568, "ExcessHigh": 101.254, "UniqueID": "FMP33867", "LocationSource": "Census geocoder (exact)"}}, {"type": "Feature", "geometry": {"type": "Point", "coordinates": [-95.01215, 41.40905]}, "properties": {"Name": "Atlantic Bottling Company", "Category": "Food Manufacturer / Processor", "Type": "Soft Drink Manufacturing", "Address": "4 E 2nd St", "City": "Atlantic", "County": "Cass", "Zip": "50022", "ExcessLow": 3413.417, "ExcessHigh": 10948.694, "UniqueID": "FMP39150", "LocationSource": "Census geocoder (exact)"}}, {"type": "Feature", "geometry": {"type": "Point", "coordinates": [-90.71392, 42.50937]}, "properties": {"Name": "Betty Jane Home Made Candies Inc", "Category": "Food Manufacturer / Processor", "Type": "Confectionery Manufacturing from Purchased Chocolate", "Address": "3049 Asbury Rd", "City": "Dubuque", "County": "Dubuque", "Zip": "52001", "ExcessLow": 75.204, "ExcessHigh": 241.222, "UniqueID": "FMP36437", "LocationSource": "Census geocoder (exact)"}}, {"type": "Feature", "geometry": {"type": "Point", "coordinates": [-91.68291, 41.91993]}, "properties": {"Name": "Bio Springer North America Corporation", "Category": "Food Manufacturer / Processor", "Type": "All Other Miscellaneous Food Manufacturing", "Address": "940 60th Ave SW", "City": "Cedar Rapids", "County": "Linn", "Zip": "52404", "ExcessLow": 123.591, "ExcessHigh": 396.423, "UniqueID": "FMP37554", "LocationSource": "Census geocoder (exact)"}}, {"type": "Feature", "geometry": {"type": "Point", "coordinates": [-93.71216, 41.43726]}, "properties": {"Name": "Broadbent Ventures LLC", "Category": "Food Manufacturer / Processor", "Type": "Distilleries", "Address": "6175 50th Ave", "City": "Norwalk", "County": "Warren", "Zip": "50211", "ExcessLow": 32.297, "ExcessHigh": 103.593, "UniqueID": "FMP34023", "LocationSource": "Census geocoder (exact)"}}, {"type": "Feature", "geometry": {"type": "Point", "coordinates": [-93.4399, 42.00818]}, "properties": {"Name": "Burke Marketing Corporation", "Category": "Food Manufacturer / Processor", "Type": "All Other Miscellaneous Food Manufacturing", "Address": "1516 S D Ave", "City": "Nevada", "County": "Story", "Zip": "50201", "ExcessLow": 1880.343, "ExcessHigh": 6031.29, "UniqueID": "FMP38971", "LocationSource": "Census geocoder (exact)"}}, {"type": "Feature", "geometry": {"type": "Point", "coordinates": [-90.27078, 41.91712]}, "properties": {"Name": "Cheesecakery Bakery", "Category": "Food Manufacturer / Processor", "Type": "Retail Bakeries", "Address": "4227 180th St", "City": "Clinton", "County": "Clinton", "Zip": "52732", "ExcessLow": 39.786, "ExcessHigh": 127.615, "UniqueID": "FMP34974", "LocationSource": "Census geocoder (exact)"}}, {"type": "Feature", "geometry": {"type": "Point", "coordinates": [-90.53605, 41.8262]}, "properties": {"Name": "De Witt Dairy Treats", "Category": "Food Manufacturer / Processor", "Type": "Retail Bakeries", "Address": "401 11th St", "City": "De Witt", "County": "Clinton", "Zip": "52742", "ExcessLow": 33.155, "ExcessHigh": 106.346, "UniqueID": "FMP34178", "LocationSource": "Census geocoder (exact)"}}, {"type": "Feature", "geometry": {"type": "Point", "coordinates": [-93.6143, 42.85088]}, "properties": {"Name": "Dome Winery, L.L.C.", "Category": "Food Manufacturer / Processor", "Type": "Wineries", "Address": "619 2nd Ave Ne", "City": "Belmond", "County": "Wright", "Zip": "50421", "ExcessLow": 38.573, "ExcessHigh": 123.725, "UniqueID": "FMP34803", "LocationSource": "Census geocoder (exact)"}}, {"type": "Feature", "geometry": {"type": "Point", "coordinates": [-93.82307, 41.51897]}, "properties": {"Name": "Dunkel Corporation", "Category": "Food Manufacturer / Processor", "Type": "Distilleries", "Address": "34334 White Oak Ln", "City": "Cumming", "County": "Warren", "Zip": "50061", "ExcessLow": 86.124, "ExcessHigh": 276.247, "UniqueID": "FMP36695", "LocationSource": "Census geocoder (exact)"}}, {"type": "Feature", "geometry": {"type": "Point", "coordinates": [-91.40906, 42.64446]}, "properties": {"Name": "Edgewood Locker, Inc", "Category": "Food Manufacturer / Processor", "Type": "Animal (except Poultry) Slaughtering", "Address": "609 W Union St", "City": "Edgewood", "County": "Clayton", "Zip": "52042", "ExcessLow": 57.862, "ExcessHigh": 185.594, "UniqueID": "FMP35972", "LocationSource": "Census geocoder (exact)"}}, {"type": "Feature", "geometry": {"type": "Point", "coordinates": [-92.37665, 42.68919]}, "properties": {"Name": "Flying Monkeys, Inc.", "Category": "Food Manufacturer / Processor", "Type": "Breweries", "Address": "2464 Joplin Ave", "City": "Denver", "County": "Bremer", "Zip": "50622", "ExcessLow": 35.929, "ExcessHigh": 115.243, "UniqueID": "FMP34543", "LocationSource": "Census geocoder (exact)"}}, {"type": "Feature", "geometry": {"type": "Point", "coordinates": [-92.28633, 41.88399]}, "properties": {"Name": "Frontier Natural Products Co O", "Category": "Food Manufacturer / Processor", "Type": "All Other Miscellaneous Food Manufacturing", "Address": "200 Industrial Park Blvd", "City": "Belle Plaine", "County": "Benton", "Zip": "52208", "ExcessLow": 43.457, "ExcessHigh": 139.389, "UniqueID": "FMP35238", "LocationSource": "Census geocoder (exact)"}}, {"type": "Feature", "geometry": {"type": "Point", "coordinates": [-93.64908, 41.56819]}, "properties": {"Name": "Groben Wine L.L.C.", "Category": "Food Manufacturer / Processor", "Type": "Wineries", "Address": "2400 George Flagg Pkwy", "City": "Des Moines", "County": "Polk", "Zip": "50321", "ExcessLow": 35.671, "ExcessHigh": 114.415, "UniqueID": "FMP34510", "LocationSource": "Census geocoder (exact)"}}, {"type": "Feature", "geometry": {"type": "Point", "coordinates": [-93.62693, 41.14347]}, "properties": {"Name": "Harpor's Vineyard, LLC", "Category": "Food Manufacturer / Processor", "Type": "Wineries", "Address": "3014 Scott St", "City": "New Virginia", "County": "Warren", "Zip": "50210", "ExcessLow": 86.124, "ExcessHigh": 276.247, "UniqueID": "FMP36694", "LocationSource": "Census geocoder (exact)"}}, {"type": "Feature", "geometry": {"type": "Point", "coordinates": [-95.16303, 43.14872]}, "properties": {"Name": "Hensall Condiments Corp", "Category": "Food Manufacturer / Processor", "Type": "Poultry Processing", "Address": "1106 13th Ave W", "City": "Spencer", "County": "Clay", "Zip": "51301", "ExcessLow": 107.681, "ExcessHigh": 345.393, "UniqueID": "FMP37012", "LocationSource": "Census geocoder (exact)"}}, {"type": "Feature", "geometry": {"type": "Point", "coordinates": [-92.90066, 43.12795]}, "properties": {"Name": "Hoover's Hatchery Company, LLC", "Category": "Food Manufacturer / Processor", "Type": "Poultry Processing", "Address": "205 Chickasaw St", "City": "Rudd", "County": "Floyd", "Zip": "50471", "ExcessLow": 397.5, "ExcessHigh": 1275.0, "UniqueID": "FMP38262", "LocationSource": "Census geocoder (exact)"}}, {"type": "Feature", "geometry": {"type": "Point", "coordinates": [-93.7619, 41.48324]}, "properties": {"Name": "Iowa Distilling Company", "Category": "Food Manufacturer / Processor", "Type": "Distilleries", "Address": "4349 Cumming Ave", "City": "Cumming", "County": "Warren", "Zip": "50061", "ExcessLow": 64.593, "ExcessHigh": 207.185, "UniqueID": "FMP36186", "LocationSource": "Census geocoder (exact)"}}, {"type": "Feature", "geometry": {"type": "Point", "coordinates": [-96.49126, 42.99684]}, "properties": {"Name": "Iowa Lamb Corporation", "Category": "Food Manufacturer / Processor", "Type": "Animal (except Poultry) Slaughtering", "Address": "315 10th St", "City": "Hawarden", "County": "Sioux", "Zip": "51023", "ExcessLow": 295.377, "ExcessHigh": 947.437, "UniqueID": "FMP38032", "LocationSource": "Census geocoder (exact)"}}, {"type": "Feature", "geometry": {"type": "Point", "coordinates": [-92.54922, 41.95721]}, "properties": {"Name": "Iowa Premium, LLC", "Category": "Food Manufacturer / Processor", "Type": "Animal (except Poultry) Slaughtering", "Address": "3337 L Ave", "City": "Tama", "County": "Tama", "Zip": "52339", "ExcessLow": 698.478, "ExcessHigh": 2240.402, "UniqueID": "FMP38574", "LocationSource": "Census geocoder (exact)"}}, {"type": "Feature", "geometry": {"type": "Point", "coordinates": [-96.37778, 42.42703]}, "properties": {"Name": "Itoham America, Inc.", "Category": "Food Manufacturer / Processor", "Type": "Meat Processed from Carcasses", "Address": "2640 Murray St Ste 4", "City": "Sioux City", "County": "Woodbury", "Zip": "51111", "ExcessLow": 528.673, "ExcessHigh": 1695.743, "UniqueID": "FMP38414", "LocationSource": "Census geocoder (exact)"}}, {"type": "Feature", "geometry": {"type": "Point", "coordinates": [-90.4357, 42.28377]}, "properties": {"Name": "J & M Parker Enterprises, Inc.", "Category": "Food Manufacturer / Processor", "Type": "Fruit and Vegetable Canning", "Address": "29418 Highway 52", "City": "Bellevue", "County": "Jackson", "Zip": "52031", "ExcessLow": 33.66, "ExcessHigh": 107.966, "UniqueID": "FMP34246", "LocationSource": "Census geocoder (exact)"}}, {"type": "Feature", "geometry": {"type": "Point", "coordinates": [-95.98683, 42.98241]}, "properties": {"Name": "Jk Country Bakery", "Category": "Food Manufacturer / Processor", "Type": "Retail Bakeries", "Address": "4040 460th St", "City": "Alton", "County": "Sioux", "Zip": "51003", "ExcessLow": 32.13, "ExcessHigh": 103.057, "UniqueID": "FMP34003", "LocationSource": "Census geocoder (exact)"}}, {"type": "Feature", "geometry": {"type": "Point", "coordinates": [-90.26362, 41.78295]}, "properties": {"Name": "Kramer's Specialty Foods, LLC", "Category": "Food Manufacturer / Processor", "Type": "All Other Miscellaneous Food Manufacturing", "Address": "1618 5th St", "City": "Camanche", "County": "Clinton", "Zip": "52730", "ExcessLow": 66.31, "ExcessHigh": 212.691, "UniqueID": "FMP36254", "LocationSource": "Census geocoder (exact)"}}, {"type": "Feature", "geometry": {"type": "Point", "coordinates": [-93.8703, 41.61653]}, "properties": {"Name": "Liquidus American Biotech", "Category": "Food Manufacturer / Processor", "Type": "Cheese Manufacturing", "Address": "125 Ne Venture Dr Ste F", "City": "Waukee", "County": "Dallas", "Zip": "50263", "ExcessLow": 38.878, "ExcessHigh": 124.702, "UniqueID": "FMP34827", "LocationSource": "Census geocoder (non_exact)"}}, {"type": "Feature", "geometry": {"type": "Point", "coordinates": [-93.82576, 41.87787]}, "properties": {"Name": "Madrid Iowa Bakery, L . L . C .", "Category": "Food Manufacturer / Processor", "Type": "Retail Bakeries", "Address": "512 W North St", "City": "Madrid", "County": "Boone", "Zip": "50156", "ExcessLow": 46.852, "ExcessHigh": 150.28, "UniqueID": "FMP35460", "LocationSource": "Census geocoder (exact)"}}, {"type": "Feature", "geometry": {"type": "Point", "coordinates": [-92.6303, 41.27998]}, "properties": {"Name": "Mahaska Bottling Company", "Category": "Food Manufacturer / Processor", "Type": "Soft Drink Manufacturing", "Address": "1407 17th Ave E", "City": "Oskaloosa", "County": "Mahaska", "Zip": "52577", "ExcessLow": 40.088, "ExcessHigh": 128.583, "UniqueID": "FMP35005", "LocationSource": "Census geocoder (exact)"}}, {"type": "Feature", "geometry": {"type": "Point", "coordinates": [-93.47393, 41.64414]}, "properties": {"Name": "Marzetti Frozen Pasta, Inc.", "Category": "Food Manufacturer / Processor", "Type": "Frozen Specialty Food Manufacturing", "Address": "803 8th St SW", "City": "Altoona", "County": "Polk", "Zip": "50009", "ExcessLow": 1339.054, "ExcessHigh": 4295.08, "UniqueID": "FMP38845", "LocationSource": "Census geocoder (exact)"}}, {"type": "Feature", "geometry": {"type": "Point", "coordinates": [-93.04354, 41.72027]}, "properties": {"Name": "Maytag Family Farms, Inc.", "Category": "Food Manufacturer / Processor", "Type": "Cheese Manufacturing", "Address": "2282 E 8th St N", "City": "Newton", "County": "Jasper", "Zip": "50208", "ExcessLow": 234.025, "ExcessHigh": 750.646, "UniqueID": "FMP37824", "LocationSource": "Census geocoder (exact)"}}, {"type": "Feature", "geometry": {"type": "Point", "coordinates": [-91.78769, 43.30422]}, "properties": {"Name": "Milkhouse Creamery", "Category": "Food Manufacturer / Processor", "Type": "Ice Cream and Frozen Dessert Manufacturing", "Address": "200 W Water St", "City": "Decorah", "County": "Winneshiek", "Zip": "52101", "ExcessLow": 31.501, "ExcessHigh": 101.042, "UniqueID": "FMP33859", "LocationSource": "Census geocoder (exact)"}}, {"type": "Feature", "geometry": {"type": "Point", "coordinates": [-90.34352, 41.59978]}, "properties": {"Name": "Mississippi River Distilling Company, L.L.C.", "Category": "Food Manufacturer / Processor", "Type": "Distilleries", "Address": "303 N Cody Rd", "City": "Le Claire", "County": "Scott", "Zip": "52753", "ExcessLow": 40.059, "ExcessHigh": 128.491, "UniqueID": "FMP35003", "LocationSource": "Census geocoder (exact)"}}, {"type": "Feature", "geometry": {"type": "Point", "coordinates": [-96.37279, 42.42704]}, "properties": {"Name": "Natural Food Holdings", "Category": "Food Manufacturer / Processor", "Type": "Animal (except Poultry) Slaughtering", "Address": "2800 Murray St", "City": "Sioux City", "County": "Woodbury", "Zip": "51111", "ExcessLow": 60.749, "ExcessHigh": 194.855, "UniqueID": "FMP36075", "LocationSource": "Census geocoder (exact)"}}, {"type": "Feature", "geometry": {"type": "Point", "coordinates": [-93.5931, 41.71693]}, "properties": {"Name": "New Horizon Cuisine, LLC", "Category": "Food Manufacturer / Processor", "Type": "All Other Miscellaneous Food Manufacturing", "Address": "1430 SE Cortina Dr", "City": "Ankeny", "County": "Polk", "Zip": "50021", "ExcessLow": 96.116, "ExcessHigh": 308.296, "UniqueID": "FMP36854", "LocationSource": "Census geocoder (exact)"}}, {"type": "Feature", "geometry": {"type": "Point", "coordinates": [-94.99908, 42.42584]}, "properties": {"Name": "Noble Distributor Inc", "Category": "Food Manufacturer / Processor", "Type": "Nonchocolate Confectionery Manufacturing", "Address": "401 N 13th St", "City": "Sac City", "County": "Sac", "Zip": "50583", "ExcessLow": 58.185, "ExcessHigh": 186.632, "UniqueID": "FMP35983", "LocationSource": "Census geocoder (exact)"}}, {"type": "Feature", "geometry": {"type": "Point", "coordinates": [-93.22087, 43.45782]}, "properties": {"Name": "Northwood Foods, Inc.", "Category": "Food Manufacturer / Processor", "Type": "Animal (except Poultry) Slaughtering", "Address": "1105 8th St N", "City": "Northwood", "County": "Worth", "Zip": "50459", "ExcessLow": 1722.5, "ExcessHigh": 5525.0, "UniqueID": "FMP38941", "LocationSource": "Census geocoder (exact)"}}, {"type": "Feature", "geometry": {"type": "Point", "coordinates": [-95.42212, 41.77808]}, "properties": {"Name": "Oak Lonely Distillery LLC", "Category": "Food Manufacturer / Processor", "Type": "Distilleries", "Address": "404 Sunset Ave", "City": "Earling", "County": "Shelby", "Zip": "51530", "ExcessLow": 55.288, "ExcessHigh": 177.338, "UniqueID": "FMP35878", "LocationSource": "Census geocoder (exact)"}}, {"type": "Feature", "geometry": {"type": "Point", "coordinates": [-92.63969, 41.28705]}, "properties": {"Name": "Oskaloosa Food Products Corporation", "Category": "Food Manufacturer / Processor", "Type": "All Other Miscellaneous Food Manufacturing", "Address": "543 9th Ave E", "City": "Oskaloosa", "County": "Mahaska", "Zip": "52577", "ExcessLow": 484.13, "ExcessHigh": 1552.869, "UniqueID": "FMP38376", "LocationSource": "Census geocoder (exact)"}}, {"type": "Feature", "geometry": {"type": "Point", "coordinates": [-93.50317, 41.5981]}, "properties": {"Name": "Over The Top", "Category": "Food Manufacturer / Processor", "Type": "Ice Cream and Frozen Dessert Manufacturing", "Address": "955 Ne 56th St", "City": "Des Moines", "County": "Polk", "Zip": "50327", "ExcessLow": 41.685, "ExcessHigh": 133.707, "UniqueID": "FMP15776", "LocationSource": "Census geocoder (exact)"}}, {"type": "Feature", "geometry": {"type": "Point", "coordinates": [-96.36872, 42.51781]}, "properties": {"Name": "Palmer & Company", "Category": "Food Manufacturer / Processor", "Type": "Nonchocolate Confectionery Manufacturing", "Address": "2600 N US Highway 75 # 1", "City": "Sioux City", "County": "Woodbury", "Zip": "51105", "ExcessLow": 1490.984, "ExcessHigh": 4782.4, "UniqueID": "FMP38885", "LocationSource": "Census geocoder (exact)"}}, {"type": "Feature", "geometry": {"type": "Point", "coordinates": [-94.20749, 42.72893]}, "properties": {"Name": "Pasquale's Food Service, Inc.", "Category": "Food Manufacturer / Processor", "Type": "Frozen Specialty Food Manufacturing", "Address": "710 1st St N", "City": "Humboldt", "County": "Humboldt", "Zip": "50548", "ExcessLow": 66.25, "ExcessHigh": 212.5, "UniqueID": "FMP36251", "LocationSource": "Census geocoder (exact)"}}, {"type": "Feature", "geometry": {"type": "Point", "coordinates": [-95.90679, 43.07268]}, "properties": {"Name": "Premium Iowa Pork, L.L.C.", "Category": "Food Manufacturer / Processor", "Type": "Animal (except Poultry) Slaughtering", "Address": "108 1st Ave S", "City": "Hospers", "County": "Sioux", "Zip": "51238", "ExcessLow": 460.498, "ExcessHigh": 1477.07, "UniqueID": "FMP38354", "LocationSource": "Census geocoder (non_exact)"}}, {"type": "Feature", "geometry": {"type": "Point", "coordinates": [-93.91221, 42.59834]}, "properties": {"Name": "Prestage Foods of Iowa, LLC", "Category": "Food Manufacturer / Processor", "Type": "Animal (except Poultry) Slaughtering", "Address": "3183 Highway 17", "City": "Eagle Grove", "County": "Wright", "Zip": "50533", "ExcessLow": 2514.674, "ExcessHigh": 8065.936, "UniqueID": "FMP39066", "LocationSource": "Census geocoder (exact)"}}, {"type": "Feature", "geometry": {"type": "Point", "coordinates": [-93.75853, 41.62779]}, "properties": {"Name": "Probioferm, LLC", "Category": "Food Manufacturer / Processor", "Type": "Dry, Condensed, and Evaporated Dairy Product Manufacturing", "Address": "10215 Dennis Dr", "City": "Urbandale", "County": "Polk", "Zip": "50322", "ExcessLow": 61.733, "ExcessHigh": 198.01, "UniqueID": "FMP36102", "LocationSource": "Census geocoder (exact)"}}, {"type": "Feature", "geometry": {"type": "Point", "coordinates": [-95.10883, 43.42258]}, "properties": {"Name": "Progressive Companies, Inc", "Category": "Food Manufacturer / Processor", "Type": "Seafood Product Preparation and Packaging", "Address": "1301 18th St", "City": "Spirit Lake", "County": "Dickinson", "Zip": "51360", "ExcessLow": 151.905, "ExcessHigh": 487.244, "UniqueID": "FMP37416", "LocationSource": "Census geocoder (exact)"}}, {"type": "Feature", "geometry": {"type": "Point", "coordinates": [-92.44567, 42.53694]}, "properties": {"Name": "Scratch Bakery and Cafe", "Category": "Food Manufacturer / Processor", "Type": "Retail Bakeries", "Address": "111 W 2nd St", "City": "Cedar Falls", "County": "Black Hawk", "Zip": "50613", "ExcessLow": 60.406, "ExcessHigh": 193.756, "UniqueID": "FMP36064", "LocationSource": "Census geocoder (exact)"}}, {"type": "Feature", "geometry": {"type": "Point", "coordinates": [-90.71392, 42.50937]}, "properties": {"Name": "Siegert Enterprises, Inc.", "Category": "Food Manufacturer / Processor", "Type": "Nonchocolate Confectionery Manufacturing", "Address": "3049 Asbury Rd", "City": "Dubuque", "County": "Dubuque", "Zip": "52001", "ExcessLow": 75.204, "ExcessHigh": 241.222, "UniqueID": "FMP36438", "LocationSource": "Census geocoder (exact)"}}, {"type": "Feature", "geometry": {"type": "Point", "coordinates": [-96.17519, 43.03467]}, "properties": {"Name": "Sioux-Preme Packing Co.", "Category": "Food Manufacturer / Processor", "Type": "Animal (except Poultry) Slaughtering", "Address": "4241 US 75 Ave", "City": "Sioux Center", "County": "Sioux", "Zip": "51250", "ExcessLow": 1513.294, "ExcessHigh": 4853.962, "UniqueID": "FMP38894", "LocationSource": "Census geocoder (non_exact)"}}, {"type": "Feature", "geometry": {"type": "Point", "coordinates": [-96.23426, 43.08536]}, "properties": {"Name": "Siouxland Energy Cooperative", "Category": "Food Manufacturer / Processor", "Type": "Wet Corn Milling", "Address": "3890 Garfield Ave", "City": "Sioux Center", "County": "Sioux", "Zip": "51250", "ExcessLow": 136.526, "ExcessHigh": 437.914, "UniqueID": "FMP37311", "LocationSource": "Census geocoder (exact)"}}, {"type": "Feature", "geometry": {"type": "Point", "coordinates": [-96.17833, 43.075]}, "properties": {"Name": "Siouxpreme Egg Products Inc.", "Category": "Food Manufacturer / Processor", "Type": "All Other Miscellaneous Food Manufacturing", "Address": "321 2nd Ave SW", "City": "Sioux Center", "County": "Sioux", "Zip": "51250", "ExcessLow": 77.913, "ExcessHigh": 249.908, "UniqueID": "FMP36493", "LocationSource": "Census geocoder (exact)"}}, {"type": "Feature", "geometry": {"type": "Point", "coordinates": [-94.24293, 42.73598]}, "properties": {"Name": "Sister's Home Style Entrees, Inc.", "Category": "Food Manufacturer / Processor", "Type": "Frozen Specialty Food Manufacturing", "Address": "1303 22nd St N", "City": "Humboldt", "County": "Humboldt", "Zip": "50548", "ExcessLow": 144.666, "ExcessHigh": 464.022, "UniqueID": "FMP37374", "LocationSource": "Census geocoder (exact)"}}, {"type": "Feature", "geometry": {"type": "Point", "coordinates": [-94.98352, 42.1817]}, "properties": {"Name": "Snappy Popcorn Company", "Category": "Food Manufacturer / Processor", "Type": "Nonchocolate Confectionery Manufacturing", "Address": "610 Main St", "City": "Breda", "County": "Carroll", "Zip": "51436", "ExcessLow": 272.95, "ExcessHigh": 875.5, "UniqueID": "FMP37972", "LocationSource": "Census geocoder (exact)"}}, {"type": "Feature", "geometry": {"type": "Point", "coordinates": [-91.1529, 40.82605]}, "properties": {"Name": "Snyder'slance Inc", "Category": "Food Manufacturer / Processor", "Type": "Cookie and Cracker Manufacturing", "Address": "3000 Mount Pleasant St", "City": "Burlington", "County": "Des Moines", "Zip": "52601", "ExcessLow": 42.896, "ExcessHigh": 137.592, "UniqueID": "FMP35211", "LocationSource": "Census geocoder (non_exact)"}}, {"type": "Feature", "geometry": {"type": "Point", "coordinates": [-92.31788, 43.06816]}, "properties": {"Name": "Sparboe Foods, LLC", "Category": "Food Manufacturer / Processor", "Type": "All Other Miscellaneous Food Manufacturing", "Address": "900 N Linn Ave", "City": "New Hampton", "County": "Chickasaw", "Zip": "50659", "ExcessLow": 1961.814, "ExcessHigh": 6292.611, "UniqueID": "FMP38988", "LocationSource": "Census geocoder (exact)"}}, {"type": "Feature", "geometry": {"type": "Point", "coordinates": [-93.79608, 42.28862]}, "properties": {"Name": "Stanhope Lockers Inc", "Category": "Food Manufacturer / Processor", "Type": "Animal (except Poultry) Slaughtering", "Address": "465 Parker St", "City": "Stanhope", "County": "Hamilton", "Zip": "50246", "ExcessLow": 44.902, "ExcessHigh": 144.025, "UniqueID": "FMP35325", "LocationSource": "Census geocoder (exact)"}}, {"type": "Feature", "geometry": {"type": "Point", "coordinates": [-91.14266, 40.82916]}, "properties": {"Name": "Sterzing Food Company", "Category": "Food Manufacturer / Processor", "Type": "Other Snack Food Manufacturing", "Address": "1819 Charles St", "City": "Burlington", "County": "Des Moines", "Zip": "52601", "ExcessLow": 81.503, "ExcessHigh": 261.425, "UniqueID": "FMP36606", "LocationSource": "Census geocoder (exact)"}}, {"type": "Feature", "geometry": {"type": "Point", "coordinates": [-96.49126, 42.99684]}, "properties": {"Name": "Superior Farms Inc.", "Category": "Food Manufacturer / Processor", "Type": "Animal (except Poultry) Slaughtering", "Address": "315 10th St", "City": "Hawarden", "County": "Sioux", "Zip": "51023", "ExcessLow": 295.377, "ExcessHigh": 947.437, "UniqueID": "FMP38033", "LocationSource": "Census geocoder (exact)"}}, {"type": "Feature", "geometry": {"type": "Point", "coordinates": [-93.51861, 41.60831]}, "properties": {"Name": "Suzette Candies LLC", "Category": "Food Manufacturer / Processor", "Type": "Chocolate and Confectionery Manufacturing from Cacao Beans", "Address": "4985 Claremont CT", "City": "Pleasant Hill", "County": "Polk", "Zip": "50327", "ExcessLow": 32.7, "ExcessHigh": 104.887, "UniqueID": "FMP34065", "LocationSource": "Census geocoder (exact)"}}, {"type": "Feature", "geometry": {"type": "Point", "coordinates": [-93.60038, 41.64064]}, "properties": {"Name": "Todd's Bbi International, Inc.", "Category": "Food Manufacturer / Processor", "Type": "Spice and Extract Manufacturing", "Address": "4413 Ne 14th St", "City": "Des Moines", "County": "Polk", "Zip": "50313", "ExcessLow": 379.16, "ExcessHigh": 1216.173, "UniqueID": "FMP38225", "LocationSource": "Census geocoder (exact)"}}, {"type": "Feature", "geometry": {"type": "Point", "coordinates": [-90.59519, 42.41605]}, "properties": {"Name": "Trappistine Nuns, Inc.", "Category": "Food Manufacturer / Processor", "Type": "Nonchocolate Confectionery Manufacturing", "Address": "8400 Abbey Hill Ln", "City": "Dubuque", "County": "Dubuque", "Zip": "52003", "ExcessLow": 151.764, "ExcessHigh": 486.791, "UniqueID": "FMP37414", "LocationSource": "Census geocoder (exact)"}}, {"type": "Feature", "geometry": {"type": "Point", "coordinates": [-90.58828, 41.89143]}, "properties": {"Name": "Tycoga Vineyard LLC", "Category": "Food Manufacturer / Processor", "Type": "Wineries", "Address": "2579 195th St", "City": "De Witt", "County": "Clinton", "Zip": "52742", "ExcessLow": 35.737, "ExcessHigh": 114.629, "UniqueID": "FMP34517", "LocationSource": "Census geocoder (exact)"}}, {"type": "Feature", "geometry": {"type": "Point", "coordinates": [-92.72796, 43.28436]}, "properties": {"Name": "Uncs Cheesecakes, Inc", "Category": "Food Manufacturer / Processor", "Type": "Retail Bakeries", "Address": "2521 Highway 9", "City": "Osage", "County": "Mitchell", "Zip": "50461", "ExcessLow": 58.454, "ExcessHigh": 187.494, "UniqueID": "FMP35997", "LocationSource": "Census geocoder (exact)"}}, {"type": "Feature", "geometry": {"type": "Point", "coordinates": [-96.21784, 42.76408]}, "properties": {"Name": "WEI Sales, LLC", "Category": "Food Manufacturer / Processor", "Type": "Ice Cream and Frozen Dessert Manufacturing", "Address": "1 Blue Bunny Dr SW", "City": "Le Mars", "County": "Plymouth", "Zip": "51031", "ExcessLow": 2052.367, "ExcessHigh": 6583.065, "UniqueID": "FMP39006", "LocationSource": "Census geocoder (non_exact)"}}, {"type": "Feature", "geometry": {"type": "Point", "coordinates": [-94.19632, 41.02849]}, "properties": {"Name": "Weaver Meats LLC", "Category": "Food Manufacturer / Processor", "Type": "Meat Processed from Carcasses", "Address": "204 E Kansas St", "City": "Afton", "County": "Union", "Zip": "50830", "ExcessLow": 34.676, "ExcessHigh": 111.226, "UniqueID": "FMP34378", "LocationSource": "Census geocoder (exact)"}}, {"type": "Feature", "geometry": {"type": "Point", "coordinates": [-93.78709, 42.47097]}, "properties": {"Name": "Webster City Custom Meats, Inc.", "Category": "Food Manufacturer / Processor", "Type": "Meat Processed from Carcasses", "Address": "1611 E 2nd St", "City": "Webster City", "County": "Hamilton", "Zip": "50595", "ExcessLow": 527.957, "ExcessHigh": 1693.449, "UniqueID": "FMP38413", "LocationSource": "Census geocoder (exact)"}}, {"type": "Feature", "geometry": {"type": "Point", "coordinates": [-96.21784, 42.76408]}, "properties": {"Name": "Wells Enterprises, Inc.", "Category": "Food Manufacturer / Processor", "Type": "Ice Cream and Frozen Dessert Manufacturing", "Address": "1 Blue Bunny Dr SW", "City": "Le Mars", "County": "Plymouth", "Zip": "51031", "ExcessLow": 2052.367, "ExcessHigh": 6583.065, "UniqueID": "FMP41804", "LocationSource": "Census geocoder (non_exact)"}}, {"type": "Feature", "geometry": {"type": "Point", "coordinates": [-93.55542, 41.35728]}, "properties": {"Name": "Yummy Time Bakery", "Category": "Food Manufacturer / Processor", "Type": "Retail Bakeries", "Address": "508 E 3rd Ave", "City": "Indianola", "County": "Warren", "Zip": "50125", "ExcessLow": 64.593, "ExcessHigh": 207.185, "UniqueID": "FMP36187", "LocationSource": "Census geocoder (exact)"}}, {"type": "Feature", "geometry": {"type": "Point", "coordinates": [-95.83637, 41.2715]}, "properties": {"Name": "B & R Stores, Inc.", "Category": "Food Wholesale / Retail", "Type": "Supermarkets and Other Grocery (except Convenience) Stores", "Address": "1141 N Broadway", "City": "Council Bluffs", "County": "Pottawattamie", "Zip": "51503", "ExcessLow": 172.5, "ExcessHigh": 266.8, "UniqueID": "22FWDR619379", "LocationSource": "Census geocoder (exact)"}}, {"type": "Feature", "geometry": {"type": "Point", "coordinates": [-90.42328, 42.25578]}, "properties": {"Name": "Bender Enterprises, Inc", "Category": "Food Wholesale / Retail", "Type": "Supermarkets and Other Grocery (except Convenience) Stores", "Address": "400 S 2nd St", "City": "Bellevue", "County": "Jackson", "Zip": "52031", "ExcessLow": 75.0, "ExcessHigh": 116.0, "UniqueID": "22FWDR616417", "LocationSource": "Census geocoder (exact)"}}, {"type": "Feature", "geometry": {"type": "Point", "coordinates": [-93.63271, 43.2642]}, "properties": {"Name": "Bill's Forrest City Supermarket Inc", "Category": "Food Wholesale / Retail", "Type": "Supermarkets and Other Grocery (except Convenience) Stores", "Address": "315 Highway 69 N", "City": "Forest City", "County": "Winnebago", "Zip": "50436", "ExcessLow": 6.0, "ExcessHigh": 128.261, "UniqueID": "22FWDR599983", "LocationSource": "Census geocoder (non_exact)"}}, {"type": "Feature", "geometry": {"type": "Point", "coordinates": [-93.60409, 43.10578]}, "properties": {"Name": "Bill's Forrest City Supermarket Inc", "Category": "Food Wholesale / Retail", "Type": "Supermarkets and Other Grocery (except Convenience) Stores", "Address": "255 W US Highway 18", "City": "Garner", "County": "Hancock", "Zip": "50438", "ExcessLow": 120.0, "ExcessHigh": 185.6, "UniqueID": "22FWDR617930", "LocationSource": "Census geocoder (non_exact)"}}, {"type": "Feature", "geometry": {"type": "Point", "coordinates": [-93.60275, 43.10576]}, "properties": {"Name": "Casey's General Stores, Inc.", "Category": "Food Wholesale / Retail", "Type": "Convenience Stores", "Address": "145 W US Highway 18", "City": "Garner", "County": "Hancock", "Zip": "50438", "ExcessLow": 394.5, "ExcessHigh": 610.16, "UniqueID": "22FWDR620983", "LocationSource": "Census geocoder (non_exact)"}}, {"type": "Feature", "geometry": {"type": "Point", "coordinates": [-91.66203, 42.0104]}, "properties": {"Name": "Casey's General Stores, Inc.", "Category": "Food Wholesale / Retail", "Type": "Convenience Stores", "Address": "1661 32nd St Ne", "City": "Cedar Rapids", "County": "Linn", "Zip": "52402", "ExcessLow": 394.5, "ExcessHigh": 610.16, "UniqueID": "22FWDR620984", "LocationSource": "Census geocoder (exact)"}}, {"type": "Feature", "geometry": {"type": "Point", "coordinates": [-95.87925, 41.2388]}, "properties": {"Name": "Casey's General Stores, Inc.", "Category": "Food Wholesale / Retail", "Type": "Convenience Stores", "Address": "2301 S 24th St", "City": "Council Bluffs", "County": "Pottawattamie", "Zip": "51501", "ExcessLow": 394.5, "ExcessHigh": 610.16, "UniqueID": "22FWDR620990", "LocationSource": "Census geocoder (exact)"}}, {"type": "Feature", "geometry": {"type": "Point", "coordinates": [-94.873, 42.06753]}, "properties": {"Name": "Casey's General Stores, Inc.", "Category": "Food Wholesale / Retail", "Type": "Convenience Stores", "Address": "510 E US Highway 30", "City": "Carroll", "County": "Carroll", "Zip": "51401", "ExcessLow": 591.0, "ExcessHigh": 914.08, "UniqueID": "22FWDR621171", "LocationSource": "Census geocoder (non_exact)"}}, {"type": "Feature", "geometry": {"type": "Point", "coordinates": [-92.42017, 42.50952]}, "properties": {"Name": "Casey's General Stores, Inc.", "Category": "Food Wholesale / Retail", "Type": "Convenience Stores", "Address": "5226 University Ave", "City": "Cedar Falls", "County": "Black Hawk", "Zip": "50613", "ExcessLow": 690.0, "ExcessHigh": 1067.2, "UniqueID": "22FWDR621204", "LocationSource": "Census geocoder (exact)"}}, {"type": "Feature", "geometry": {"type": "Point", "coordinates": [-91.62089, 42.03411]}, "properties": {"Name": "Casey's General Stores, Inc.", "Category": "Food Wholesale / Retail", "Type": "Convenience Stores", "Address": "680 Lindale Dr", "City": "Marion", "County": "Linn", "Zip": "52302", "ExcessLow": 886.5, "ExcessHigh": 1371.12, "UniqueID": "22FWDR621234", "LocationSource": "Census geocoder (exact)"}}, {"type": "Feature", "geometry": {"type": "Point", "coordinates": [-95.85385, 41.22819]}, "properties": {"Name": "Casey's General Stores, Inc.", "Category": "Food Wholesale / Retail", "Type": "Convenience Stores", "Address": "701 32nd Ave", "City": "Council Bluffs", "County": "Pottawattamie", "Zip": "51501", "ExcessLow": 985.5, "ExcessHigh": 1524.24, "UniqueID": "22FWDR621248", "LocationSource": "Census geocoder (exact)"}}, {"type": "Feature", "geometry": {"type": "Point", "coordinates": [-91.68126, 42.04561]}, "properties": {"Name": "Casey's General Stores, Inc.", "Category": "Food Wholesale / Retail", "Type": "Convenience Stores", "Address": "780 N Center Point Rd", "City": "Hiawatha", "County": "Linn", "Zip": "52233", "ExcessLow": 985.5, "ExcessHigh": 1524.24, "UniqueID": "22FWDR621249", "LocationSource": "Census geocoder (exact)"}}, {"type": "Feature", "geometry": {"type": "Point", "coordinates": [-91.67928, 41.89189]}, "properties": {"Name": "Casey's General Stores, Inc.", "Category": "Food Wholesale / Retail", "Type": "Convenience Stores", "Address": "9125 Atlantic Dr SW", "City": "Cedar Rapids", "County": "Linn", "Zip": "52404", "ExcessLow": 2463.0, "ExcessHigh": 3809.44, "UniqueID": "22FWDR621312", "LocationSource": "Census geocoder (exact)"}}, {"type": "Feature", "geometry": {"type": "Point", "coordinates": [-93.57163, 41.70281]}, "properties": {"Name": "Casey's General Stores, Inc.", "Category": "Food Wholesale / Retail", "Type": "Convenience Stores", "Address": "1 SE Convenience Blvd", "City": "Ankeny", "County": "Polk", "Zip": "50021", "ExcessLow": 112.5, "ExcessHigh": 45876.48, "UniqueID": "22FWDR617731", "LocationSource": "Census geocoder (exact)"}}, {"type": "Feature", "geometry": {"type": "Point", "coordinates": [-91.1403, 40.80036]}, "properties": {"Name": "Casey's Marketing Company", "Category": "Food Wholesale / Retail", "Type": "Convenience Stores", "Address": "3105 West Ave", "City": "Burlington", "County": "Des Moines", "Zip": "52601", "ExcessLow": 1668.0, "ExcessHigh": 2579.84, "UniqueID": "22FWDR621299", "LocationSource": "Census geocoder (non_exact)"}}, {"type": "Feature", "geometry": {"type": "Point", "coordinates": [-92.82053, 43.27539]}, "properties": {"Name": "Dagr Groc., Inc.", "Category": "Food Wholesale / Retail", "Type": "Supermarkets and Other Grocery (except Convenience) Stores", "Address": "121 Cedar St", "City": "Osage", "County": "Mitchell", "Zip": "50461", "ExcessLow": 18.16, "ExcessHigh": 116.0, "UniqueID": "22FWDR611962", "LocationSource": "Census geocoder (exact)"}}, {"type": "Feature", "geometry": {"type": "Point", "coordinates": [-93.66244, 41.58635]}, "properties": {"Name": "Dgs-Acquisitions LLC", "Category": "Food Wholesale / Retail", "Type": "Supermarkets and Other Grocery (except Convenience) Stores", "Address": "3401 Ingersoll Ave", "City": "Des Moines", "County": "Polk", "Zip": "50312", "ExcessLow": 70.5, "ExcessHigh": 109.04, "UniqueID": "22FWDR616254", "LocationSource": "Census geocoder (exact)"}}, {"type": "Feature", "geometry": {"type": "Point", "coordinates": [-95.89937, 41.55742]}, "properties": {"Name": "Dina G Corp", "Category": "Food Wholesale / Retail", "Type": "Supermarkets and Other Grocery (except Convenience) Stores", "Address": "407 W Huron St", "City": "Missouri Valley", "County": "Harrison", "Zip": "51555", "ExcessLow": 29.375, "ExcessHigh": 155.44, "UniqueID": "22FWDR613984", "LocationSource": "Census geocoder (exact)"}}, {"type": "Feature", "geometry": {"type": "Point", "coordinates": [-91.12833, 41.77122]}, "properties": {"Name": "Family Foods", "Category": "Food Wholesale / Retail", "Type": "Supermarkets and Other Grocery (except Convenience) Stores", "Address": "610 Cedar St", "City": "Tipton", "County": "Cedar", "Zip": "52772", "ExcessLow": 58.99, "ExcessHigh": 185.6, "UniqueID": "22FWDR615932", "LocationSource": "Census geocoder (exact)"}}, {"type": "Feature", "geometry": {"type": "Point", "coordinates": [-93.10954, 41.30836]}, "properties": {"Name": "Fareway Stores, Inc.", "Category": "Food Wholesale / Retail", "Type": "Supermarkets and Other Grocery (except Convenience) Stores", "Address": "1308 S Lincoln St", "City": "Knoxville", "County": "Marion", "Zip": "50138", "ExcessLow": 70.5, "ExcessHigh": 109.04, "UniqueID": "22FWDR616256", "LocationSource": "Census geocoder (exact)"}}, {"type": "Feature", "geometry": {"type": "Point", "coordinates": [-91.11402, 42.47527]}, "properties": {"Name": "Fareway Stores, Inc.", "Category": "Food Wholesale / Retail", "Type": "Supermarkets and Other Grocery (except Convenience) Stores", "Address": "1207 12th Ave SE", "City": "Dyersville", "County": "Dubuque", "Zip": "52040", "ExcessLow": 75.0, "ExcessHigh": 116.0, "UniqueID": "22FWDR616441", "LocationSource": "Census geocoder (exact)"}}, {"type": "Feature", "geometry": {"type": "Point", "coordinates": [-93.77861, 41.68535]}, "properties": {"Name": "Fareway Stores, Inc.", "Category": "Food Wholesale / Retail", "Type": "Supermarkets and Other Grocery (except Convenience) Stores", "Address": "351 SE Gateway Dr", "City": "Grimes", "County": "Polk", "Zip": "50111", "ExcessLow": 75.0, "ExcessHigh": 116.0, "UniqueID": "22FWDR616442", "LocationSource": "Census geocoder (exact)"}}, {"type": "Feature", "geometry": {"type": "Point", "coordinates": [-93.82736, 42.46944]}, "properties": {"Name": "Fareway Stores, Inc.", "Category": "Food Wholesale / Retail", "Type": "Supermarkets and Other Grocery (except Convenience) Stores", "Address": "942 2nd St", "City": "Webster City", "County": "Hamilton", "Zip": "50595", "ExcessLow": 75.0, "ExcessHigh": 116.0, "UniqueID": "22FWDR616443", "LocationSource": "Census geocoder (exact)"}}, {"type": "Feature", "geometry": {"type": "Point", "coordinates": [-92.28782, 42.47681]}, "properties": {"Name": "Fareway Stores, Inc.", "Category": "Food Wholesale / Retail", "Type": "Supermarkets and Other Grocery (except Convenience) Stores", "Address": "215 S Evans Rd", "City": "Waterloo", "County": "Black Hawk", "Zip": "50707", "ExcessLow": 78.0, "ExcessHigh": 120.64, "UniqueID": "22FWDR616652", "LocationSource": "Census geocoder (exact)"}}, {"type": "Feature", "geometry": {"type": "Point", "coordinates": [-94.01694, 41.61031]}, "properties": {"Name": "Fareway Stores, Inc.", "Category": "Food Wholesale / Retail", "Type": "Supermarkets and Other Grocery (except Convenience) Stores", "Address": "804 Nile Kinnick Dr S", "City": "Adel", "County": "Dallas", "Zip": "50003", "ExcessLow": 78.0, "ExcessHigh": 120.64, "UniqueID": "22FWDR616654", "LocationSource": "Census geocoder (exact)"}}, {"type": "Feature", "geometry": {"type": "Point", "coordinates": [-91.7022, 42.04663]}, "properties": {"Name": "Fareway Stores, Inc.", "Category": "Food Wholesale / Retail", "Type": "Supermarkets and Other Grocery (except Convenience) Stores", "Address": "885 Miller Rd", "City": "Hiawatha", "County": "Linn", "Zip": "52233", "ExcessLow": 78.0, "ExcessHigh": 120.64, "UniqueID": "22FWDR616655", "LocationSource": "Census geocoder (exact)"}}, {"type": "Feature", "geometry": {"type": "Point", "coordinates": [-91.13996, 40.79963]}, "properties": {"Name": "Fareway Stores, Inc.", "Category": "Food Wholesale / Retail", "Type": "Supermarkets and Other Grocery (except Convenience) Stores", "Address": "920 Lawrence St", "City": "Burlington", "County": "Des Moines", "Zip": "52601", "ExcessLow": 78.0, "ExcessHigh": 120.64, "UniqueID": "22FWDR616656", "LocationSource": "Census geocoder (non_exact)"}}, {"type": "Feature", "geometry": {"type": "Point", "coordinates": [-93.75807, 41.60049]}, "properties": {"Name": "Fareway Stores, Inc.", "Category": "Food Wholesale / Retail", "Type": "Supermarkets and Other Grocery (except Convenience) Stores", "Address": "10201 University Ave", "City": "Clive", "County": "Polk", "Zip": "50325", "ExcessLow": 79.5, "ExcessHigh": 122.96, "UniqueID": "22FWDR616681", "LocationSource": "Census geocoder (exact)"}}, {"type": "Feature", "geometry": {"type": "Point", "coordinates": [-93.67549, 41.48338]}, "properties": {"Name": "Fareway Stores, Inc.", "Category": "Food Wholesale / Retail", "Type": "Supermarkets and Other Grocery (except Convenience) Stores", "Address": "1711 Sunset Dr", "City": "Norwalk", "County": "Warren", "Zip": "50211", "ExcessLow": 79.5, "ExcessHigh": 122.96, "UniqueID": "22FWDR616682", "LocationSource": "Census geocoder (exact)"}}, {"type": "Feature", "geometry": {"type": "Point", "coordinates": [-91.48046, 41.62967]}, "properties": {"Name": "Fareway Stores, Inc.", "Category": "Food Wholesale / Retail", "Type": "Supermarkets and Other Grocery (except Convenience) Stores", "Address": "2765 Commerce Dr", "City": "Iowa City", "County": "Johnson", "Zip": "52240", "ExcessLow": 79.5, "ExcessHigh": 122.96, "UniqueID": "22FWDR616683", "LocationSource": "Census geocoder (exact)"}}, {"type": "Feature", "geometry": {"type": "Point", "coordinates": [-93.64648, 42.05843]}, "properties": {"Name": "Fareway Stores, Inc.", "Category": "Food Wholesale / Retail", "Type": "Meat Markets", "Address": "3619 Stange Rd", "City": "Ames", "County": "Story", "Zip": "50010", "ExcessLow": 79.5, "ExcessHigh": 122.96, "UniqueID": "22FWDR616684", "LocationSource": "Census geocoder (exact)"}}, {"type": "Feature", "geometry": {"type": "Point", "coordinates": [-93.7656, 41.03335]}, "properties": {"Name": "Fareway Stores, Inc.", "Category": "Food Wholesale / Retail", "Type": "Supermarkets and Other Grocery (except Convenience) Stores", "Address": "213 S Main St", "City": "Osceola", "County": "Clarke", "Zip": "50213", "ExcessLow": 84.0, "ExcessHigh": 129.92, "UniqueID": "22FWDR617028", "LocationSource": "Census geocoder (exact)"}}, {"type": "Feature", "geometry": {"type": "Point", "coordinates": [-90.72036, 42.50753]}, "properties": {"Name": "Fareway Stores, Inc.", "Category": "Food Wholesale / Retail", "Type": "Supermarkets and Other Grocery (except Convenience) Stores", "Address": "2050 John F Kennedy Rd", "City": "Dubuque", "County": "Dubuque", "Zip": "52002", "ExcessLow": 85.5, "ExcessHigh": 132.24, "UniqueID": "22FWDR617049", "LocationSource": "Census geocoder (exact)"}}, {"type": "Feature", "geometry": {"type": "Point", "coordinates": [-94.3614, 41.05738]}, "properties": {"Name": "Fareway Stores, Inc.", "Category": "Food Wholesale / Retail", "Type": "Supermarkets and Other Grocery (except Convenience) Stores", "Address": "105 E Adams St", "City": "Creston", "County": "Union", "Zip": "50801", "ExcessLow": 90.0, "ExcessHigh": 139.2, "UniqueID": "22FWDR617119", "LocationSource": "Census geocoder (exact)"}}, {"type": "Feature", "geometry": {"type": "Point", "coordinates": [-94.01315, 41.33548]}, "properties": {"Name": "Fareway Stores, Inc.", "Category": "Food Wholesale / Retail", "Type": "Supermarkets and Other Grocery (except Convenience) Stores", "Address": "111 E Jefferson St", "City": "Winterset", "County": "Madison", "Zip": "50273", "ExcessLow": 90.0, "ExcessHigh": 139.2, "UniqueID": "22FWDR617120", "LocationSource": "Census geocoder (exact)"}}, {"type": "Feature", "geometry": {"type": "Point", "coordinates": [-94.18171, 42.50503]}, "properties": {"Name": "Fareway Stores, Inc.", "Category": "Food Wholesale / Retail", "Type": "Supermarkets and Other Grocery (except Convenience) Stores", "Address": "1231 1st Ave S", "City": "Fort Dodge", "County": "Webster", "Zip": "50501", "ExcessLow": 90.0, "ExcessHigh": 139.2, "UniqueID": "22FWDR617121", "LocationSource": "Census geocoder (exact)"}}, {"type": "Feature", "geometry": {"type": "Point", "coordinates": [-90.5997, 41.57445]}, "properties": {"Name": "Fareway Stores, Inc.", "Category": "Food Wholesale / Retail", "Type": "Supermarkets and Other Grocery (except Convenience) Stores", "Address": "1635 W 53rd St", "City": "Davenport", "County": "Scott", "Zip": "52806", "ExcessLow": 90.0, "ExcessHigh": 139.2, "UniqueID": "22FWDR617122", "LocationSource": "Census geocoder (exact)"}}, {"type": "Feature", "geometry": {"type": "Point", "coordinates": [-91.78583, 43.3032]}, "properties": {"Name": "Fareway Stores, Inc.", "Category": "Food Wholesale / Retail", "Type": "Supermarkets and Other Grocery (except Convenience) Stores", "Address": "103 E Main St", "City": "Decorah", "County": "Winneshiek", "Zip": "52101", "ExcessLow": 97.5, "ExcessHigh": 150.8, "UniqueID": "22FWDR617327", "LocationSource": "Census geocoder (exact)"}}, {"type": "Feature", "geometry": {"type": "Point", "coordinates": [-92.02564, 42.16662]}, "properties": {"Name": "Fareway Stores, Inc.", "Category": "Food Wholesale / Retail", "Type": "Supermarkets and Other Grocery (except Convenience) Stores", "Address": "501 A Ave", "City": "Vinton", "County": "Benton", "Zip": "52349", "ExcessLow": 97.5, "ExcessHigh": 150.8, "UniqueID": "22FWDR617328", "LocationSource": "Census geocoder (exact)"}}, {"type": "Feature", "geometry": {"type": "Point", "coordinates": [-92.43944, 41.0095]}, "properties": {"Name": "Fareway Stores, Inc.", "Category": "Food Wholesale / Retail", "Type": "Supermarkets and Other Grocery (except Convenience) Stores", "Address": "1325 Albia Rd", "City": "Ottumwa", "County": "Wapello", "Zip": "52501", "ExcessLow": 106.5, "ExcessHigh": 164.72, "UniqueID": "22FWDR617582", "LocationSource": "Census geocoder (exact)"}}, {"type": "Feature", "geometry": {"type": "Point", "coordinates": [-92.91445, 42.03808]}, "properties": {"Name": "Fareway Stores, Inc.", "Category": "Food Wholesale / Retail", "Type": "Supermarkets and Other Grocery (except Convenience) Stores", "Address": "102 W Anson St", "City": "Marshalltown", "County": "Marshall", "Zip": "50158", "ExcessLow": 112.5, "ExcessHigh": 174.0, "UniqueID": "22FWDR617737", "LocationSource": "Census geocoder (exact)"}}, {"type": "Feature", "geometry": {"type": "Point", "coordinates": [-95.19683, 42.64588]}, "properties": {"Name": "Fareway Stores, Inc.", "Category": "Food Wholesale / Retail", "Type": "Supermarkets and Other Grocery (except Convenience) Stores", "Address": "731 Seneca St", "City": "Storm Lake", "County": "Buena Vista", "Zip": "50588", "ExcessLow": 112.5, "ExcessHigh": 174.0, "UniqueID": "22FWDR617738", "LocationSource": "Census geocoder (non_exact)"}}, {"type": "Feature", "geometry": {"type": "Point", "coordinates": [-93.57777, 41.35671]}, "properties": {"Name": "Fareway Stores, Inc.", "Category": "Food Wholesale / Retail", "Type": "Supermarkets and Other Grocery (except Convenience) Stores", "Address": "1309 W 2nd Ave", "City": "Indianola", "County": "Warren", "Zip": "50125", "ExcessLow": 120.0, "ExcessHigh": 185.6, "UniqueID": "22FWDR617945", "LocationSource": "Census geocoder (exact)"}}, {"type": "Feature", "geometry": {"type": "Point", "coordinates": [-92.64761, 41.29268]}, "properties": {"Name": "Fareway Stores, Inc.", "Category": "Food Wholesale / Retail", "Type": "Supermarkets and Other Grocery (except Convenience) Stores", "Address": "311 3rd Ave W", "City": "Oskaloosa", "County": "Mahaska", "Zip": "52577", "ExcessLow": 150.0, "ExcessHigh": 232.0, "UniqueID": "22FWDR618715", "LocationSource": "Census geocoder (exact)"}}, {"type": "Feature", "geometry": {"type": "Point", "coordinates": [-91.63475, 42.0164]}, "properties": {"Name": "Fareway Stores, Inc.", "Category": "Food Wholesale / Retail", "Type": "Supermarkets and Other Grocery (except Convenience) Stores", "Address": "3717 1st Ave SE", "City": "Cedar Rapids", "County": "Linn", "Zip": "52402", "ExcessLow": 435.0, "ExcessHigh": 672.8, "UniqueID": "22FWDR621034", "LocationSource": "Census geocoder (exact)"}}, {"type": "Feature", "geometry": {"type": "Point", "coordinates": [-93.20003, 43.15633]}, "properties": {"Name": "Fareway Stores, Inc.", "Category": "Food Wholesale / Retail", "Type": "Supermarkets and Other Grocery (except Convenience) Stores", "Address": "400 N Delaware Ave", "City": "Mason City", "County": "Cerro Gordo", "Zip": "50401", "ExcessLow": 544.5, "ExcessHigh": 842.16, "UniqueID": "22FWDR621146", "LocationSource": "Census geocoder (exact)"}}, {"type": "Feature", "geometry": {"type": "Point", "coordinates": [-96.35589, 42.4508]}, "properties": {"Name": "Fareway Stores, Inc.", "Category": "Food Wholesale / Retail", "Type": "Supermarkets and Other Grocery (except Convenience) Stores", "Address": "4267 Sergeant Rd", "City": "Sioux City", "County": "Woodbury", "Zip": "51106", "ExcessLow": 673.5, "ExcessHigh": 1041.68, "UniqueID": "22FWDR621200", "LocationSource": "Census geocoder (exact)"}}, {"type": "Feature", "geometry": {"type": "Point", "coordinates": [-93.64487, 41.54549]}, "properties": {"Name": "Fareway Stores, Inc.", "Category": "Food Wholesale / Retail", "Type": "Supermarkets and Other Grocery (except Convenience) Stores", "Address": "4313 Fleur Dr", "City": "Des Moines", "County": "Polk", "Zip": "50321", "ExcessLow": 841.5, "ExcessHigh": 1301.52, "UniqueID": "22FWDR621228", "LocationSource": "Census geocoder (exact)"}}, {"type": "Feature", "geometry": {"type": "Point", "coordinates": [-93.69759, 41.66949]}, "properties": {"Name": "Fareway Stores, Inc.", "Category": "Food Wholesale / Retail", "Type": "Supermarkets and Other Grocery (except Convenience) Stores", "Address": "6005 Merle Hay Rd", "City": "Johnston", "County": "Polk", "Zip": "50131", "ExcessLow": 841.5, "ExcessHigh": 1301.52, "UniqueID": "22FWDR621229", "LocationSource": "Census geocoder (exact)"}}, {"type": "Feature", "geometry": {"type": "Point", "coordinates": [-93.88231, 42.06385]}, "properties": {"Name": "Fareway Stores, Inc.", "Category": "Food Wholesale / Retail", "Type": "Supermarkets and Other Grocery (except Convenience) Stores", "Address": "715 8th St", "City": "Boone", "County": "Boone", "Zip": "50036", "ExcessLow": 1177.5, "ExcessHigh": 1821.2, "UniqueID": "22FWDR621268", "LocationSource": "Census geocoder (exact)"}}, {"type": "Feature", "geometry": {"type": "Point", "coordinates": [-93.6071, 41.56099]}, "properties": {"Name": "Git-N-Go Convenience Stores, Inc.", "Category": "Food Wholesale / Retail", "Type": "Convenience Stores", "Address": "2716 Indianola Ave", "City": "Des Moines", "County": "Polk", "Zip": "50315", "ExcessLow": 192.0, "ExcessHigh": 541.806, "UniqueID": "22FWDR619647", "LocationSource": "Census geocoder (exact)"}}, {"type": "Feature", "geometry": {"type": "Point", "coordinates": [-93.60036, 41.72274]}, "properties": {"Name": "Hy-Vee, Inc.", "Category": "Food Wholesale / Retail", "Type": "Supermarkets and Other Grocery (except Convenience) Stores", "Address": "849 S Ankeny Blvd", "City": "Ankeny", "County": "Polk", "Zip": "50023", "ExcessLow": 67.5, "ExcessHigh": 104.4, "UniqueID": "22FWDR616164", "LocationSource": "Census geocoder (exact)"}}, {"type": "Feature", "geometry": {"type": "Point", "coordinates": [-93.85521, 41.61506]}, "properties": {"Name": "Hy-Vee, Inc.", "Category": "Food Wholesale / Retail", "Type": "Supermarkets and Other Grocery (except Convenience) Stores", "Address": "1005 E Hickman Rd", "City": "Waukee", "County": "Dallas", "Zip": "50263", "ExcessLow": 133.5, "ExcessHigh": 206.48, "UniqueID": "22FWDR618194", "LocationSource": "Census geocoder (non_exact)"}}, {"type": "Feature", "geometry": {"type": "Point", "coordinates": [-92.43853, 41.01512]}, "properties": {"Name": "Hy-Vee, Inc.", "Category": "Food Wholesale / Retail", "Type": "Supermarkets and Other Grocery (except Convenience) Stores", "Address": "1025 N Quincy Ave Ste 2", "City": "Ottumwa", "County": "Wapello", "Zip": "52501", "ExcessLow": 150.0, "ExcessHigh": 232.0, "UniqueID": "22FWDR618783", "LocationSource": "Census geocoder (exact)"}}, {"type": "Feature", "geometry": {"type": "Point", "coordinates": [-94.85156, 42.84685]}, "properties": {"Name": "Hy-Vee, Inc.", "Category": "Food Wholesale / Retail", "Type": "Supermarkets and Other Grocery (except Convenience) Stores", "Address": "113 N 3rd St", "City": "Laurens", "County": "Pocahontas", "Zip": "50554", "ExcessLow": 153.0, "ExcessHigh": 236.64, "UniqueID": "22FWDR619032", "LocationSource": "Census geocoder (exact)"}}, {"type": "Feature", "geometry": {"type": "Point", "coordinates": [-95.84988, 43.18623]}, "properties": {"Name": "Hy-Vee, Inc.", "Category": "Food Wholesale / Retail", "Type": "Supermarkets and Other Grocery (except Convenience) Stores", "Address": "115 N 5th Ave", "City": "Sheldon", "County": "O'Brien", "Zip": "51201", "ExcessLow": 160.5, "ExcessHigh": 248.24, "UniqueID": "22FWDR619124", "LocationSource": "Census geocoder (exact)"}}, {"type": "Feature", "geometry": {"type": "Point", "coordinates": [-94.15819, 42.50514]}, "properties": {"Name": "Hy-Vee, Inc.", "Category": "Food Wholesale / Retail", "Type": "Supermarkets and Other Grocery (except Convenience) Stores", "Address": "115 S 29th St Ste A", "City": "Fort Dodge", "County": "Webster", "Zip": "50501", "ExcessLow": 165.0, "ExcessHigh": 255.2, "UniqueID": "22FWDR619171", "LocationSource": "Census geocoder (non_exact)"}}, {"type": "Feature", "geometry": {"type": "Point", "coordinates": [-92.90303, 41.39684]}, "properties": {"Name": "Hy-Vee, Inc.", "Category": "Food Wholesale / Retail", "Type": "Supermarkets and Other Grocery (except Convenience) Stores", "Address": "118 SE 9th St", "City": "Pella", "County": "Marion", "Zip": "50219", "ExcessLow": 168.0, "ExcessHigh": 259.84, "UniqueID": "22FWDR619213", "LocationSource": "Census geocoder (exact)"}}, {"type": "Feature", "geometry": {"type": "Point", "coordinates": [-95.03774, 40.72729]}, "properties": {"Name": "Hy-Vee, Inc.", "Category": "Food Wholesale / Retail", "Type": "Supermarkets and Other Grocery (except Convenience) Stores", "Address": "1200 S 16th St", "City": "Clarinda", "County": "Page", "Zip": "51632", "ExcessLow": 172.5, "ExcessHigh": 266.8, "UniqueID": "22FWDR619399", "LocationSource": "Census geocoder (exact)"}}, {"type": "Feature", "geometry": {"type": "Point", "coordinates": [-96.18346, 42.77868]}, "properties": {"Name": "Hy-Vee, Inc.", "Category": "Food Wholesale / Retail", "Type": "Supermarkets and Other Grocery (except Convenience) Stores", "Address": "1201 12th Ave SW", "City": "Le Mars", "County": "Plymouth", "Zip": "51031", "ExcessLow": 174.0, "ExcessHigh": 269.12, "UniqueID": "22FWDR619420", "LocationSource": "Census geocoder (exact)"}}, {"type": "Feature", "geometry": {"type": "Point", "coordinates": [-94.82912, 43.40214]}, "properties": {"Name": "Hy-Vee, Inc.", "Category": "Food Wholesale / Retail", "Type": "Supermarkets and Other Grocery (except Convenience) Stores", "Address": "1221 Central Ave", "City": "Estherville", "County": "Emmet", "Zip": "51334", "ExcessLow": 187.5, "ExcessHigh": 290.0, "UniqueID": "22FWDR619607", "LocationSource": "Census geocoder (non_exact)"}}, {"type": "Feature", "geometry": {"type": "Point", "coordinates": [-95.20088, 42.65342]}, "properties": {"Name": "Hy-Vee, Inc.", "Category": "Food Wholesale / Retail", "Type": "Supermarkets and Other Grocery (except Convenience) Stores", "Address": "1250 Lake Ave Ste 2", "City": "Storm Lake", "County": "Buena Vista", "Zip": "50588", "ExcessLow": 195.0, "ExcessHigh": 301.6, "UniqueID": "22FWDR619670", "LocationSource": "Census geocoder (non_exact)"}}, {"type": "Feature", "geometry": {"type": "Point", "coordinates": [-92.4754, 42.71258]}, "properties": {"Name": "Hy-Vee, Inc.", "Category": "Food Wholesale / Retail", "Type": "Supermarkets and Other Grocery (except Convenience) Stores", "Address": "1311 4th St SW", "City": "Waverly", "County": "Bremer", "Zip": "50677", "ExcessLow": 225.0, "ExcessHigh": 348.0, "UniqueID": "22FWDR620192", "LocationSource": "Census geocoder (exact)"}}, {"type": "Feature", "geometry": {"type": "Point", "coordinates": [-94.23596, 43.08145]}, "properties": {"Name": "Hy-Vee, Inc.", "Category": "Food Wholesale / Retail", "Type": "Supermarkets and Other Grocery (except Convenience) Stores", "Address": "1500 Highway 169 N", "City": "Algona", "County": "Kossuth", "Zip": "50511", "ExcessLow": 246.0, "ExcessHigh": 380.48, "UniqueID": "22FWDR620594", "LocationSource": "Census geocoder (non_exact)"}}, {"type": "Feature", "geometry": {"type": "Point", "coordinates": [-91.53002, 40.96265]}, "properties": {"Name": "Hy-Vee, Inc.", "Category": "Food Wholesale / Retail", "Type": "Supermarkets and Other Grocery (except Convenience) Stores", "Address": "1700 E Washington St", "City": "Mount Pleasant", "County": "Henry", "Zip": "52641", "ExcessLow": 249.0, "ExcessHigh": 385.12, "UniqueID": "22FWDR620612", "LocationSource": "Census geocoder (exact)"}}, {"type": "Feature", "geometry": {"type": "Point", "coordinates": [-93.80879, 41.59795]}, "properties": {"Name": "Hy-Vee, Inc.", "Category": "Food Wholesale / Retail", "Type": "Supermarkets and Other Grocery (except Convenience) Stores", "Address": "1725 Jordan Creek Pkwy", "City": "West Des Moines", "County": "Polk", "Zip": "50266", "ExcessLow": 249.0, "ExcessHigh": 385.12, "UniqueID": "22FWDR620613", "LocationSource": "Census geocoder (exact)"}}, {"type": "Feature", "geometry": {"type": "Point", "coordinates": [-95.82656, 41.24359]}, "properties": {"Name": "Hy-Vee, Inc.", "Category": "Food Wholesale / Retail", "Type": "Supermarkets and Other Grocery (except Convenience) Stores", "Address": "1745 Madison Ave Ste 1", "City": "Council Bluffs", "County": "Pottawattamie", "Zip": "51503", "ExcessLow": 249.0, "ExcessHigh": 385.12, "UniqueID": "22FWDR620614", "LocationSource": "Census geocoder (exact)"}}, {"type": "Feature", "geometry": {"type": "Point", "coordinates": [-91.69764, 41.97443]}, "properties": {"Name": "Hy-Vee, Inc.", "Category": "Food Wholesale / Retail", "Type": "Supermarkets and Other Grocery (except Convenience) Stores", "Address": "1843 Johnson Ave NW", "City": "Cedar Rapids", "County": "Linn", "Zip": "52405", "ExcessLow": 258.0, "ExcessHigh": 399.04, "UniqueID": "22FWDR620661", "LocationSource": "Census geocoder (exact)"}}, {"type": "Feature", "geometry": {"type": "Point", "coordinates": [-96.17539, 43.05782]}, "properties": {"Name": "Hy-Vee, Inc.", "Category": "Food Wholesale / Retail", "Type": "Supermarkets and Other Grocery (except Convenience) Stores", "Address": "1951 S Main Ave", "City": "Sioux Center", "County": "Sioux", "Zip": "51250", "ExcessLow": 261.0, "ExcessHigh": 403.68, "UniqueID": "22FWDR620668", "LocationSource": "Census geocoder (exact)"}}, {"type": "Feature", "geometry": {"type": "Point", "coordinates": [-95.83096, 43.18609]}, "properties": {"Name": "Hy-Vee, Inc.", "Category": "Food Wholesale / Retail", "Type": "Supermarkets and Other Grocery (except Convenience) Stores", "Address": "1989 Park St", "City": "Sheldon", "County": "O'Brien", "Zip": "51201", "ExcessLow": 264.0, "ExcessHigh": 408.32, "UniqueID": "22FWDR620683", "LocationSource": "Census geocoder (exact)"}}, {"type": "Feature", "geometry": {"type": "Point", "coordinates": [-90.6119, 41.53817]}, "properties": {"Name": "Hy-Vee, Inc.", "Category": "Food Wholesale / Retail", "Type": "Supermarkets and Other Grocery (except Convenience) Stores", "Address": "2351 W Locust St", "City": "Davenport", "County": "Scott", "Zip": "52804", "ExcessLow": 277.5, "ExcessHigh": 429.2, "UniqueID": "22FWDR620721", "LocationSource": "Census geocoder (exact)"}}, {"type": "Feature", "geometry": {"type": "Point", "coordinates": [-91.03554, 41.45021]}, "properties": {"Name": "Hy-Vee, Inc.", "Category": "Food Wholesale / Retail", "Type": "Supermarkets and Other Grocery (except Convenience) Stores", "Address": "2400 2nd Ave", "City": "Muscatine", "County": "Muscatine", "Zip": "52761", "ExcessLow": 289.5, "ExcessHigh": 447.76, "UniqueID": "22FWDR620764", "LocationSource": "Census geocoder (exact)"}}, {"type": "Feature", "geometry": {"type": "Point", "coordinates": [-93.23569, 43.1485]}, "properties": {"Name": "Hy-Vee, Inc.", "Category": "Food Wholesale / Retail", "Type": "Supermarkets and Other Grocery (except Convenience) Stores", "Address": "2400 4th St SW", "City": "Mason City", "County": "Cerro Gordo", "Zip": "50401", "ExcessLow": 300.0, "ExcessHigh": 464.0, "UniqueID": "22FWDR620807", "LocationSource": "Census geocoder (exact)"}}, {"type": "Feature", "geometry": {"type": "Point", "coordinates": [-91.34241, 40.62698]}, "properties": {"Name": "Hy-Vee, Inc.", "Category": "Food Wholesale / Retail", "Type": "Supermarkets and Other Grocery (except Convenience) Stores", "Address": "2606 Avenue L", "City": "Fort Madison", "County": "Lee", "Zip": "52627", "ExcessLow": 300.0, "ExcessHigh": 464.0, "UniqueID": "22FWDR620809", "LocationSource": "Census geocoder (exact)"}}, {"type": "Feature", "geometry": {"type": "Point", "coordinates": [-90.66601, 42.49654]}, "properties": {"Name": "Hy-Vee, Inc.", "Category": "Food Wholesale / Retail", "Type": "Supermarkets and Other Grocery (except Convenience) Stores", "Address": "300 S Locust St", "City": "Dubuque", "County": "Dubuque", "Zip": "52003", "ExcessLow": 336.0, "ExcessHigh": 519.68, "UniqueID": "22FWDR620899", "LocationSource": "Census geocoder (non_exact)"}}, {"type": "Feature", "geometry": {"type": "Point", "coordinates": [-90.72263, 42.49186]}, "properties": {"Name": "Hy-Vee, Inc.", "Category": "Food Wholesale / Retail", "Type": "Supermarkets and Other Grocery (except Convenience) Stores", "Address": "3500 Dodge St Ste 1a", "City": "Dubuque", "County": "Dubuque", "Zip": "52003", "ExcessLow": 360.0, "ExcessHigh": 556.8, "UniqueID": "22FWDR620919", "LocationSource": "Census geocoder (exact)"}}, {"type": "Feature", "geometry": {"type": "Point", "coordinates": [-93.66972, 42.02282]}, "properties": {"Name": "Hy-Vee, Inc.", "Category": "Food Wholesale / Retail", "Type": "Supermarkets and Other Grocery (except Convenience) Stores", "Address": "3800 Lincoln Way", "City": "Ames", "County": "Story", "Zip": "50014", "ExcessLow": 375.0, "ExcessHigh": 580.0, "UniqueID": "22FWDR620947", "LocationSource": "Census geocoder (exact)"}}, {"type": "Feature", "geometry": {"type": "Point", "coordinates": [-93.67178, 42.02281]}, "properties": {"Name": "Hy-Vee, Inc.", "Category": "Food Wholesale / Retail", "Type": "Supermarkets and Other Grocery (except Convenience) Stores", "Address": "4018 Lincoln Way", "City": "Ames", "County": "Story", "Zip": "50014", "ExcessLow": 405.0, "ExcessHigh": 626.4, "UniqueID": "22FWDR620998", "LocationSource": "Census geocoder (exact)"}}, {"type": "Feature", "geometry": {"type": "Point", "coordinates": [-91.61083, 41.97679]}, "properties": {"Name": "Hy-Vee, Inc.", "Category": "Food Wholesale / Retail", "Type": "Supermarkets and Other Grocery (except Convenience) Stores", "Address": "4035 Mount Vernon Rd SE", "City": "Cedar Rapids", "County": "Linn", "Zip": "52403", "ExcessLow": 421.5, "ExcessHigh": 651.92, "UniqueID": "22FWDR621025", "LocationSource": "Census geocoder (exact)"}}, {"type": "Feature", "geometry": {"type": "Point", "coordinates": [-95.74451, 41.04275]}, "properties": {"Name": "Hy-Vee, Inc.", "Category": "Food Wholesale / Retail", "Type": "Supermarkets and Other Grocery (except Convenience) Stores", "Address": "409 S Locust St", "City": "Glenwood", "County": "Mills", "Zip": "51534", "ExcessLow": 426.0, "ExcessHigh": 658.88, "UniqueID": "22FWDR621028", "LocationSource": "Census geocoder (exact)"}}, {"type": "Feature", "geometry": {"type": "Point", "coordinates": [-96.34823, 42.44771]}, "properties": {"Name": "Hy-Vee, Inc.", "Category": "Food Wholesale / Retail", "Type": "Supermarkets and Other Grocery (except Convenience) Stores", "Address": "4500 Sergeant Rd", "City": "Sioux City", "County": "Woodbury", "Zip": "51106", "ExcessLow": 426.0, "ExcessHigh": 658.88, "UniqueID": "22FWDR621029", "LocationSource": "Census geocoder (exact)"}}, {"type": "Feature", "geometry": {"type": "Point", "coordinates": [-92.90011, 41.39715]}, "properties": {"Name": "Hy-Vee, Inc.", "Category": "Food Wholesale / Retail", "Type": "Supermarkets and Other Grocery (except Convenience) Stores", "Address": "512 E Oskaloosa St", "City": "Pella", "County": "Marion", "Zip": "50219", "ExcessLow": 450.0, "ExcessHigh": 696.0, "UniqueID": "22FWDR621050", "LocationSource": "Census geocoder (exact)"}}, {"type": "Feature", "geometry": {"type": "Point", "coordinates": [-93.61026, 42.01588]}, "properties": {"Name": "Hy-Vee, Inc.", "Category": "Food Wholesale / Retail", "Type": "Supermarkets and Other Grocery (except Convenience) Stores", "Address": "538 S Duff Ave", "City": "Ames", "County": "Story", "Zip": "50010", "ExcessLow": 450.0, "ExcessHigh": 696.0, "UniqueID": "22FWDR621052", "LocationSource": "Census geocoder (exact)"}}, {"type": "Feature", "geometry": {"type": "Point", "coordinates": [-92.86792, 40.73703]}, "properties": {"Name": "Hy-Vee, Inc.", "Category": "Food Wholesale / Retail", "Type": "Supermarkets and Other Grocery (except Convenience) Stores", "Address": "609 N 18th St", "City": "Centerville", "County": "Appanoose", "Zip": "52544", "ExcessLow": 477.0, "ExcessHigh": 737.76, "UniqueID": "22FWDR621087", "LocationSource": "Census geocoder (exact)"}}, {"type": "Feature", "geometry": {"type": "Point", "coordinates": [-93.77286, 41.55967]}, "properties": {"Name": "Hy-Vee, Inc.", "Category": "Food Wholesale / Retail", "Type": "Supermarkets and Other Grocery (except Convenience) Stores", "Address": "665 S 51st St", "City": "West Des Moines", "County": "Polk", "Zip": "50265", "ExcessLow": 487.5, "ExcessHigh": 754.0, "UniqueID": "22FWDR621104", "LocationSource": "Census geocoder (exact)"}}, {"type": "Feature", "geometry": {"type": "Point", "coordinates": [-93.7384, 41.62222]}, "properties": {"Name": "Hy-Vee, Inc.", "Category": "Food Wholesale / Retail", "Type": "Supermarkets and Other Grocery (except Convenience) Stores", "Address": "8701 Urbandale Ave", "City": "Urbandale", "County": "Polk", "Zip": "50322", "ExcessLow": 570.0, "ExcessHigh": 881.6, "UniqueID": "22FWDR621157", "LocationSource": "Census geocoder (exact)"}}, {"type": "Feature", "geometry": {"type": "Point", "coordinates": [-90.19315, 41.83669]}, "properties": {"Name": "Hy-Vee, Inc.", "Category": "Food Wholesale / Retail", "Type": "Supermarkets and Other Grocery (except Convenience) Stores", "Address": "901 S 4th St", "City": "Clinton", "County": "Clinton", "Zip": "52732", "ExcessLow": 600.0, "ExcessHigh": 928.0, "UniqueID": "22FWDR621175", "LocationSource": "Census geocoder (exact)"}}, {"type": "Feature", "geometry": {"type": "Point", "coordinates": [-93.5583, 41.36849]}, "properties": {"Name": "Hy-Vee, Inc.", "Category": "Food Wholesale / Retail", "Type": "Supermarkets and Other Grocery (except Convenience) Stores", "Address": "910 N Jefferson Way", "City": "Indianola", "County": "Warren", "Zip": "50125", "ExcessLow": 709.5, "ExcessHigh": 1097.36, "UniqueID": "22FWDR621208", "LocationSource": "Census geocoder (exact)"}}, {"type": "Feature", "geometry": {"type": "Point", "coordinates": [-91.11062, 40.80188]}, "properties": {"Name": "Hy-Vee, Inc.", "Category": "Food Wholesale / Retail", "Type": "Supermarkets and Other Grocery (except Convenience) Stores", "Address": "939 Angular St", "City": "Burlington", "County": "Des Moines", "Zip": "52601", "ExcessLow": 1050.0, "ExcessHigh": 57245.789, "UniqueID": "22FWDR621257", "LocationSource": "Census geocoder (exact)"}}, {"type": "Feature", "geometry": {"type": "Point", "coordinates": [-91.7131, 41.48583]}, "properties": {"Name": "J W'S Foods Inc", "Category": "Food Wholesale / Retail", "Type": "Supermarkets and Other Grocery (except Convenience) Stores", "Address": "122 E Ave", "City": "Kalona", "County": "Washington", "Zip": "52247", "ExcessLow": 19.483, "ExcessHigh": 102.08, "UniqueID": "22FWDR612080", "LocationSource": "Census geocoder (exact)"}}, {"type": "Feature", "geometry": {"type": "Point", "coordinates": [-91.52862, 41.66091]}, "properties": {"Name": "New Pioneers Cooperative Society", "Category": "Food Wholesale / Retail", "Type": "Supermarkets and Other Grocery (except Convenience) Stores", "Address": "22 S Van Buren St", "City": "Iowa City", "County": "Johnson", "Zip": "52240", "ExcessLow": 105.0, "ExcessHigh": 162.4, "UniqueID": "22FWDR617485", "LocationSource": "Census geocoder (exact)"}}, {"type": "Feature", "geometry": {"type": "Point", "coordinates": [-96.16949, 43.43197]}, "properties": {"Name": "Nfcg, L.L.C.", "Category": "Food Wholesale / Retail", "Type": "Supermarkets and Other Grocery (except Convenience) Stores", "Address": "106 N Boone St", "City": "Rock Rapids", "County": "Lyon", "Zip": "51246", "ExcessLow": 82.5, "ExcessHigh": 127.6, "UniqueID": "22FWDR616977", "LocationSource": "Census geocoder (exact)"}}, {"type": "Feature", "geometry": {"type": "Point", "coordinates": [-91.39665, 40.40851]}, "properties": {"Name": "Niemann Foods, Inc.", "Category": "Food Wholesale / Retail", "Type": "Supermarkets and Other Grocery (except Convenience) Stores", "Address": "2122 Main St", "City": "Keokuk", "County": "Lee", "Zip": "52632", "ExcessLow": 249.0, "ExcessHigh": 385.12, "UniqueID": "22FWDR620616", "LocationSource": "Census geocoder (exact)"}}, {"type": "Feature", "geometry": {"type": "Point", "coordinates": [-95.74214, 41.04624]}, "properties": {"Name": "Omaha Fruit & Grocery Inc", "Category": "Food Wholesale / Retail", "Type": "Supermarkets and Other Grocery (except Convenience) Stores", "Address": "421 Sharp St Ste 425", "City": "Glenwood", "County": "Mills", "Zip": "51534", "ExcessLow": 12.643, "ExcessHigh": 111.36, "UniqueID": "22FWDR609003", "LocationSource": "Census geocoder (non_exact)"}}, {"type": "Feature", "geometry": {"type": "Point", "coordinates": [-90.65484, 42.52082]}, "properties": {"Name": "Rainbo Oil Company", "Category": "Food Wholesale / Retail", "Type": "Convenience Stores", "Address": "2255 Kerper Blvd Ste 2", "City": "Dubuque", "County": "Dubuque", "Zip": "52001", "ExcessLow": 75.0, "ExcessHigh": 142.556, "UniqueID": "22FWDR616549", "LocationSource": "Census geocoder (exact)"}}, {"type": "Feature", "geometry": {"type": "Point", "coordinates": [-94.50564, 41.67719]}, "properties": {"Name": "Reinhart Brothers Inc", "Category": "Food Wholesale / Retail", "Type": "Supermarkets and Other Grocery (except Convenience) Stores", "Address": "200 State St", "City": "Guthrie Center", "County": "Guthrie", "Zip": "50115", "ExcessLow": 65.037, "ExcessHigh": 104.4, "UniqueID": "22FWDR616112", "LocationSource": "Census geocoder (exact)"}}, {"type": "Feature", "geometry": {"type": "Point", "coordinates": [-90.36011, 41.58739]}, "properties": {"Name": "Slagles Food Pride", "Category": "Food Wholesale / Retail", "Type": "Supermarkets and Other Grocery (except Convenience) Stores", "Address": "1301 Eagle Ridge Rd", "City": "Le Claire", "County": "Scott", "Zip": "52753", "ExcessLow": 28.513, "ExcessHigh": 208.8, "UniqueID": "22FWDR613951", "LocationSource": "Census geocoder (exact)"}}, {"type": "Feature", "geometry": {"type": "Point", "coordinates": [-93.38076, 43.13638]}, "properties": {"Name": "Spartannash Company", "Category": "Food Wholesale / Retail", "Type": "Supermarkets and Other Grocery (except Convenience) Stores", "Address": "20 S 4th St", "City": "Clear Lake", "County": "Cerro Gordo", "Zip": "50428", "ExcessLow": 72.0, "ExcessHigh": 111.36, "UniqueID": "22FWDR616298", "LocationSource": "Census geocoder (exact)"}}, {"type": "Feature", "geometry": {"type": "Point", "coordinates": [-94.17751, 42.50826]}, "properties": {"Name": "Supervalu Inc.", "Category": "Food Wholesale / Retail", "Type": "Supermarkets and Other Grocery (except Convenience) Stores", "Address": "1513 2nd Ave N", "City": "Fort Dodge", "County": "Webster", "Zip": "50501", "ExcessLow": 147.0, "ExcessHigh": 227.36, "UniqueID": "22FWDR618480", "LocationSource": "Census geocoder (exact)"}}, {"type": "Feature", "geometry": {"type": "Point", "coordinates": [-91.40366, 42.85372]}, "properties": {"Name": "Sure-Save, Inc.", "Category": "Food Wholesale / Retail", "Type": "Supermarkets and Other Grocery (except Convenience) Stores", "Address": "204 S Main St", "City": "Elkader", "County": "Clayton", "Zip": "52043", "ExcessLow": 26.722, "ExcessHigh": 213.44, "UniqueID": "22FWDR613665", "LocationSource": "Census geocoder (exact)"}}, {"type": "Feature", "geometry": {"type": "Point", "coordinates": [-91.60832, 41.6916]}, "properties": {"Name": "Target Stores, Inc.", "Category": "Food Wholesale / Retail", "Type": "Department Stores", "Address": "1441 Coral Ridge Ave", "City": "Coralville", "County": "Johnson", "Zip": "52241", "ExcessLow": 54.0, "ExcessHigh": 100.0, "UniqueID": "22FWDR622657", "LocationSource": "Census geocoder (exact)"}}, {"type": "Feature", "geometry": {"type": "Point", "coordinates": [-93.75209, 41.59821]}, "properties": {"Name": "Target Stores, Inc.", "Category": "Food Wholesale / Retail", "Type": "Department Stores", "Address": "1800 Valley West Dr", "City": "West Des Moines", "County": "Polk", "Zip": "50266", "ExcessLow": 54.0, "ExcessHigh": 100.0, "UniqueID": "22FWDR622703", "LocationSource": "Census geocoder (exact)"}}, {"type": "Feature", "geometry": {"type": "Point", "coordinates": [-91.71608, 41.94472]}, "properties": {"Name": "Target Stores, Inc.", "Category": "Food Wholesale / Retail", "Type": "Department Stores", "Address": "3400 Edgewood Rd SW", "City": "Cedar Rapids", "County": "Linn", "Zip": "52404", "ExcessLow": 54.0, "ExcessHigh": 100.0, "UniqueID": "22FWDR622869", "LocationSource": "Census geocoder (exact)"}}, {"type": "Feature", "geometry": {"type": "Point", "coordinates": [-93.25565, 43.14841]}, "properties": {"Name": "Target Stores, Inc.", "Category": "Food Wholesale / Retail", "Type": "Department Stores", "Address": "3450 4th St SW Ste 2", "City": "Mason City", "County": "Cerro Gordo", "Zip": "50401", "ExcessLow": 54.0, "ExcessHigh": 100.0, "UniqueID": "22FWDR622873", "LocationSource": "Census geocoder (exact)"}}, {"type": "Feature", "geometry": {"type": "Point", "coordinates": [-90.72263, 42.49186]}, "properties": {"Name": "Target Stores, Inc.", "Category": "Food Wholesale / Retail", "Type": "Department Stores", "Address": "3500 Dodge St Ste 8", "City": "Dubuque", "County": "Dubuque", "Zip": "52003", "ExcessLow": 54.0, "ExcessHigh": 100.0, "UniqueID": "22FWDR622875", "LocationSource": "Census geocoder (exact)"}}, {"type": "Feature", "geometry": {"type": "Point", "coordinates": [-95.83742, 41.22083]}, "properties": {"Name": "Target Stores, Inc.", "Category": "Food Wholesale / Retail", "Type": "Department Stores", "Address": "3804 Metro Dr", "City": "Council Bluffs", "County": "Pottawattamie", "Zip": "51501", "ExcessLow": 54.0, "ExcessHigh": 100.0, "UniqueID": "22FWDR622897", "LocationSource": "Census geocoder (exact)"}}, {"type": "Feature", "geometry": {"type": "Point", "coordinates": [-96.33252, 42.45104]}, "properties": {"Name": "Target Stores, Inc.", "Category": "Food Wholesale / Retail", "Type": "Department Stores", "Address": "5775 Sunnybrook Dr", "City": "Sioux City", "County": "Woodbury", "Zip": "51106", "ExcessLow": 54.0, "ExcessHigh": 100.0, "UniqueID": "22FWDR622999", "LocationSource": "Census geocoder (exact)"}}, {"type": "Feature", "geometry": {"type": "Point", "coordinates": [-91.6501, 42.03523]}, "properties": {"Name": "Target Stores, Inc.", "Category": "Food Wholesale / Retail", "Type": "Department Stores", "Address": "1030 Blairs Ferry Rd Ne", "City": "Cedar Rapids", "County": "Linn", "Zip": "52402", "ExcessLow": 81.0, "ExcessHigh": 150.0, "UniqueID": "22FWDR623210", "LocationSource": "Census geocoder (exact)"}}, {"type": "Feature", "geometry": {"type": "Point", "coordinates": [-93.77874, 41.55918]}, "properties": {"Name": "Target Stores, Inc.", "Category": "Food Wholesale / Retail", "Type": "Department Stores", "Address": "5405 Mills Civic Pkwy", "City": "West Des Moines", "County": "Polk", "Zip": "50266", "ExcessLow": 81.0, "ExcessHigh": 150.0, "UniqueID": "22FWDR623234", "LocationSource": "Census geocoder (exact)"}}, {"type": "Feature", "geometry": {"type": "Point", "coordinates": [-93.79518, 41.56079]}, "properties": {"Name": "Trader Joe's Company", "Category": "Food Wholesale / Retail", "Type": "Convenience Stores", "Address": "6305 Mills Civic Pkwy # 2", "City": "West Des Moines", "County": "Polk", "Zip": "50266", "ExcessLow": 82.5, "ExcessHigh": 127.6, "UniqueID": "22FWDR617006", "LocationSource": "Census geocoder (exact)"}}, {"type": "Feature", "geometry": {"type": "Point", "coordinates": [-91.56162, 40.95427]}, "properties": {"Name": "Voss Petroleum Co Inc", "Category": "Food Wholesale / Retail", "Type": "Convenience Stores", "Address": "2443 Ruby Rd", "City": "Mount Pleasant", "County": "Henry", "Zip": "52641", "ExcessLow": 75.0, "ExcessHigh": 141.52, "UniqueID": "22FWDR616592", "LocationSource": "Census geocoder (exact)"}}, {"type": "Feature", "geometry": {"type": "Point", "coordinates": [-93.71852, 41.59643]}, "properties": {"Name": "Walmart Inc.", "Category": "Food Wholesale / Retail", "Type": "Department Stores", "Address": "1001 73rd St", "City": "Des Moines", "County": "Polk", "Zip": "50324", "ExcessLow": 54.0, "ExcessHigh": 100.0, "UniqueID": "22FWDR625135", "LocationSource": "Census geocoder (exact)"}}, {"type": "Feature", "geometry": {"type": "Point", "coordinates": [-91.75183, 43.29095]}, "properties": {"Name": "Walmart Inc.", "Category": "Food Wholesale / Retail", "Type": "Department Stores", "Address": "1798 Old Sage Rd", "City": "Decorah", "County": "Winneshiek", "Zip": "52101", "ExcessLow": 54.0, "ExcessHigh": 100.0, "UniqueID": "22FWDR625194", "LocationSource": "Census geocoder (non_exact)"}}, {"type": "Feature", "geometry": {"type": "Point", "coordinates": [-93.79838, 41.02517]}, "properties": {"Name": "Walmart Inc.", "Category": "Food Wholesale / Retail", "Type": "Department Stores", "Address": "2400 College Dr", "City": "Osceola", "County": "Clarke", "Zip": "50213", "ExcessLow": 54.0, "ExcessHigh": 100.0, "UniqueID": "22FWDR625244", "LocationSource": "Census geocoder (exact)"}}, {"type": "Feature", "geometry": {"type": "Point", "coordinates": [-96.17929, 43.06069]}, "properties": {"Name": "Walmart Inc.", "Category": "Food Wholesale / Retail", "Type": "Department Stores", "Address": "255 16th St SW", "City": "Sioux Center", "County": "Sioux", "Zip": "51250", "ExcessLow": 59.4, "ExcessHigh": 110.0, "UniqueID": "22FWDR625433", "LocationSource": "Census geocoder (exact)"}}, {"type": "Feature", "geometry": {"type": "Point", "coordinates": [-95.38505, 40.7613]}, "properties": {"Name": "Walmart Inc.", "Category": "Food Wholesale / Retail", "Type": "Department Stores", "Address": "705 S Fremont St", "City": "Shenandoah", "County": "Page", "Zip": "51601", "ExcessLow": 63.45, "ExcessHigh": 117.5, "UniqueID": "22FWDR625501", "LocationSource": "Census geocoder (exact)"}}, {"type": "Feature", "geometry": {"type": "Point", "coordinates": [-93.55832, 41.37142]}, "properties": {"Name": "Walmart Inc.", "Category": "Food Wholesale / Retail", "Type": "Department Stores", "Address": "1500 N Jefferson Way", "City": "Indianola", "County": "Warren", "Zip": "50125", "ExcessLow": 67.5, "ExcessHigh": 125.0, "UniqueID": "22FWDR625566", "LocationSource": "Census geocoder (exact)"}}, {"type": "Feature", "geometry": {"type": "Point", "coordinates": [-92.66558, 41.29627]}, "properties": {"Name": "Walmart Inc.", "Category": "Food Wholesale / Retail", "Type": "Department Stores", "Address": "2203 Ave A W", "City": "Oskaloosa", "County": "Mahaska", "Zip": "52577", "ExcessLow": 67.5, "ExcessHigh": 125.0, "UniqueID": "22FWDR625593", "LocationSource": "Census geocoder (non_exact)"}}, {"type": "Feature", "geometry": {"type": "Point", "coordinates": [-95.84745, 41.22812]}, "properties": {"Name": "Walmart Inc.", "Category": "Food Wholesale / Retail", "Type": "Department Stores", "Address": "3201 Manawa Centre Dr", "City": "Council Bluffs", "County": "Pottawattamie", "Zip": "51501", "ExcessLow": 69.66, "ExcessHigh": 129.0, "UniqueID": "22FWDR625680", "LocationSource": "Census geocoder (exact)"}}, {"type": "Feature", "geometry": {"type": "Point", "coordinates": [-94.98782, 41.4038]}, "properties": {"Name": "Walmart Inc.", "Category": "Food Wholesale / Retail", "Type": "Department Stores", "Address": "1905 E 7th St", "City": "Atlantic", "County": "Cass", "Zip": "50022", "ExcessLow": 70.47, "ExcessHigh": 130.5, "UniqueID": "22FWDR625751", "LocationSource": "Census geocoder (exact)"}}, {"type": "Feature", "geometry": {"type": "Point", "coordinates": [-91.6113, 41.69587]}, "properties": {"Name": "Walmart Inc.", "Category": "Food Wholesale / Retail", "Type": "Department Stores", "Address": "2801 Commerce Dr", "City": "Coralville", "County": "Johnson", "Zip": "52241", "ExcessLow": 70.47, "ExcessHigh": 130.5, "UniqueID": "22FWDR625770", "LocationSource": "Census geocoder (exact)"}}, {"type": "Feature", "geometry": {"type": "Point", "coordinates": [-93.62078, 42.05264]}, "properties": {"Name": "Walmart Inc.", "Category": "Food Wholesale / Retail", "Type": "Department Stores", "Address": "3105 Grand Ave", "City": "Ames", "County": "Story", "Zip": "50010", "ExcessLow": 70.47, "ExcessHigh": 130.5, "UniqueID": "22FWDR625773", "LocationSource": "Census geocoder (exact)"}}, {"type": "Feature", "geometry": {"type": "Point", "coordinates": [-96.18539, 42.78089]}, "properties": {"Name": "Walmart Inc.", "Category": "Food Wholesale / Retail", "Type": "Department Stores", "Address": "1111 Holton Dr", "City": "Le Mars", "County": "Plymouth", "Zip": "51031", "ExcessLow": 71.55, "ExcessHigh": 132.5, "UniqueID": "22FWDR625849", "LocationSource": "Census geocoder (exact)"}}, {"type": "Feature", "geometry": {"type": "Point", "coordinates": [-93.77104, 41.68834]}, "properties": {"Name": "Walmart Inc.", "Category": "Food Wholesale / Retail", "Type": "Department Stores", "Address": "2150 E 1st St", "City": "Grimes", "County": "Polk", "Zip": "50111", "ExcessLow": 72.63, "ExcessHigh": 134.5, "UniqueID": "22FWDR625885", "LocationSource": "Census geocoder (exact)"}}, {"type": "Feature", "geometry": {"type": "Point", "coordinates": [-93.58246, 41.70491]}, "properties": {"Name": "Walmart Inc.", "Category": "Food Wholesale / Retail", "Type": "Department Stores", "Address": "1002 SE National Dr", "City": "Ankeny", "County": "Polk", "Zip": "50021", "ExcessLow": 81.0, "ExcessHigh": 150.0, "UniqueID": "22FWDR626155", "LocationSource": "Census geocoder (exact)"}}, {"type": "Feature", "geometry": {"type": "Point", "coordinates": [-91.53346, 40.97411]}, "properties": {"Name": "Walmart Inc.", "Category": "Food Wholesale / Retail", "Type": "Department Stores", "Address": "1501 E Mapleleaf Dr", "City": "Mount Pleasant", "County": "Henry", "Zip": "52641", "ExcessLow": 81.0, "ExcessHigh": 150.0, "UniqueID": "22FWDR626273", "LocationSource": "Census geocoder (exact)"}}, {"type": "Feature", "geometry": {"type": "Point", "coordinates": [-93.0144, 41.69625]}, "properties": {"Name": "Walmart Inc.", "Category": "Food Wholesale / Retail", "Type": "Department Stores", "Address": "300 Iowa Speedway Dr", "City": "Newton", "County": "Jasper", "Zip": "50208", "ExcessLow": 81.0, "ExcessHigh": 150.0, "UniqueID": "22FWDR626458", "LocationSource": "Census geocoder (exact)"}}, {"type": "Feature", "geometry": {"type": "Point", "coordinates": [-96.37304, 42.53027]}, "properties": {"Name": "Walmart Inc.", "Category": "Food Wholesale / Retail", "Type": "Department Stores", "Address": "3101 Floyd Blvd Frnt Main", "City": "Sioux City", "County": "Woodbury", "Zip": "51108", "ExcessLow": 81.0, "ExcessHigh": 150.0, "UniqueID": "22FWDR626475", "LocationSource": "Census geocoder (non_exact)"}}, {"type": "Feature", "geometry": {"type": "Point", "coordinates": [-90.62118, 41.5601]}, "properties": {"Name": "Walmart Inc.", "Category": "Food Wholesale / Retail", "Type": "Department Stores", "Address": "3101 W Kimberly Rd", "City": "Davenport", "County": "Scott", "Zip": "52806", "ExcessLow": 81.0, "ExcessHigh": 150.0, "UniqueID": "22FWDR626476", "LocationSource": "Census geocoder (exact)"}}, {"type": "Feature", "geometry": {"type": "Point", "coordinates": [-96.36426, 42.43604]}, "properties": {"Name": "Walmart Inc.", "Category": "Food Wholesale / Retail", "Type": "Department Stores", "Address": "3400 Singing Hills Blvd", "City": "Sioux City", "County": "Woodbury", "Zip": "51106", "ExcessLow": 81.0, "ExcessHigh": 150.0, "UniqueID": "22FWDR626495", "LocationSource": "Census geocoder (exact)"}}, {"type": "Feature", "geometry": {"type": "Point", "coordinates": [-91.71806, 41.94916]}, "properties": {"Name": "Walmart Inc.", "Category": "Food Wholesale / Retail", "Type": "Department Stores", "Address": "3601 29th Ave SW", "City": "Cedar Rapids", "County": "Linn", "Zip": "52404", "ExcessLow": 81.0, "ExcessHigh": 150.0, "UniqueID": "22FWDR626505", "LocationSource": "Census geocoder (exact)"}}, {"type": "Feature", "geometry": {"type": "Point", "coordinates": [-93.26434, 43.14816]}, "properties": {"Name": "Walmart Inc.", "Category": "Food Wholesale / Retail", "Type": "Department Stores", "Address": "4151 4th St SW", "City": "Mason City", "County": "Cerro Gordo", "Zip": "50401", "ExcessLow": 81.0, "ExcessHigh": 150.0, "UniqueID": "22FWDR626538", "LocationSource": "Census geocoder (exact)"}}, {"type": "Feature", "geometry": {"type": "Point", "coordinates": [-95.15193, 43.12676]}, "properties": {"Name": "Walmart Inc.", "Category": "Food Wholesale / Retail", "Type": "Department Stores", "Address": "500 11th St SW", "City": "Spencer", "County": "Clay", "Zip": "51301", "ExcessLow": 81.0, "ExcessHigh": 150.0, "UniqueID": "22FWDR626578", "LocationSource": "Census geocoder (exact)"}}, {"type": "Feature", "geometry": {"type": "Point", "coordinates": [-92.44136, 42.48507]}, "properties": {"Name": "Walmart Inc.", "Category": "Food Wholesale / Retail", "Type": "Department Stores", "Address": "525 Brandilynn Blvd Ste A", "City": "Cedar Falls", "County": "Black Hawk", "Zip": "50613", "ExcessLow": 81.0, "ExcessHigh": 150.0, "UniqueID": "22FWDR626595", "LocationSource": "Census geocoder (non_exact)"}}, {"type": "Feature", "geometry": {"type": "Point", "coordinates": [-93.10534, 41.30609]}, "properties": {"Name": "Walmart Inc.", "Category": "Food Wholesale / Retail", "Type": "Department Stores", "Address": "814 W Bell Ave", "City": "Knoxville", "County": "Marion", "Zip": "50138", "ExcessLow": 81.0, "ExcessHigh": 150.0, "UniqueID": "22FWDR626691", "LocationSource": "Census geocoder (exact)"}}, {"type": "Feature", "geometry": {"type": "Point", "coordinates": [-92.47579, 42.70216]}, "properties": {"Name": "Walmart Inc.", "Category": "Food Wholesale / Retail", "Type": "Department Stores", "Address": "2700 4th St SW", "City": "Waverly", "County": "Bremer", "Zip": "50677", "ExcessLow": 87.75, "ExcessHigh": 162.5, "UniqueID": "22FWDR626812", "LocationSource": "Census geocoder (exact)"}}, {"type": "Feature", "geometry": {"type": "Point", "coordinates": [-92.33031, 42.46004]}, "properties": {"Name": "Walmart Inc.", "Category": "Food Wholesale / Retail", "Type": "Department Stores", "Address": "1334 Flammang Dr", "City": "Waterloo", "County": "Black Hawk", "Zip": "50702", "ExcessLow": 108.0, "ExcessHigh": 200.0, "UniqueID": "22FWDR627142", "LocationSource": "Census geocoder (exact)"}}, {"type": "Feature", "geometry": {"type": "Point", "coordinates": [-90.24424, 41.81723]}, "properties": {"Name": "Walmart Inc.", "Category": "Food Wholesale / Retail", "Type": "Department Stores", "Address": "2715 S 25th St", "City": "Clinton", "County": "Clinton", "Zip": "52732", "ExcessLow": 108.0, "ExcessHigh": 200.0, "UniqueID": "22FWDR627223", "LocationSource": "Census geocoder (exact)"}}, {"type": "Feature", "geometry": {"type": "Point", "coordinates": [-92.9122, 42.01287]}, "properties": {"Name": "Walmart Inc.", "Category": "Food Wholesale / Retail", "Type": "Department Stores", "Address": "2802 S Center St", "City": "Marshalltown", "County": "Marshall", "Zip": "50158", "ExcessLow": 108.0, "ExcessHigh": 200.0, "UniqueID": "22FWDR627229", "LocationSource": "Census geocoder (exact)"}}, {"type": "Feature", "geometry": {"type": "Point", "coordinates": [-94.15416, 42.50539]}, "properties": {"Name": "Walmart Inc.", "Category": "Food Wholesale / Retail", "Type": "Department Stores", "Address": "3036 1st Ave S Ste A", "City": "Fort Dodge", "County": "Webster", "Zip": "50501", "ExcessLow": 108.0, "ExcessHigh": 200.0, "UniqueID": "22FWDR627242", "LocationSource": "Census geocoder (non_exact)"}}, {"type": "Feature", "geometry": {"type": "Point", "coordinates": [-91.16115, 40.81282]}, "properties": {"Name": "Walmart Inc.", "Category": "Food Wholesale / Retail", "Type": "Department Stores", "Address": "324 W Agency Rd", "City": "West Burlington", "County": "Des Moines", "Zip": "52655", "ExcessLow": 108.0, "ExcessHigh": 200.0, "UniqueID": "22FWDR627254", "LocationSource": "Census geocoder (exact)"}}, {"type": "Feature", "geometry": {"type": "Point", "coordinates": [-93.50234, 41.64412]}, "properties": {"Name": "Walmart Inc.", "Category": "Food Wholesale / Retail", "Type": "Department Stores", "Address": "3501 8th St SW", "City": "Altoona", "County": "Polk", "Zip": "50009", "ExcessLow": 108.0, "ExcessHigh": 200.0, "UniqueID": "22FWDR627264", "LocationSource": "Census geocoder (exact)"}}, {"type": "Feature", "geometry": {"type": "Point", "coordinates": [-93.61026, 42.01603]}, "properties": {"Name": "Walmart Inc.", "Category": "Food Wholesale / Retail", "Type": "Department Stores", "Address": "534 S Duff Ave Ste 101", "City": "Ames", "County": "Story", "Zip": "50010", "ExcessLow": 108.0, "ExcessHigh": 200.0, "UniqueID": "22FWDR627309", "LocationSource": "Census geocoder (exact)"}}, {"type": "Feature", "geometry": {"type": "Point", "coordinates": [-93.7955, 41.5583]}, "properties": {"Name": "Walmart Inc.", "Category": "Food Wholesale / Retail", "Type": "Department Stores", "Address": "6365 Stagecoach Dr", "City": "West Des Moines", "County": "Polk", "Zip": "50266", "ExcessLow": 108.0, "ExcessHigh": 200.0, "UniqueID": "22FWDR627325", "LocationSource": "Census geocoder (exact)"}}, {"type": "Feature", "geometry": {"type": "Point", "coordinates": [-93.59666, 41.5376]}, "properties": {"Name": "Walmart Inc.", "Category": "Food Wholesale / Retail", "Type": "Department Stores", "Address": "5101 SE 14th St", "City": "Des Moines", "County": "Polk", "Zip": "50320", "ExcessLow": 121.5, "ExcessHigh": 225.0, "UniqueID": "22FWDR627495", "LocationSource": "Census geocoder (exact)"}}, {"type": "Feature", "geometry": {"type": "Point", "coordinates": [-90.73547, 42.48944]}, "properties": {"Name": "Walmart Inc.", "Category": "Food Wholesale / Retail", "Type": "Department Stores", "Address": "4200 Dodge St", "City": "Dubuque", "County": "Dubuque", "Zip": "52003", "ExcessLow": 135.0, "ExcessHigh": 250.0, "UniqueID": "22FWDR627712", "LocationSource": "Census geocoder (exact)"}}, {"type": "Feature", "geometry": {"type": "Point", "coordinates": [-92.00726, 41.66287]}, "properties": {"Name": "Williamsburg Super Valu Inc", "Category": "Food Wholesale / Retail", "Type": "Supermarkets and Other Grocery (except Convenience) Stores", "Address": "103 W Walnut St", "City": "Williamsburg", "County": "Iowa", "Zip": "52361", "ExcessLow": 17.67, "ExcessHigh": 155.44, "UniqueID": "22FWDR611477", "LocationSource": "Census geocoder (non_exact)"}}, {"type": "Feature", "geometry": {"type": "Point", "coordinates": [-93.64125, 41.61511]}, "properties": {"Name": "BROADLAWNS MEDICAL CENTER", "Category": "Healthcare Facility", "Type": "GENERAL MEDICAL AND SURGICAL HOSPITALS", "Address": "1801 HICKMAN ROAD", "City": "Des Moines", "County": "Polk", "Zip": "50314", "ExcessLow": 23.26, "ExcessHigh": 124.83, "UniqueID": "22HEA160416", "LocationSource": "Census geocoder (exact)"}}, {"type": "Feature", "geometry": {"type": "Point", "coordinates": [-95.84057, 41.26749]}, "properties": {"Name": "CHI HEALTH MERCY HOSPITAL", "Category": "Healthcare Facility", "Type": "GENERAL MEDICAL AND SURGICAL HOSPITALS", "Address": "800 MERCY DRIVE", "City": "Council Bluffs", "County": "Pottawattamie", "Zip": "51502", "ExcessLow": 32.331, "ExcessHigh": 173.514, "UniqueID": "22HEA161021", "LocationSource": "Census geocoder (non_exact)"}}, {"type": "Feature", "geometry": {"type": "Point", "coordinates": [-92.34504, 42.46433]}, "properties": {"Name": "COVENANT MEDICAL CENTER", "Category": "Healthcare Facility", "Type": "GENERAL MEDICAL AND SURGICAL HOSPITALS", "Address": "3421 WEST 9TH STREET", "City": "Waterloo", "County": "Black Hawk", "Zip": "50702", "ExcessLow": 40.24, "ExcessHigh": 215.956, "UniqueID": "22HEA161377", "LocationSource": "Census geocoder (exact)"}}, {"type": "Feature", "geometry": {"type": "Point", "coordinates": [-90.59564, 41.54545]}, "properties": {"Name": "GENESIS MEDICAL CENTER WEST-DAVENPORT", "Category": "Healthcare Facility", "Type": "GENERAL MEDICAL AND SURGICAL HOSPITALS", "Address": "1401 W CENTRAL PARK AVE", "City": "Davenport", "County": "Scott", "Zip": "52804", "ExcessLow": 58.383, "ExcessHigh": 313.323, "UniqueID": "22HEA161831", "LocationSource": "Census geocoder (exact)"}}, {"type": "Feature", "geometry": {"type": "Point", "coordinates": [-90.55755, 41.54279]}, "properties": {"Name": "GENESIS MEDICAL CENTER-DAVENPORT", "Category": "Healthcare Facility", "Type": "GENERAL MEDICAL AND SURGICAL HOSPITALS", "Address": "1227 EAST RUSHOLME STREET", "City": "Davenport", "County": "Scott", "Zip": "52803", "ExcessLow": 58.383, "ExcessHigh": 313.323, "UniqueID": "22HEA161832", "LocationSource": "Census geocoder (exact)"}}, {"type": "Feature", "geometry": {"type": "Point", "coordinates": [-95.74144, 41.03966]}, "properties": {"Name": "GLENWOOD STATE HOSPITAL SCHOOL", "Category": "Healthcare Facility", "Type": "GENERAL MEDICAL AND SURGICAL HOSPITALS", "Address": "711 SOUTH VINE STREET", "City": "Glenwood", "County": "Mills", "Zip": "51534", "ExcessLow": 98.971, "ExcessHigh": 531.152, "UniqueID": "22HEA162098", "LocationSource": "Census geocoder (exact)"}}, {"type": "Feature", "geometry": {"type": "Point", "coordinates": [-91.17029, 40.81036]}, "properties": {"Name": "GREAT RIVER MEDICAL CENTER", "Category": "Healthcare Facility", "Type": "GENERAL MEDICAL AND SURGICAL HOSPITALS", "Address": "1221 SOUTH GEAR AVENUE", "City": "West Burlington", "County": "Des Moines", "Zip": "52655", "ExcessLow": 24.772, "ExcessHigh": 132.944, "UniqueID": "22HEA160536", "LocationSource": "Census geocoder (exact)"}}, {"type": "Feature", "geometry": {"type": "Point", "coordinates": [-93.61075, 41.60043]}, "properties": {"Name": "IOWA LUTHERAN HOSPITAL", "Category": "Healthcare Facility", "Type": "GENERAL MEDICAL AND SURGICAL HOSPITALS", "Address": "700 UNIVERSITY", "City": "Des Moines", "County": "Polk", "Zip": "50316", "ExcessLow": 26.051, "ExcessHigh": 139.81, "UniqueID": "22HEA160646", "LocationSource": "Census geocoder (non_exact)"}}, {"type": "Feature", "geometry": {"type": "Point", "coordinates": [-93.63238, 41.5907]}, "properties": {"Name": "IOWA METHODIST MEDICAL CENTER", "Category": "Healthcare Facility", "Type": "GENERAL MEDICAL AND SURGICAL HOSPITALS", "Address": "1200 PLEASANT STREET", "City": "Des Moines", "County": "Polk", "Zip": "50308", "ExcessLow": 53.498, "ExcessHigh": 287.109, "UniqueID": "22HEA161750", "LocationSource": "Census geocoder (non_exact)"}}, {"type": "Feature", "geometry": {"type": "Point", "coordinates": [-93.61068, 42.0322]}, "properties": {"Name": "MARY GREELEY MEDICAL CENTER", "Category": "Healthcare Facility", "Type": "GENERAL MEDICAL AND SURGICAL HOSPITALS", "Address": "1111 DUFF AVE", "City": "Ames", "County": "Story", "Zip": "50010", "ExcessLow": 25.586, "ExcessHigh": 137.313, "UniqueID": "22HEA160608", "LocationSource": "Census geocoder (exact)"}}, {"type": "Feature", "geometry": {"type": "Point", "coordinates": [-91.52859, 41.66361]}, "properties": {"Name": "MERCY HOSPITAL", "Category": "Healthcare Facility", "Type": "GENERAL MEDICAL AND SURGICAL HOSPITALS", "Address": "500 EAST MARKET STREET", "City": "Iowa City", "County": "Johnson", "Zip": "52245", "ExcessLow": 27.214, "ExcessHigh": 146.051, "UniqueID": "22HEA160737", "LocationSource": "Census geocoder (exact)"}}, {"type": "Feature", "geometry": {"type": "Point", "coordinates": [-91.65512, 41.97913]}, "properties": {"Name": "MERCY MEDICAL CENTER", "Category": "Healthcare Facility", "Type": "GENERAL MEDICAL AND SURGICAL HOSPITALS", "Address": "701 TENTH STREET SE", "City": "Cedar Rapids", "County": "Linn", "Zip": "52403", "ExcessLow": 52.8, "ExcessHigh": 283.364, "UniqueID": "22HEA161734", "LocationSource": "Census geocoder (exact)"}}, {"type": "Feature", "geometry": {"type": "Point", "coordinates": [-96.4001, 42.49532]}, "properties": {"Name": "MERCY MEDICAL CENTER SIOUX CITY", "Category": "Healthcare Facility", "Type": "GENERAL MEDICAL AND SURGICAL HOSPITALS", "Address": "801 5TH STREET", "City": "Sioux City", "County": "Woodbury", "Zip": "51101", "ExcessLow": 56.289, "ExcessHigh": 302.089, "UniqueID": "22HEA161788", "LocationSource": "Census geocoder (exact)"}}, {"type": "Feature", "geometry": {"type": "Point", "coordinates": [-90.18814, 41.86074]}, "properties": {"Name": "MERCY MEDICAL CENTER-CLINTON", "Category": "Healthcare Facility", "Type": "GENERAL MEDICAL AND SURGICAL HOSPITALS", "Address": "1410 NORTH 4TH STREET", "City": "Clinton", "County": "Clinton", "Zip": "52732", "ExcessLow": 20.352, "ExcessHigh": 109.226, "UniqueID": "22HEA160185", "LocationSource": "Census geocoder (exact)"}}, {"type": "Feature", "geometry": {"type": "Point", "coordinates": [-93.62559, 41.59767]}, "properties": {"Name": "MERCY MEDICAL CENTER-DES MOINES", "Category": "Healthcare Facility", "Type": "GENERAL MEDICAL AND SURGICAL HOSPITALS", "Address": "1111 6TH AVENUE", "City": "Des Moines", "County": "Polk", "Zip": "50314", "ExcessLow": 76.293, "ExcessHigh": 409.442, "UniqueID": "22HEA162004", "LocationSource": "Census geocoder (exact)"}}, {"type": "Feature", "geometry": {"type": "Point", "coordinates": [-90.67418, 42.49315]}, "properties": {"Name": "MERCY MEDICAL CENTER-DUBUQUE", "Category": "Healthcare Facility", "Type": "GENERAL MEDICAL AND SURGICAL HOSPITALS", "Address": "250 MERCY DRIVE", "City": "Dubuque", "County": "Dubuque", "Zip": "52001", "ExcessLow": 35.239, "ExcessHigh": 189.117, "UniqueID": "22HEA161172", "LocationSource": "Census geocoder (exact)"}}, {"type": "Feature", "geometry": {"type": "Point", "coordinates": [-93.21523, 43.14846]}, "properties": {"Name": "MERCY MEDICAL CENTER-NORTH IOWA", "Category": "Healthcare Facility", "Type": "GENERAL MEDICAL AND SURGICAL HOSPITALS", "Address": "1000 FOURTH STREET SW", "City": "Mason City", "County": "Cerro Gordo", "Zip": "50401", "ExcessLow": 40.24, "ExcessHigh": 215.956, "UniqueID": "22HEA161379", "LocationSource": "Census geocoder (exact)"}}, {"type": "Feature", "geometry": {"type": "Point", "coordinates": [-95.83589, 41.26849]}, "properties": {"Name": "METHODIST JENNIE EDMUNDSON", "Category": "Healthcare Facility", "Type": "GENERAL MEDICAL AND SURGICAL HOSPITALS", "Address": "933 EAST PIERCE STREET", "City": "Council Bluffs", "County": "Pottawattamie", "Zip": "51503", "ExcessLow": 27.447, "ExcessHigh": 147.299, "UniqueID": "22HEA160749", "LocationSource": "Census geocoder (exact)"}}, {"type": "Feature", "geometry": {"type": "Point", "coordinates": [-93.26066, 43.15563]}, "properties": {"Name": "NORTH IOWA MEDICAL CENTER WEST CAMPUS", "Category": "Healthcare Facility", "Type": "GENERAL MEDICAL AND SURGICAL HOSPITALS", "Address": "910 NORTH EISENHOWER AVENUE", "City": "Mason City", "County": "Cerro Gordo", "Zip": "50401", "ExcessLow": 27.912, "ExcessHigh": 149.796, "UniqueID": "22HEA160786", "LocationSource": "Census geocoder (exact)"}}, {"type": "Feature", "geometry": {"type": "Point", "coordinates": [-92.39042, 41.02755]}, "properties": {"Name": "OTTUMWA REGIONAL HEALTH CENTER", "Category": "Healthcare Facility", "Type": "GENERAL MEDICAL AND SURGICAL HOSPITALS", "Address": "1001 EAST PENNSYLVANIA", "City": "Ottumwa", "County": "Wapello", "Zip": "52501", "ExcessLow": 25.237, "ExcessHigh": 135.441, "UniqueID": "22HEA160587", "LocationSource": "Census geocoder (non_exact)"}}, {"type": "Feature", "geometry": {"type": "Point", "coordinates": [-91.66048, 41.98491]}, "properties": {"Name": "ST. LUKE'S METHODIST HOSPITAL", "Category": "Healthcare Facility", "Type": "GENERAL MEDICAL AND SURGICAL HOSPITALS", "Address": "1026 A AVENUE NE", "City": "Cedar Rapids", "County": "Linn", "Zip": "52402", "ExcessLow": 62.802, "ExcessHigh": 337.041, "UniqueID": "22HEA161899", "LocationSource": "Census geocoder (exact)"}}, {"type": "Feature", "geometry": {"type": "Point", "coordinates": [-96.40525, 42.51796]}, "properties": {"Name": "ST. LUKES'S REGIONAL MEDICAL CENTER", "Category": "Healthcare Facility", "Type": "GENERAL MEDICAL AND SURGICAL HOSPITALS", "Address": "2720 STONE PARK BOULEVARD", "City": "Sioux City", "County": "Woodbury", "Zip": "51104", "ExcessLow": 40.24, "ExcessHigh": 215.956, "UniqueID": "22HEA161380", "LocationSource": "Census geocoder (exact)"}}, {"type": "Feature", "geometry": {"type": "Point", "coordinates": [-94.19085, 42.49117]}, "properties": {"Name": "TRINITY REGIONAL HOSPITAL", "Category": "Healthcare Facility", "Type": "GENERAL MEDICAL AND SURGICAL HOSPITALS", "Address": "802 SOUTH KENYON ROAD", "City": "Fort Dodge", "County": "Webster", "Zip": "50501", "ExcessLow": 23.26, "ExcessHigh": 124.83, "UniqueID": "22HEA160425", "LocationSource": "Census geocoder (non_exact)"}}, {"type": "Feature", "geometry": {"type": "Point", "coordinates": [-91.54984, 41.65948]}, "properties": {"Name": "UNIVERSITY OF IOWA HOSPITAL & CLINICS", "Category": "Healthcare Facility", "Type": "GENERAL MEDICAL AND SURGICAL HOSPITALS", "Address": "200 HAWKINS DRIVE", "City": "Iowa City", "County": "Johnson", "Zip": "52242", "ExcessLow": 128.279, "ExcessHigh": 688.437, "UniqueID": "22HEA162154", "LocationSource": "Census geocoder (exact)"}}, {"type": "Feature", "geometry": {"type": "Point", "coordinates": [-93.49903, 41.65847]}, "properties": {"Name": "Adventure Lands of America, Inc.", "Category": "Hospitality", "Type": "Hotels (except Casino Hotels) and Motels", "Address": "3300 Adventureland Dr", "City": "Altoona", "County": "Polk", "Zip": "50009", "ExcessLow": 28.125, "ExcessHigh": 148.725, "UniqueID": "HST141521", "LocationSource": "Census geocoder (non_exact)"}}, {"type": "Feature", "geometry": {"type": "Point", "coordinates": [-96.21079, 42.05588]}, "properties": {"Name": "BBC Holdings, LLC", "Category": "Hospitality", "Type": "Casino Hotels", "Address": "17214 210th St", "City": "Onawa", "County": "Monona", "Zip": "51040", "ExcessLow": 31.5, "ExcessHigh": 166.572, "UniqueID": "HST141576", "LocationSource": "Census geocoder (exact)"}}, {"type": "Feature", "geometry": {"type": "Point", "coordinates": [-90.50548, 41.52242]}, "properties": {"Name": "Isle of Capri Bettendorf, L.C.", "Category": "Hospitality", "Type": "Casino Hotels", "Address": "1777 Isle Pkwy", "City": "Bettendorf", "County": "Scott", "Zip": "52722", "ExcessLow": 173.062, "ExcessHigh": 915.154, "UniqueID": "HST142039", "LocationSource": "Census geocoder (exact)"}}]}